-- phpMyAdmin SQL Dump
-- version 5.2.1
-- https://www.phpmyadmin.net/
--
-- Gép: 127.0.0.1
-- Létrehozás ideje: 2025. Ápr 29. 18:03
-- Kiszolgáló verziója: 10.4.32-MariaDB
-- PHP verzió: 8.2.12

SET SQL_MODE = "NO_AUTO_VALUE_ON_ZERO";
START TRANSACTION;
SET time_zone = "+00:00";


/*!40101 SET @OLD_CHARACTER_SET_CLIENT=@@CHARACTER_SET_CLIENT */;
/*!40101 SET @OLD_CHARACTER_SET_RESULTS=@@CHARACTER_SET_RESULTS */;
/*!40101 SET @OLD_COLLATION_CONNECTION=@@COLLATION_CONNECTION */;
/*!40101 SET NAMES utf8mb4 */;

--
-- Adatbázis: `dokumentum_nyt`
--

-- --------------------------------------------------------

--
-- Tábla szerkezet ehhez a táblához `dokumentumoks`
--

CREATE TABLE `dokumentumoks` (
  `dokumentumok_id` bigint(20) UNSIGNED NOT NULL,
  `megvalositasi_helyszin_id` bigint(20) UNSIGNED NOT NULL,
  `elszamolas_id` bigint(20) UNSIGNED NOT NULL,
  `dokumentum_tipus_id` bigint(20) UNSIGNED NOT NULL,
  `eleresi_ut` varchar(255) NOT NULL,
  `kitoltes_datuma` date NOT NULL,
  `feltoltes_idopontja` datetime NOT NULL,
  `ellenorzes_statusza` enum('nincs ellenőrizve','hiánypótlás','elfogadva') NOT NULL DEFAULT 'nincs ellenőrizve',
  `ellenorzes_datuma` date DEFAULT NULL,
  `rogzites_datuma` date DEFAULT NULL,
  `ESZA+_azonosito` varchar(255) DEFAULT NULL,
  `created_at` timestamp NULL DEFAULT NULL,
  `updated_at` timestamp NULL DEFAULT NULL
) ;

-- --------------------------------------------------------

--
-- Tábla szerkezet ehhez a táblához `dokumentum_tipuses`
--

CREATE TABLE `dokumentum_tipuses` (
  `dokumentum_tipus_id` bigint(20) UNSIGNED NOT NULL,
  `elszamolas_tipus_id` bigint(20) UNSIGNED NOT NULL,
  `dokumentum_neve` varchar(255) NOT NULL,
  `created_at` timestamp NULL DEFAULT NULL,
  `updated_at` timestamp NULL DEFAULT NULL
) ENGINE=InnoDB DEFAULT CHARSET=utf8mb4 COLLATE=utf8mb4_unicode_ci;

--
-- A tábla adatainak kiíratása `dokumentum_tipuses`
--

INSERT INTO `dokumentum_tipuses` (`dokumentum_tipus_id`, `elszamolas_tipus_id`, `dokumentum_neve`, `created_at`, `updated_at`) VALUES
(1, 1, 'Ft.„Nyilatkozat szemelyazonossag ellenorzeserol”', NULL, NULL),
(2, 1, 'Ft. “ESZA+ altal finanszirozott programba belepo resztvevok szamara” kerdoiv', NULL, NULL),
(3, 1, 'Ft. Adatkezelesi nyilatkozat', NULL, NULL),
(4, 1, 'Ft. Egyeni Fejlesztesi Terv', NULL, NULL),
(5, 1, 'Ft. Jelenleti iv', NULL, NULL),
(6, 2, 'Ft. Nyilatkozat „legfeljebb also kozepfoku vegzettseggel rendelkezo ugyfel” ', NULL, NULL),
(7, 3, 'Ft. projekt kereteben szerzett bizonyitvany/tanusitvany masolata', NULL, NULL),
(8, 4, 'Ft. Projektbol torteno kilepeskor: „ESZA+ altal finanszirozott programot befejezo resztvevo szamara”', NULL, NULL),
(9, 1, 'K. Adatkezelesi nyilatkozat', NULL, NULL),
(10, 1, 'K. Egyeni Fejlesztesi Terv', NULL, NULL),
(11, 1, 'K. Jelenleti iv', NULL, NULL),
(12, 1, 'KF. Adatkezelesi nyilatkozat', NULL, NULL),
(13, 1, 'KF. Egyeni Fejlesztesi Terv', NULL, NULL),
(14, 1, 'KF. Jelenleti iv', NULL, NULL);

-- --------------------------------------------------------

--
-- Tábla szerkezet ehhez a táblához `elszamolas`
--

CREATE TABLE `elszamolas` (
  `elszamolas_id` bigint(20) UNSIGNED NOT NULL,
  `megvalositasi_helyszin_id` bigint(20) UNSIGNED NOT NULL,
  `ugyfel_id` bigint(20) UNSIGNED NOT NULL,
  `elszamolas_tipus_id` bigint(20) UNSIGNED NOT NULL,
  `ugyfel_tipus_id` bigint(20) UNSIGNED NOT NULL,
  `bevonas_datum` date NOT NULL,
  `elszamolhatosag_datum` date DEFAULT NULL,
  `elszamolhatosag_allapota` enum('nem elszámolható','korábban elszámolható','elszámolható') NOT NULL,
  `elszamolas_datum` date DEFAULT NULL,
  `created_at` timestamp NULL DEFAULT NULL,
  `updated_at` timestamp NULL DEFAULT NULL
) ;

--
-- A tábla adatainak kiíratása `elszamolas`
--

INSERT INTO `elszamolas` (`elszamolas_id`, `megvalositasi_helyszin_id`, `ugyfel_id`, `elszamolas_tipus_id`, `ugyfel_tipus_id`, `bevonas_datum`, `elszamolhatosag_datum`, `elszamolhatosag_allapota`, `elszamolas_datum`, `created_at`, `updated_at`) VALUES
(1, 36, 87, 4, 13, '2025-01-19', '2025-01-31', 'nem elszámolható', NULL, '2025-04-29 14:00:58', '2025-04-29 14:00:58'),
(2, 36, 158, 3, 10, '2024-10-01', NULL, 'nem elszámolható', NULL, '2025-04-29 14:00:58', '2025-04-29 14:00:58'),
(3, 23, 5, 2, 10, '2025-03-30', NULL, 'nem elszámolható', NULL, '2025-04-29 14:00:58', '2025-04-29 14:00:58'),
(4, 25, 25, 3, 10, '2025-01-11', '2025-02-23', 'nem elszámolható', NULL, '2025-04-29 14:00:58', '2025-04-29 14:00:58'),
(5, 41, 30, 1, 1, '2024-10-16', NULL, 'nem elszámolható', NULL, '2025-04-29 14:00:58', '2025-04-29 14:00:58'),
(6, 45, 153, 4, 10, '2025-04-14', NULL, 'nem elszámolható', NULL, '2025-04-29 14:00:58', '2025-04-29 14:00:58'),
(7, 6, 119, 3, 2, '2025-03-17', '2025-04-28', 'nem elszámolható', NULL, '2025-04-29 14:00:58', '2025-04-29 14:00:58'),
(8, 7, 61, 1, 13, '2025-03-16', NULL, 'nem elszámolható', NULL, '2025-04-29 14:00:58', '2025-04-29 14:00:58'),
(9, 11, 40, 4, 5, '2025-02-11', NULL, 'nem elszámolható', NULL, '2025-04-29 14:00:58', '2025-04-29 14:00:58'),
(10, 6, 108, 4, 15, '2025-02-04', NULL, 'nem elszámolható', '2025-01-15', '2025-04-29 14:00:58', '2025-04-29 14:00:58'),
(11, 9, 77, 2, 4, '2025-04-01', NULL, 'nem elszámolható', '2025-01-15', '2025-04-29 14:00:58', '2025-04-29 14:00:58'),
(12, 3, 81, 2, 1, '2024-12-17', NULL, 'nem elszámolható', NULL, '2025-04-29 14:00:58', '2025-04-29 14:00:58'),
(13, 13, 11, 3, 8, '2024-12-14', NULL, 'nem elszámolható', '2025-01-15', '2025-04-29 14:00:58', '2025-04-29 14:00:58'),
(14, 11, 43, 1, 3, '2025-04-24', NULL, 'nem elszámolható', NULL, '2025-04-29 14:00:58', '2025-04-29 14:00:58'),
(15, 30, 25, 1, 8, '2024-11-19', NULL, 'nem elszámolható', NULL, '2025-04-29 14:00:58', '2025-04-29 14:00:58'),
(16, 30, 164, 3, 1, '2024-12-01', '2025-04-21', 'nem elszámolható', '2025-01-15', '2025-04-29 14:00:58', '2025-04-29 14:00:58'),
(17, 5, 182, 3, 12, '2024-10-11', '2024-10-27', 'nem elszámolható', '2025-01-15', '2025-04-29 14:00:58', '2025-04-29 14:00:58'),
(18, 31, 95, 1, 1, '2025-04-03', '2025-04-07', 'nem elszámolható', '2025-01-15', '2025-04-29 14:00:58', '2025-04-29 14:00:58'),
(19, 8, 163, 3, 7, '2025-03-26', NULL, 'nem elszámolható', '2025-01-15', '2025-04-29 14:00:58', '2025-04-29 14:00:58'),
(20, 27, 120, 1, 7, '2025-01-18', NULL, 'nem elszámolható', NULL, '2025-04-29 14:00:58', '2025-04-29 14:00:58'),
(21, 46, 131, 2, 6, '2024-10-23', NULL, 'nem elszámolható', NULL, '2025-04-29 14:00:58', '2025-04-29 14:00:58'),
(22, 50, 26, 2, 12, '2024-12-31', NULL, 'nem elszámolható', NULL, '2025-04-29 14:00:58', '2025-04-29 14:00:58'),
(23, 25, 78, 4, 8, '2025-04-21', '2025-04-22', 'nem elszámolható', '2025-01-15', '2025-04-29 14:00:58', '2025-04-29 14:00:58'),
(24, 23, 39, 1, 13, '2025-02-15', '2025-03-25', 'nem elszámolható', NULL, '2025-04-29 14:00:58', '2025-04-29 14:00:58'),
(25, 14, 101, 1, 2, '2024-12-12', '2025-02-25', 'nem elszámolható', '2025-01-15', '2025-04-29 14:00:58', '2025-04-29 14:00:58'),
(26, 34, 56, 4, 3, '2025-02-27', '2025-04-10', 'nem elszámolható', NULL, '2025-04-29 14:00:58', '2025-04-29 14:00:58'),
(27, 45, 173, 2, 14, '2024-11-25', '2025-01-19', 'nem elszámolható', '2025-01-15', '2025-04-29 14:00:58', '2025-04-29 14:00:58'),
(28, 27, 119, 4, 9, '2024-10-22', '2024-12-16', 'nem elszámolható', '2025-01-15', '2025-04-29 14:00:58', '2025-04-29 14:00:58'),
(29, 10, 190, 4, 3, '2024-12-14', NULL, 'nem elszámolható', '2025-01-15', '2025-04-29 14:00:58', '2025-04-29 14:00:58'),
(30, 33, 195, 1, 9, '2024-11-06', '2025-02-18', 'nem elszámolható', '2025-01-15', '2025-04-29 14:00:58', '2025-04-29 14:00:58'),
(31, 26, 65, 2, 3, '2025-04-26', '2025-04-27', 'nem elszámolható', NULL, '2025-04-29 14:00:58', '2025-04-29 14:00:58'),
(32, 4, 78, 4, 8, '2025-03-02', NULL, 'nem elszámolható', '2025-01-15', '2025-04-29 14:00:58', '2025-04-29 14:00:58'),
(33, 46, 178, 3, 14, '2025-02-27', '2025-03-22', 'nem elszámolható', NULL, '2025-04-29 14:00:58', '2025-04-29 14:00:58'),
(34, 48, 41, 2, 10, '2025-01-21', '2025-03-21', 'nem elszámolható', '2025-01-15', '2025-04-29 14:00:58', '2025-04-29 14:00:58'),
(35, 21, 63, 1, 3, '2025-01-22', '2025-04-24', 'nem elszámolható', '2025-01-15', '2025-04-29 14:00:58', '2025-04-29 14:00:58'),
(36, 18, 114, 2, 11, '2024-09-28', '2024-12-16', 'nem elszámolható', NULL, '2025-04-29 14:00:58', '2025-04-29 14:00:58'),
(37, 23, 69, 1, 5, '2025-01-13', '2025-03-16', 'nem elszámolható', NULL, '2025-04-29 14:00:58', '2025-04-29 14:00:58'),
(38, 25, 23, 1, 9, '2025-01-02', '2025-02-17', 'nem elszámolható', NULL, '2025-04-29 14:00:58', '2025-04-29 14:00:58'),
(39, 7, 36, 2, 15, '2024-09-27', '2025-03-09', 'nem elszámolható', '2025-01-15', '2025-04-29 14:00:58', '2025-04-29 14:00:58'),
(40, 20, 52, 2, 4, '2025-03-01', '2025-03-09', 'nem elszámolható', '2025-01-15', '2025-04-29 14:00:58', '2025-04-29 14:00:58'),
(41, 7, 163, 1, 9, '2025-01-16', '2025-02-02', 'nem elszámolható', NULL, '2025-04-29 14:00:58', '2025-04-29 14:00:58'),
(42, 33, 138, 2, 3, '2024-09-26', NULL, 'nem elszámolható', '2025-01-15', '2025-04-29 14:00:58', '2025-04-29 14:00:58'),
(43, 29, 124, 3, 11, '2024-12-19', NULL, 'nem elszámolható', '2025-01-15', '2025-04-29 14:00:58', '2025-04-29 14:00:58'),
(44, 10, 84, 2, 6, '2025-03-21', NULL, 'nem elszámolható', '2025-01-15', '2025-04-29 14:00:58', '2025-04-29 14:00:58'),
(45, 45, 168, 4, 9, '2025-04-12', '2025-04-13', 'nem elszámolható', NULL, '2025-04-29 14:00:58', '2025-04-29 14:00:58'),
(46, 15, 74, 1, 15, '2024-12-11', NULL, 'nem elszámolható', NULL, '2025-04-29 14:00:58', '2025-04-29 14:00:58'),
(47, 25, 142, 4, 5, '2025-01-19', '2025-02-10', 'nem elszámolható', NULL, '2025-04-29 14:00:58', '2025-04-29 14:00:58'),
(48, 48, 14, 3, 9, '2025-02-02', NULL, 'nem elszámolható', '2025-01-15', '2025-04-29 14:00:58', '2025-04-29 14:00:58'),
(49, 6, 102, 4, 1, '2025-02-11', '2025-04-09', 'nem elszámolható', NULL, '2025-04-29 14:00:58', '2025-04-29 14:00:58'),
(50, 18, 196, 1, 1, '2025-04-18', '2025-04-18', 'nem elszámolható', NULL, '2025-04-29 14:00:58', '2025-04-29 14:00:58'),
(51, 31, 193, 3, 9, '2025-01-01', '2025-03-16', 'nem elszámolható', '2025-01-15', '2025-04-29 14:00:58', '2025-04-29 14:00:58'),
(52, 48, 72, 1, 10, '2024-09-17', '2025-03-22', 'nem elszámolható', '2025-01-15', '2025-04-29 14:00:58', '2025-04-29 14:00:58'),
(53, 50, 134, 2, 8, '2025-04-29', NULL, 'nem elszámolható', '2025-01-15', '2025-04-29 14:00:58', '2025-04-29 14:00:58'),
(54, 28, 31, 1, 8, '2024-10-08', NULL, 'nem elszámolható', NULL, '2025-04-29 14:00:58', '2025-04-29 14:00:58'),
(55, 14, 190, 2, 11, '2025-04-11', NULL, 'nem elszámolható', '2025-01-15', '2025-04-29 14:00:58', '2025-04-29 14:00:58'),
(56, 14, 122, 3, 5, '2025-04-06', NULL, 'nem elszámolható', NULL, '2025-04-29 14:00:58', '2025-04-29 14:00:58'),
(57, 9, 44, 1, 9, '2025-02-06', NULL, 'nem elszámolható', NULL, '2025-04-29 14:00:58', '2025-04-29 14:00:58'),
(58, 17, 77, 3, 12, '2024-11-14', '2025-02-05', 'nem elszámolható', '2025-01-15', '2025-04-29 14:00:58', '2025-04-29 14:00:58'),
(59, 27, 92, 2, 1, '2024-12-28', '2025-02-16', 'nem elszámolható', '2025-01-15', '2025-04-29 14:00:58', '2025-04-29 14:00:58'),
(60, 13, 187, 1, 5, '2024-09-27', '2024-12-07', 'nem elszámolható', NULL, '2025-04-29 14:00:58', '2025-04-29 14:00:58'),
(61, 46, 155, 3, 6, '2024-09-16', '2025-01-05', 'nem elszámolható', NULL, '2025-04-29 14:00:58', '2025-04-29 14:00:58'),
(62, 41, 12, 1, 12, '2025-04-27', '2025-04-29', 'nem elszámolható', NULL, '2025-04-29 14:00:58', '2025-04-29 14:00:58'),
(63, 24, 142, 1, 2, '2025-02-16', NULL, 'nem elszámolható', '2025-01-15', '2025-04-29 14:00:58', '2025-04-29 14:00:58'),
(64, 43, 22, 2, 10, '2024-12-19', '2025-01-27', 'nem elszámolható', NULL, '2025-04-29 14:00:58', '2025-04-29 14:00:58'),
(65, 19, 65, 3, 14, '2024-11-07', '2025-02-21', 'nem elszámolható', '2025-01-15', '2025-04-29 14:00:58', '2025-04-29 14:00:58'),
(66, 46, 14, 1, 3, '2024-10-07', NULL, 'nem elszámolható', '2025-01-15', '2025-04-29 14:00:58', '2025-04-29 14:00:58'),
(67, 42, 11, 3, 1, '2025-02-19', NULL, 'nem elszámolható', '2025-01-15', '2025-04-29 14:00:58', '2025-04-29 14:00:58'),
(68, 8, 161, 4, 4, '2024-10-11', NULL, 'nem elszámolható', '2025-01-15', '2025-04-29 14:00:58', '2025-04-29 14:00:58'),
(69, 10, 112, 2, 4, '2025-01-03', NULL, 'nem elszámolható', NULL, '2025-04-29 14:00:58', '2025-04-29 14:00:58'),
(70, 2, 145, 3, 11, '2025-04-01', '2025-04-14', 'nem elszámolható', NULL, '2025-04-29 14:00:58', '2025-04-29 14:00:58'),
(71, 16, 150, 1, 11, '2025-02-13', NULL, 'nem elszámolható', '2025-01-15', '2025-04-29 14:00:58', '2025-04-29 14:00:58'),
(72, 52, 29, 4, 3, '2025-01-02', '2025-03-19', 'nem elszámolható', NULL, '2025-04-29 14:00:58', '2025-04-29 14:00:58'),
(73, 11, 97, 2, 10, '2025-02-10', NULL, 'nem elszámolható', NULL, '2025-04-29 14:00:58', '2025-04-29 14:00:58'),
(74, 2, 135, 3, 3, '2025-02-14', NULL, 'nem elszámolható', '2025-01-15', '2025-04-29 14:00:58', '2025-04-29 14:00:58'),
(75, 37, 39, 4, 6, '2024-10-11', NULL, 'nem elszámolható', NULL, '2025-04-29 14:00:58', '2025-04-29 14:00:58'),
(76, 48, 31, 4, 14, '2024-11-06', '2024-11-22', 'nem elszámolható', NULL, '2025-04-29 14:00:58', '2025-04-29 14:00:58'),
(77, 4, 148, 2, 2, '2025-04-19', NULL, 'nem elszámolható', '2025-01-15', '2025-04-29 14:00:58', '2025-04-29 14:00:58'),
(78, 18, 78, 3, 1, '2024-10-02', NULL, 'nem elszámolható', NULL, '2025-04-29 14:00:58', '2025-04-29 14:00:58'),
(79, 10, 37, 3, 10, '2024-12-15', '2025-02-26', 'nem elszámolható', NULL, '2025-04-29 14:00:58', '2025-04-29 14:00:58'),
(80, 32, 106, 1, 1, '2025-04-21', '2025-04-21', 'nem elszámolható', NULL, '2025-04-29 14:00:58', '2025-04-29 14:00:58'),
(81, 28, 96, 3, 2, '2024-10-19', NULL, 'nem elszámolható', '2025-01-15', '2025-04-29 14:00:58', '2025-04-29 14:00:58'),
(82, 19, 11, 3, 11, '2025-04-11', NULL, 'nem elszámolható', '2025-01-15', '2025-04-29 14:00:58', '2025-04-29 14:00:58'),
(83, 45, 9, 2, 4, '2025-02-16', NULL, 'nem elszámolható', '2025-01-15', '2025-04-29 14:00:58', '2025-04-29 14:00:58'),
(84, 7, 169, 2, 11, '2024-10-26', '2025-04-29', 'nem elszámolható', '2025-01-15', '2025-04-29 14:00:58', '2025-04-29 14:00:58'),
(85, 23, 137, 3, 15, '2024-10-27', NULL, 'nem elszámolható', '2025-01-15', '2025-04-29 14:00:58', '2025-04-29 14:00:58'),
(86, 34, 95, 4, 14, '2025-03-24', NULL, 'nem elszámolható', '2025-01-15', '2025-04-29 14:00:58', '2025-04-29 14:00:58'),
(87, 41, 23, 4, 5, '2024-10-15', NULL, 'nem elszámolható', '2025-01-15', '2025-04-29 14:00:58', '2025-04-29 14:00:58'),
(88, 44, 89, 1, 11, '2025-01-05', '2025-02-02', 'nem elszámolható', '2025-01-15', '2025-04-29 14:00:58', '2025-04-29 14:00:58'),
(89, 14, 162, 3, 5, '2024-09-18', '2025-01-13', 'nem elszámolható', NULL, '2025-04-29 14:00:58', '2025-04-29 14:00:58'),
(90, 19, 35, 1, 4, '2024-11-16', '2025-02-19', 'nem elszámolható', NULL, '2025-04-29 14:00:58', '2025-04-29 14:00:58'),
(91, 41, 179, 2, 11, '2024-10-27', NULL, 'nem elszámolható', '2025-01-15', '2025-04-29 14:00:58', '2025-04-29 14:00:58'),
(92, 22, 40, 1, 10, '2025-03-04', '2025-04-17', 'nem elszámolható', NULL, '2025-04-29 14:00:58', '2025-04-29 14:00:58'),
(93, 51, 104, 4, 12, '2024-12-26', NULL, 'nem elszámolható', NULL, '2025-04-29 14:00:58', '2025-04-29 14:00:58'),
(94, 15, 29, 4, 15, '2024-09-20', NULL, 'nem elszámolható', '2025-01-15', '2025-04-29 14:00:58', '2025-04-29 14:00:58'),
(95, 42, 120, 2, 3, '2025-02-01', NULL, 'nem elszámolható', '2025-01-15', '2025-04-29 14:00:58', '2025-04-29 14:00:58'),
(96, 21, 200, 3, 14, '2024-11-02', '2025-03-01', 'nem elszámolható', NULL, '2025-04-29 14:00:58', '2025-04-29 14:00:58'),
(97, 4, 70, 4, 8, '2024-11-08', NULL, 'nem elszámolható', '2025-01-15', '2025-04-29 14:00:58', '2025-04-29 14:00:58'),
(98, 36, 159, 2, 14, '2025-01-16', '2025-02-02', 'nem elszámolható', NULL, '2025-04-29 14:00:58', '2025-04-29 14:00:58'),
(99, 51, 153, 1, 15, '2024-12-26', NULL, 'nem elszámolható', '2025-01-15', '2025-04-29 14:00:58', '2025-04-29 14:00:58'),
(100, 1, 29, 4, 15, '2025-02-12', '2025-04-26', 'nem elszámolható', NULL, '2025-04-29 14:00:58', '2025-04-29 14:00:58'),
(101, 33, 77, 1, 14, '2025-02-10', NULL, 'nem elszámolható', NULL, '2025-04-29 14:00:58', '2025-04-29 14:00:58'),
(102, 8, 170, 4, 2, '2024-11-13', '2025-03-13', 'nem elszámolható', '2025-01-15', '2025-04-29 14:00:58', '2025-04-29 14:00:58'),
(103, 8, 23, 4, 15, '2025-04-07', NULL, 'nem elszámolható', '2025-01-15', '2025-04-29 14:00:58', '2025-04-29 14:00:58'),
(104, 12, 17, 2, 7, '2025-03-31', '2025-04-24', 'nem elszámolható', '2025-01-15', '2025-04-29 14:00:58', '2025-04-29 14:00:58'),
(105, 4, 178, 4, 5, '2025-04-03', '2025-04-24', 'nem elszámolható', NULL, '2025-04-29 14:00:58', '2025-04-29 14:00:58'),
(106, 38, 18, 4, 7, '2024-10-07', NULL, 'nem elszámolható', '2025-01-15', '2025-04-29 14:00:58', '2025-04-29 14:00:58'),
(107, 48, 79, 2, 13, '2025-01-15', '2025-03-03', 'nem elszámolható', '2025-01-15', '2025-04-29 14:00:58', '2025-04-29 14:00:58'),
(108, 3, 153, 2, 6, '2024-10-26', NULL, 'nem elszámolható', NULL, '2025-04-29 14:00:59', '2025-04-29 14:00:59'),
(109, 45, 113, 4, 14, '2025-02-21', '2025-03-31', 'nem elszámolható', '2025-01-15', '2025-04-29 14:00:59', '2025-04-29 14:00:59'),
(110, 38, 147, 3, 12, '2025-03-16', NULL, 'nem elszámolható', NULL, '2025-04-29 14:00:59', '2025-04-29 14:00:59'),
(111, 47, 71, 4, 13, '2025-02-17', '2025-04-17', 'nem elszámolható', NULL, '2025-04-29 14:00:59', '2025-04-29 14:00:59'),
(112, 39, 55, 3, 15, '2024-11-16', NULL, 'nem elszámolható', '2025-01-15', '2025-04-29 14:00:59', '2025-04-29 14:00:59'),
(113, 12, 118, 1, 8, '2025-02-10', NULL, 'nem elszámolható', '2025-01-15', '2025-04-29 14:00:59', '2025-04-29 14:00:59'),
(114, 50, 80, 4, 10, '2025-02-04', NULL, 'nem elszámolható', NULL, '2025-04-29 14:00:59', '2025-04-29 14:00:59'),
(115, 5, 38, 3, 13, '2025-04-15', NULL, 'nem elszámolható', NULL, '2025-04-29 14:00:59', '2025-04-29 14:00:59'),
(116, 43, 139, 1, 10, '2025-02-18', NULL, 'nem elszámolható', NULL, '2025-04-29 14:00:59', '2025-04-29 14:00:59'),
(117, 23, 168, 3, 13, '2024-10-27', '2024-10-30', 'nem elszámolható', NULL, '2025-04-29 14:00:59', '2025-04-29 14:00:59'),
(118, 15, 109, 2, 8, '2024-11-26', NULL, 'nem elszámolható', '2025-01-15', '2025-04-29 14:00:59', '2025-04-29 14:00:59'),
(119, 41, 135, 1, 8, '2024-11-14', NULL, 'nem elszámolható', NULL, '2025-04-29 14:00:59', '2025-04-29 14:00:59'),
(120, 26, 105, 3, 11, '2025-01-01', NULL, 'nem elszámolható', NULL, '2025-04-29 14:00:59', '2025-04-29 14:00:59'),
(121, 2, 90, 4, 1, '2025-02-12', '2025-04-02', 'nem elszámolható', '2025-01-15', '2025-04-29 14:00:59', '2025-04-29 14:00:59'),
(122, 28, 14, 1, 12, '2025-01-10', NULL, 'nem elszámolható', NULL, '2025-04-29 14:00:59', '2025-04-29 14:00:59'),
(123, 41, 59, 3, 15, '2025-03-10', NULL, 'nem elszámolható', NULL, '2025-04-29 14:00:59', '2025-04-29 14:00:59'),
(124, 35, 26, 1, 2, '2025-02-02', NULL, 'nem elszámolható', NULL, '2025-04-29 14:00:59', '2025-04-29 14:00:59'),
(125, 7, 40, 1, 14, '2024-12-02', NULL, 'nem elszámolható', NULL, '2025-04-29 14:00:59', '2025-04-29 14:00:59'),
(126, 31, 120, 1, 9, '2025-04-15', NULL, 'nem elszámolható', NULL, '2025-04-29 14:00:59', '2025-04-29 14:00:59'),
(127, 11, 11, 2, 3, '2024-12-13', '2025-04-07', 'nem elszámolható', NULL, '2025-04-29 14:00:59', '2025-04-29 14:00:59'),
(128, 33, 84, 1, 10, '2025-02-20', '2025-02-20', 'nem elszámolható', NULL, '2025-04-29 14:00:59', '2025-04-29 14:00:59'),
(129, 19, 169, 2, 11, '2025-01-12', '2025-03-01', 'nem elszámolható', NULL, '2025-04-29 14:00:59', '2025-04-29 14:00:59'),
(130, 35, 61, 4, 10, '2025-02-04', NULL, 'nem elszámolható', '2025-01-15', '2025-04-29 14:00:59', '2025-04-29 14:00:59'),
(131, 28, 111, 2, 5, '2025-01-04', '2025-03-01', 'nem elszámolható', NULL, '2025-04-29 14:00:59', '2025-04-29 14:00:59'),
(132, 17, 54, 3, 6, '2025-04-20', '2025-04-21', 'nem elszámolható', '2025-01-15', '2025-04-29 14:00:59', '2025-04-29 14:00:59'),
(133, 49, 24, 1, 3, '2024-10-06', '2024-10-16', 'nem elszámolható', '2025-01-15', '2025-04-29 14:00:59', '2025-04-29 14:00:59'),
(134, 46, 85, 3, 8, '2024-09-22', '2025-03-03', 'nem elszámolható', '2025-01-15', '2025-04-29 14:00:59', '2025-04-29 14:00:59'),
(135, 38, 103, 4, 12, '2025-03-03', '2025-03-16', 'nem elszámolható', NULL, '2025-04-29 14:00:59', '2025-04-29 14:00:59'),
(136, 13, 93, 1, 10, '2024-10-09', '2025-02-13', 'nem elszámolható', '2025-01-15', '2025-04-29 14:00:59', '2025-04-29 14:00:59'),
(137, 3, 20, 2, 3, '2025-04-17', NULL, 'nem elszámolható', '2025-01-15', '2025-04-29 14:00:59', '2025-04-29 14:00:59'),
(138, 9, 14, 1, 4, '2025-04-25', '2025-04-27', 'nem elszámolható', NULL, '2025-04-29 14:00:59', '2025-04-29 14:00:59'),
(139, 9, 152, 3, 11, '2025-01-16', '2025-03-04', 'nem elszámolható', NULL, '2025-04-29 14:00:59', '2025-04-29 14:00:59'),
(140, 13, 15, 1, 15, '2024-12-21', NULL, 'nem elszámolható', '2025-01-15', '2025-04-29 14:00:59', '2025-04-29 14:00:59'),
(141, 31, 18, 3, 2, '2025-02-15', '2025-04-03', 'nem elszámolható', '2025-01-15', '2025-04-29 14:00:59', '2025-04-29 14:00:59'),
(142, 13, 24, 3, 15, '2025-02-27', NULL, 'nem elszámolható', NULL, '2025-04-29 14:00:59', '2025-04-29 14:00:59'),
(143, 7, 179, 2, 10, '2024-11-03', NULL, 'nem elszámolható', '2025-01-15', '2025-04-29 14:00:59', '2025-04-29 14:00:59'),
(144, 40, 35, 2, 5, '2025-01-15', NULL, 'nem elszámolható', '2025-01-15', '2025-04-29 14:00:59', '2025-04-29 14:00:59'),
(145, 40, 110, 1, 2, '2025-03-14', NULL, 'nem elszámolható', NULL, '2025-04-29 14:00:59', '2025-04-29 14:00:59'),
(146, 44, 84, 4, 7, '2024-11-05', NULL, 'nem elszámolható', NULL, '2025-04-29 14:00:59', '2025-04-29 14:00:59'),
(147, 8, 160, 2, 8, '2025-01-29', NULL, 'nem elszámolható', NULL, '2025-04-29 14:00:59', '2025-04-29 14:00:59'),
(148, 45, 59, 2, 3, '2024-10-25', NULL, 'nem elszámolható', NULL, '2025-04-29 14:00:59', '2025-04-29 14:00:59'),
(149, 46, 66, 3, 6, '2025-03-16', NULL, 'nem elszámolható', NULL, '2025-04-29 14:00:59', '2025-04-29 14:00:59'),
(150, 2, 75, 2, 13, '2024-11-03', NULL, 'nem elszámolható', '2025-01-15', '2025-04-29 14:00:59', '2025-04-29 14:00:59'),
(151, 9, 36, 4, 9, '2024-09-23', NULL, 'nem elszámolható', NULL, '2025-04-29 14:00:59', '2025-04-29 14:00:59'),
(152, 35, 25, 3, 11, '2024-10-16', '2025-02-15', 'nem elszámolható', NULL, '2025-04-29 14:00:59', '2025-04-29 14:00:59'),
(153, 9, 120, 1, 5, '2025-02-07', NULL, 'nem elszámolható', '2025-01-15', '2025-04-29 14:00:59', '2025-04-29 14:00:59'),
(154, 31, 72, 2, 9, '2025-03-02', NULL, 'nem elszámolható', NULL, '2025-04-29 14:00:59', '2025-04-29 14:00:59'),
(155, 38, 126, 3, 9, '2024-11-05', NULL, 'nem elszámolható', '2025-01-15', '2025-04-29 14:00:59', '2025-04-29 14:00:59'),
(156, 11, 74, 3, 7, '2025-03-22', NULL, 'nem elszámolható', '2025-01-15', '2025-04-29 14:00:59', '2025-04-29 14:00:59'),
(157, 37, 194, 3, 14, '2025-02-24', '2025-04-20', 'nem elszámolható', NULL, '2025-04-29 14:00:59', '2025-04-29 14:00:59'),
(158, 2, 159, 4, 8, '2024-10-26', '2024-11-07', 'nem elszámolható', NULL, '2025-04-29 14:00:59', '2025-04-29 14:00:59'),
(159, 31, 55, 2, 7, '2025-03-02', '2025-04-14', 'nem elszámolható', '2025-01-15', '2025-04-29 14:00:59', '2025-04-29 14:00:59'),
(160, 47, 107, 4, 2, '2025-04-28', NULL, 'nem elszámolható', NULL, '2025-04-29 14:00:59', '2025-04-29 14:00:59'),
(161, 22, 69, 3, 8, '2024-12-04', NULL, 'nem elszámolható', NULL, '2025-04-29 14:00:59', '2025-04-29 14:00:59'),
(162, 43, 3, 3, 11, '2024-12-17', NULL, 'nem elszámolható', NULL, '2025-04-29 14:00:59', '2025-04-29 14:00:59'),
(163, 7, 36, 2, 6, '2024-12-22', NULL, 'nem elszámolható', NULL, '2025-04-29 14:00:59', '2025-04-29 14:00:59'),
(164, 18, 131, 2, 3, '2024-12-27', NULL, 'nem elszámolható', NULL, '2025-04-29 14:00:59', '2025-04-29 14:00:59'),
(165, 6, 191, 2, 6, '2024-12-22', '2025-04-16', 'nem elszámolható', '2025-01-15', '2025-04-29 14:00:59', '2025-04-29 14:00:59'),
(166, 32, 6, 3, 15, '2024-10-22', NULL, 'nem elszámolható', NULL, '2025-04-29 14:00:59', '2025-04-29 14:00:59'),
(167, 15, 70, 3, 3, '2024-12-04', NULL, 'nem elszámolható', NULL, '2025-04-29 14:00:59', '2025-04-29 14:00:59'),
(168, 5, 101, 3, 7, '2024-12-21', NULL, 'nem elszámolható', '2025-01-15', '2025-04-29 14:00:59', '2025-04-29 14:00:59'),
(169, 21, 131, 2, 7, '2025-01-12', '2025-03-05', 'nem elszámolható', '2025-01-15', '2025-04-29 14:00:59', '2025-04-29 14:00:59'),
(170, 14, 48, 4, 1, '2024-11-20', '2025-01-05', 'nem elszámolható', '2025-01-15', '2025-04-29 14:00:59', '2025-04-29 14:00:59'),
(171, 32, 60, 4, 8, '2025-02-17', '2025-03-21', 'nem elszámolható', NULL, '2025-04-29 14:00:59', '2025-04-29 14:00:59'),
(172, 45, 125, 3, 3, '2025-01-25', '2025-03-21', 'nem elszámolható', '2025-01-15', '2025-04-29 14:00:59', '2025-04-29 14:00:59'),
(173, 18, 199, 3, 2, '2025-04-20', '2025-04-22', 'nem elszámolható', NULL, '2025-04-29 14:00:59', '2025-04-29 14:00:59'),
(174, 17, 81, 2, 14, '2024-11-03', NULL, 'nem elszámolható', '2025-01-15', '2025-04-29 14:00:59', '2025-04-29 14:00:59'),
(175, 48, 69, 2, 7, '2025-04-26', NULL, 'nem elszámolható', '2025-01-15', '2025-04-29 14:00:59', '2025-04-29 14:00:59'),
(176, 30, 105, 2, 10, '2024-11-30', NULL, 'nem elszámolható', NULL, '2025-04-29 14:00:59', '2025-04-29 14:00:59'),
(177, 11, 169, 2, 9, '2025-02-17', NULL, 'nem elszámolható', '2025-01-15', '2025-04-29 14:00:59', '2025-04-29 14:00:59'),
(178, 52, 13, 4, 7, '2025-03-01', '2025-03-22', 'nem elszámolható', '2025-01-15', '2025-04-29 14:00:59', '2025-04-29 14:00:59'),
(179, 6, 170, 2, 3, '2024-11-14', NULL, 'nem elszámolható', NULL, '2025-04-29 14:00:59', '2025-04-29 14:00:59'),
(180, 48, 195, 4, 10, '2025-01-16', NULL, 'nem elszámolható', NULL, '2025-04-29 14:00:59', '2025-04-29 14:00:59'),
(181, 5, 56, 1, 6, '2025-03-08', NULL, 'nem elszámolható', NULL, '2025-04-29 14:00:59', '2025-04-29 14:00:59'),
(182, 26, 62, 4, 3, '2025-02-27', '2025-04-17', 'nem elszámolható', NULL, '2025-04-29 14:00:59', '2025-04-29 14:00:59'),
(183, 51, 5, 2, 9, '2024-10-11', NULL, 'nem elszámolható', NULL, '2025-04-29 14:00:59', '2025-04-29 14:00:59'),
(184, 24, 163, 1, 3, '2025-03-22', '2025-03-24', 'nem elszámolható', NULL, '2025-04-29 14:00:59', '2025-04-29 14:00:59'),
(185, 11, 42, 4, 4, '2024-12-15', NULL, 'nem elszámolható', '2025-01-15', '2025-04-29 14:00:59', '2025-04-29 14:00:59'),
(186, 47, 197, 1, 2, '2025-01-23', NULL, 'nem elszámolható', '2025-01-15', '2025-04-29 14:00:59', '2025-04-29 14:00:59'),
(187, 30, 177, 3, 12, '2024-10-24', NULL, 'nem elszámolható', NULL, '2025-04-29 14:00:59', '2025-04-29 14:00:59'),
(188, 44, 8, 1, 7, '2025-01-06', '2025-04-01', 'nem elszámolható', '2025-01-15', '2025-04-29 14:00:59', '2025-04-29 14:00:59'),
(189, 43, 147, 4, 7, '2025-02-17', '2025-02-20', 'nem elszámolható', NULL, '2025-04-29 14:00:59', '2025-04-29 14:00:59'),
(190, 33, 145, 4, 7, '2025-03-28', '2025-04-25', 'nem elszámolható', '2025-01-15', '2025-04-29 14:00:59', '2025-04-29 14:00:59'),
(191, 33, 85, 1, 14, '2024-12-21', NULL, 'nem elszámolható', '2025-01-15', '2025-04-29 14:00:59', '2025-04-29 14:00:59'),
(192, 25, 10, 3, 8, '2025-01-08', '2025-04-09', 'nem elszámolható', NULL, '2025-04-29 14:00:59', '2025-04-29 14:00:59'),
(193, 9, 46, 2, 12, '2025-03-07', '2025-03-12', 'nem elszámolható', NULL, '2025-04-29 14:00:59', '2025-04-29 14:00:59'),
(194, 28, 61, 3, 8, '2025-04-10', NULL, 'nem elszámolható', '2025-01-15', '2025-04-29 14:00:59', '2025-04-29 14:00:59'),
(195, 4, 72, 3, 14, '2025-01-16', '2025-04-12', 'nem elszámolható', NULL, '2025-04-29 14:00:59', '2025-04-29 14:00:59'),
(196, 6, 86, 4, 11, '2024-10-30', '2025-04-12', 'nem elszámolható', NULL, '2025-04-29 14:00:59', '2025-04-29 14:00:59'),
(197, 39, 36, 2, 14, '2025-03-27', '2025-04-09', 'nem elszámolható', NULL, '2025-04-29 14:00:59', '2025-04-29 14:00:59'),
(198, 33, 158, 3, 2, '2024-09-30', '2025-03-17', 'nem elszámolható', '2025-01-15', '2025-04-29 14:00:59', '2025-04-29 14:00:59'),
(199, 7, 181, 1, 8, '2025-02-21', NULL, 'nem elszámolható', NULL, '2025-04-29 14:00:59', '2025-04-29 14:00:59'),
(200, 18, 8, 3, 10, '2024-10-11', NULL, 'nem elszámolható', NULL, '2025-04-29 14:00:59', '2025-04-29 14:00:59'),
(201, 33, 23, 3, 2, '2025-03-31', '2025-04-13', 'nem elszámolható', '2025-01-15', '2025-04-29 14:00:59', '2025-04-29 14:00:59'),
(202, 20, 55, 2, 1, '2025-04-15', NULL, 'nem elszámolható', NULL, '2025-04-29 14:00:59', '2025-04-29 14:00:59'),
(203, 49, 63, 1, 14, '2025-01-14', '2025-03-30', 'nem elszámolható', '2025-01-15', '2025-04-29 14:00:59', '2025-04-29 14:00:59'),
(204, 14, 76, 3, 14, '2024-10-20', '2024-12-05', 'nem elszámolható', NULL, '2025-04-29 14:00:59', '2025-04-29 14:00:59'),
(205, 37, 101, 3, 6, '2025-03-17', '2025-04-09', 'nem elszámolható', '2025-01-15', '2025-04-29 14:00:59', '2025-04-29 14:00:59'),
(206, 24, 189, 2, 9, '2024-11-12', NULL, 'nem elszámolható', NULL, '2025-04-29 14:00:59', '2025-04-29 14:00:59'),
(207, 29, 52, 4, 8, '2025-02-24', '2025-02-24', 'nem elszámolható', NULL, '2025-04-29 14:00:59', '2025-04-29 14:00:59'),
(208, 34, 70, 1, 8, '2025-03-19', NULL, 'nem elszámolható', '2025-01-15', '2025-04-29 14:00:59', '2025-04-29 14:00:59'),
(209, 43, 100, 2, 11, '2025-04-26', '2025-04-27', 'nem elszámolható', '2025-01-15', '2025-04-29 14:00:59', '2025-04-29 14:00:59'),
(210, 27, 163, 2, 10, '2025-04-12', NULL, 'nem elszámolható', NULL, '2025-04-29 14:00:59', '2025-04-29 14:00:59'),
(211, 4, 195, 4, 14, '2025-02-26', '2025-03-27', 'nem elszámolható', '2025-01-15', '2025-04-29 14:00:59', '2025-04-29 14:00:59'),
(212, 50, 198, 4, 13, '2025-04-05', '2025-04-17', 'nem elszámolható', '2025-01-15', '2025-04-29 14:00:59', '2025-04-29 14:00:59'),
(213, 36, 184, 4, 3, '2025-01-28', '2025-02-01', 'nem elszámolható', '2025-01-15', '2025-04-29 14:00:59', '2025-04-29 14:00:59'),
(214, 2, 16, 1, 3, '2025-02-17', '2025-03-29', 'nem elszámolható', NULL, '2025-04-29 14:00:59', '2025-04-29 14:00:59'),
(215, 7, 186, 3, 5, '2024-09-15', NULL, 'nem elszámolható', '2025-01-15', '2025-04-29 14:00:59', '2025-04-29 14:00:59'),
(216, 14, 157, 4, 5, '2025-03-15', '2025-04-25', 'nem elszámolható', NULL, '2025-04-29 14:00:59', '2025-04-29 14:00:59'),
(217, 25, 34, 4, 11, '2025-04-17', NULL, 'nem elszámolható', '2025-01-15', '2025-04-29 14:00:59', '2025-04-29 14:00:59'),
(218, 24, 14, 1, 12, '2025-01-30', '2025-04-18', 'nem elszámolható', '2025-01-15', '2025-04-29 14:00:59', '2025-04-29 14:00:59'),
(219, 39, 146, 1, 3, '2025-03-04', '2025-04-28', 'nem elszámolható', '2025-01-15', '2025-04-29 14:00:59', '2025-04-29 14:00:59'),
(220, 30, 125, 1, 5, '2025-04-14', NULL, 'nem elszámolható', NULL, '2025-04-29 14:00:59', '2025-04-29 14:00:59'),
(221, 20, 74, 2, 5, '2024-10-12', '2024-11-28', 'nem elszámolható', '2025-01-15', '2025-04-29 14:00:59', '2025-04-29 14:00:59'),
(222, 45, 13, 4, 4, '2024-11-03', '2024-12-01', 'nem elszámolható', '2025-01-15', '2025-04-29 14:00:59', '2025-04-29 14:00:59'),
(223, 28, 85, 4, 12, '2025-01-13', NULL, 'nem elszámolható', NULL, '2025-04-29 14:00:59', '2025-04-29 14:00:59'),
(224, 29, 89, 4, 6, '2024-09-19', NULL, 'nem elszámolható', NULL, '2025-04-29 14:00:59', '2025-04-29 14:00:59'),
(225, 18, 199, 4, 6, '2025-01-05', '2025-02-05', 'nem elszámolható', NULL, '2025-04-29 14:00:59', '2025-04-29 14:00:59'),
(226, 13, 111, 2, 15, '2025-02-04', '2025-03-17', 'nem elszámolható', NULL, '2025-04-29 14:00:59', '2025-04-29 14:00:59'),
(227, 1, 74, 2, 6, '2024-09-22', '2024-11-17', 'nem elszámolható', NULL, '2025-04-29 14:00:59', '2025-04-29 14:00:59'),
(228, 10, 134, 2, 1, '2025-03-07', NULL, 'nem elszámolható', '2025-01-15', '2025-04-29 14:00:59', '2025-04-29 14:00:59'),
(229, 21, 154, 1, 3, '2025-03-01', NULL, 'nem elszámolható', '2025-01-15', '2025-04-29 14:00:59', '2025-04-29 14:00:59'),
(230, 51, 82, 3, 13, '2024-11-16', '2025-04-16', 'nem elszámolható', NULL, '2025-04-29 14:00:59', '2025-04-29 14:00:59'),
(231, 7, 129, 2, 12, '2024-09-20', '2024-10-02', 'nem elszámolható', NULL, '2025-04-29 14:00:59', '2025-04-29 14:00:59'),
(232, 12, 74, 2, 14, '2024-10-09', '2024-10-16', 'nem elszámolható', '2025-01-15', '2025-04-29 14:00:59', '2025-04-29 14:00:59'),
(233, 21, 182, 4, 10, '2025-02-26', NULL, 'nem elszámolható', NULL, '2025-04-29 14:00:59', '2025-04-29 14:00:59'),
(234, 42, 82, 1, 2, '2025-01-30', '2025-04-04', 'nem elszámolható', '2025-01-15', '2025-04-29 14:00:59', '2025-04-29 14:00:59'),
(235, 44, 185, 1, 8, '2024-09-24', NULL, 'nem elszámolható', NULL, '2025-04-29 14:00:59', '2025-04-29 14:00:59'),
(236, 32, 149, 3, 2, '2024-12-18', NULL, 'nem elszámolható', NULL, '2025-04-29 14:00:59', '2025-04-29 14:00:59'),
(237, 46, 117, 3, 12, '2024-11-04', '2024-12-25', 'nem elszámolható', NULL, '2025-04-29 14:00:59', '2025-04-29 14:00:59'),
(238, 5, 73, 3, 1, '2025-01-17', '2025-03-02', 'nem elszámolható', NULL, '2025-04-29 14:00:59', '2025-04-29 14:00:59'),
(239, 6, 67, 2, 5, '2024-10-04', NULL, 'nem elszámolható', '2025-01-15', '2025-04-29 14:00:59', '2025-04-29 14:00:59'),
(240, 28, 78, 2, 3, '2025-02-05', '2025-02-18', 'nem elszámolható', NULL, '2025-04-29 14:00:59', '2025-04-29 14:00:59'),
(241, 46, 139, 3, 10, '2025-03-11', '2025-03-26', 'nem elszámolható', NULL, '2025-04-29 14:00:59', '2025-04-29 14:00:59'),
(242, 25, 100, 1, 3, '2024-10-14', NULL, 'nem elszámolható', NULL, '2025-04-29 14:00:59', '2025-04-29 14:00:59'),
(243, 39, 145, 1, 15, '2025-04-19', NULL, 'nem elszámolható', '2025-01-15', '2025-04-29 14:00:59', '2025-04-29 14:00:59'),
(244, 34, 89, 3, 1, '2025-01-17', '2025-03-17', 'nem elszámolható', NULL, '2025-04-29 14:00:59', '2025-04-29 14:00:59'),
(245, 14, 182, 2, 1, '2025-04-29', '2025-04-29', 'nem elszámolható', NULL, '2025-04-29 14:00:59', '2025-04-29 14:00:59'),
(246, 52, 21, 2, 2, '2024-11-11', '2025-03-19', 'nem elszámolható', NULL, '2025-04-29 14:00:59', '2025-04-29 14:00:59'),
(247, 1, 38, 1, 9, '2025-04-05', NULL, 'nem elszámolható', NULL, '2025-04-29 14:00:59', '2025-04-29 14:00:59'),
(248, 42, 176, 1, 2, '2024-12-20', '2025-02-28', 'nem elszámolható', NULL, '2025-04-29 14:00:59', '2025-04-29 14:00:59'),
(249, 44, 82, 1, 9, '2024-10-11', '2025-03-05', 'nem elszámolható', '2025-01-15', '2025-04-29 14:00:59', '2025-04-29 14:00:59'),
(250, 30, 165, 4, 2, '2024-11-09', NULL, 'nem elszámolható', '2025-01-15', '2025-04-29 14:00:59', '2025-04-29 14:00:59'),
(251, 24, 60, 3, 5, '2025-03-16', '2025-04-13', 'nem elszámolható', NULL, '2025-04-29 14:00:59', '2025-04-29 14:00:59'),
(252, 37, 192, 2, 2, '2025-02-14', NULL, 'nem elszámolható', NULL, '2025-04-29 14:00:59', '2025-04-29 14:00:59'),
(253, 43, 62, 1, 11, '2024-10-17', NULL, 'nem elszámolható', NULL, '2025-04-29 14:00:59', '2025-04-29 14:00:59'),
(254, 7, 137, 3, 13, '2025-04-26', NULL, 'nem elszámolható', NULL, '2025-04-29 14:00:59', '2025-04-29 14:00:59'),
(255, 16, 160, 1, 3, '2024-11-10', NULL, 'nem elszámolható', NULL, '2025-04-29 14:00:59', '2025-04-29 14:00:59'),
(256, 34, 124, 2, 11, '2025-03-24', NULL, 'nem elszámolható', '2025-01-15', '2025-04-29 14:00:59', '2025-04-29 14:00:59'),
(257, 46, 119, 4, 14, '2025-03-22', '2025-04-04', 'nem elszámolható', NULL, '2025-04-29 14:00:59', '2025-04-29 14:00:59'),
(258, 39, 126, 2, 10, '2025-02-07', NULL, 'nem elszámolható', NULL, '2025-04-29 14:00:59', '2025-04-29 14:00:59'),
(259, 26, 62, 2, 7, '2025-01-01', NULL, 'nem elszámolható', '2025-01-15', '2025-04-29 14:00:59', '2025-04-29 14:00:59'),
(260, 41, 180, 3, 12, '2024-10-04', NULL, 'nem elszámolható', NULL, '2025-04-29 14:00:59', '2025-04-29 14:00:59'),
(261, 14, 144, 3, 10, '2025-01-30', '2025-02-14', 'nem elszámolható', '2025-01-15', '2025-04-29 14:00:59', '2025-04-29 14:00:59'),
(262, 17, 105, 3, 1, '2025-04-19', '2025-04-27', 'nem elszámolható', NULL, '2025-04-29 14:00:59', '2025-04-29 14:00:59'),
(263, 34, 169, 1, 12, '2025-02-04', NULL, 'nem elszámolható', '2025-01-15', '2025-04-29 14:00:59', '2025-04-29 14:00:59'),
(264, 1, 51, 2, 10, '2025-03-13', '2025-04-20', 'nem elszámolható', NULL, '2025-04-29 14:00:59', '2025-04-29 14:00:59'),
(265, 40, 75, 1, 12, '2024-10-31', NULL, 'nem elszámolható', NULL, '2025-04-29 14:00:59', '2025-04-29 14:00:59'),
(266, 41, 155, 1, 7, '2025-01-20', '2025-03-22', 'nem elszámolható', NULL, '2025-04-29 14:00:59', '2025-04-29 14:00:59'),
(267, 47, 7, 1, 2, '2025-01-20', NULL, 'nem elszámolható', NULL, '2025-04-29 14:00:59', '2025-04-29 14:00:59'),
(268, 4, 187, 3, 2, '2024-10-17', NULL, 'nem elszámolható', NULL, '2025-04-29 14:00:59', '2025-04-29 14:00:59'),
(269, 8, 38, 3, 10, '2024-10-28', '2024-11-02', 'nem elszámolható', '2025-01-15', '2025-04-29 14:00:59', '2025-04-29 14:00:59'),
(270, 18, 159, 2, 3, '2025-02-04', NULL, 'nem elszámolható', '2025-01-15', '2025-04-29 14:00:59', '2025-04-29 14:00:59'),
(271, 43, 29, 2, 2, '2025-04-09', NULL, 'nem elszámolható', NULL, '2025-04-29 14:00:59', '2025-04-29 14:00:59'),
(272, 30, 192, 2, 9, '2025-02-21', NULL, 'nem elszámolható', '2025-01-15', '2025-04-29 14:00:59', '2025-04-29 14:00:59'),
(273, 40, 176, 3, 9, '2025-04-09', NULL, 'nem elszámolható', NULL, '2025-04-29 14:00:59', '2025-04-29 14:00:59'),
(274, 48, 177, 1, 3, '2024-12-09', NULL, 'nem elszámolható', NULL, '2025-04-29 14:00:59', '2025-04-29 14:00:59'),
(275, 15, 63, 4, 4, '2024-10-24', '2025-04-24', 'nem elszámolható', NULL, '2025-04-29 14:00:59', '2025-04-29 14:00:59'),
(276, 28, 24, 3, 1, '2024-09-30', NULL, 'nem elszámolható', NULL, '2025-04-29 14:00:59', '2025-04-29 14:00:59'),
(277, 27, 199, 4, 1, '2024-12-28', '2025-01-12', 'nem elszámolható', '2025-01-15', '2025-04-29 14:00:59', '2025-04-29 14:00:59'),
(278, 21, 116, 2, 10, '2024-11-10', '2025-02-22', 'nem elszámolható', NULL, '2025-04-29 14:00:59', '2025-04-29 14:00:59'),
(279, 30, 155, 1, 10, '2024-11-05', NULL, 'nem elszámolható', '2025-01-15', '2025-04-29 14:00:59', '2025-04-29 14:00:59'),
(280, 16, 91, 4, 12, '2025-03-21', NULL, 'nem elszámolható', NULL, '2025-04-29 14:01:00', '2025-04-29 14:01:00'),
(281, 5, 172, 1, 9, '2024-12-15', '2025-03-17', 'nem elszámolható', '2025-01-15', '2025-04-29 14:01:00', '2025-04-29 14:01:00'),
(282, 5, 73, 2, 5, '2025-02-18', NULL, 'nem elszámolható', '2025-01-15', '2025-04-29 14:01:00', '2025-04-29 14:01:00'),
(283, 35, 77, 3, 12, '2024-11-11', NULL, 'nem elszámolható', '2025-01-15', '2025-04-29 14:01:00', '2025-04-29 14:01:00'),
(284, 49, 197, 1, 2, '2025-04-26', NULL, 'nem elszámolható', '2025-01-15', '2025-04-29 14:01:00', '2025-04-29 14:01:00'),
(285, 18, 196, 3, 6, '2025-01-23', NULL, 'nem elszámolható', '2025-01-15', '2025-04-29 14:01:00', '2025-04-29 14:01:00'),
(286, 40, 58, 4, 4, '2025-03-26', '2025-03-28', 'nem elszámolható', '2025-01-15', '2025-04-29 14:01:00', '2025-04-29 14:01:00'),
(287, 40, 168, 3, 2, '2025-02-16', NULL, 'nem elszámolható', '2025-01-15', '2025-04-29 14:01:00', '2025-04-29 14:01:00'),
(288, 30, 179, 2, 14, '2024-12-28', NULL, 'nem elszámolható', '2025-01-15', '2025-04-29 14:01:00', '2025-04-29 14:01:00'),
(289, 46, 26, 2, 9, '2025-03-22', '2025-03-23', 'nem elszámolható', '2025-01-15', '2025-04-29 14:01:00', '2025-04-29 14:01:00'),
(290, 13, 109, 4, 14, '2025-02-23', '2025-03-05', 'nem elszámolható', '2025-01-15', '2025-04-29 14:01:00', '2025-04-29 14:01:00'),
(291, 11, 178, 3, 15, '2024-09-27', NULL, 'nem elszámolható', NULL, '2025-04-29 14:01:00', '2025-04-29 14:01:00'),
(292, 33, 161, 1, 8, '2025-02-01', '2025-04-06', 'nem elszámolható', NULL, '2025-04-29 14:01:00', '2025-04-29 14:01:00'),
(293, 17, 57, 4, 10, '2025-04-01', NULL, 'nem elszámolható', NULL, '2025-04-29 14:01:00', '2025-04-29 14:01:00'),
(294, 20, 138, 1, 12, '2024-11-06', NULL, 'nem elszámolható', '2025-01-15', '2025-04-29 14:01:00', '2025-04-29 14:01:00'),
(295, 3, 193, 1, 9, '2024-10-10', NULL, 'nem elszámolható', '2025-01-15', '2025-04-29 14:01:00', '2025-04-29 14:01:00'),
(296, 2, 138, 2, 11, '2025-01-06', NULL, 'nem elszámolható', '2025-01-15', '2025-04-29 14:01:00', '2025-04-29 14:01:00'),
(297, 32, 41, 4, 12, '2025-04-07', '2025-04-14', 'nem elszámolható', NULL, '2025-04-29 14:01:00', '2025-04-29 14:01:00'),
(298, 38, 198, 4, 7, '2024-11-09', NULL, 'nem elszámolható', NULL, '2025-04-29 14:01:00', '2025-04-29 14:01:00'),
(299, 42, 89, 2, 14, '2024-10-26', NULL, 'nem elszámolható', '2025-01-15', '2025-04-29 14:01:00', '2025-04-29 14:01:00'),
(300, 1, 94, 1, 1, '2025-01-13', '2025-02-06', 'nem elszámolható', NULL, '2025-04-29 14:01:00', '2025-04-29 14:01:00');

-- --------------------------------------------------------

--
-- Tábla szerkezet ehhez a táblához `elszamolas_tipuses`
--

CREATE TABLE `elszamolas_tipuses` (
  `elszamolas_tipus_id` bigint(20) UNSIGNED NOT NULL,
  `elszamolas_elnevezese` varchar(255) NOT NULL,
  `created_at` timestamp NULL DEFAULT NULL,
  `updated_at` timestamp NULL DEFAULT NULL
) ENGINE=InnoDB DEFAULT CHARSET=utf8mb4 COLLATE=utf8mb4_unicode_ci;

--
-- A tábla adatainak kiíratása `elszamolas_tipuses`
--

INSERT INTO `elszamolas_tipuses` (`elszamolas_tipus_id`, `elszamolas_elnevezese`, `created_at`, `updated_at`) VALUES
(1, 'bevonás', NULL, NULL),
(2, 'max.alapfokú végzettségű', NULL, NULL),
(3, 'képzettséget szerzett', NULL, NULL),
(4, 'nem tartozik elszámoláshoz', NULL, NULL);

-- --------------------------------------------------------

--
-- Tábla szerkezet ehhez a táblához `failed_jobs`
--

CREATE TABLE `failed_jobs` (
  `id` bigint(20) UNSIGNED NOT NULL,
  `uuid` varchar(255) NOT NULL,
  `connection` text NOT NULL,
  `queue` text NOT NULL,
  `payload` longtext NOT NULL,
  `exception` longtext NOT NULL,
  `failed_at` timestamp NOT NULL DEFAULT current_timestamp()
) ENGINE=InnoDB DEFAULT CHARSET=utf8mb4 COLLATE=utf8mb4_unicode_ci;

-- --------------------------------------------------------

--
-- Tábla szerkezet ehhez a táblához `megvalositasi_helyszins`
--

CREATE TABLE `megvalositasi_helyszins` (
  `megvalositasi_helyszin_id` bigint(20) UNSIGNED NOT NULL,
  `intezet` bigint(20) UNSIGNED DEFAULT NULL,
  `nev` varchar(255) NOT NULL,
  `agglomeracio` tinyint(4) DEFAULT NULL,
  `regio` varchar(255) DEFAULT NULL,
  `tipus` varchar(255) DEFAULT NULL,
  `created_at` timestamp NULL DEFAULT NULL,
  `updated_at` timestamp NULL DEFAULT NULL
) ENGINE=InnoDB DEFAULT CHARSET=utf8mb4 COLLATE=utf8mb4_unicode_ci;

--
-- A tábla adatainak kiíratása `megvalositasi_helyszins`
--

INSERT INTO `megvalositasi_helyszins` (`megvalositasi_helyszin_id`, `intezet`, `nev`, `agglomeracio`, `regio`, `tipus`, `created_at`, `updated_at`) VALUES
(1, NULL, 'Állampusztai Országos Büntetés-végrehajtási Intézet', 3, 'konvergencia', 'bv', NULL, NULL),
(2, 1, 'Állampuszta', NULL, NULL, NULL, NULL, NULL),
(3, 1, 'Solt', NULL, NULL, NULL, NULL, NULL),
(4, NULL, 'Bács-Kiskun Vármegyei Büntetés-végrehajtási Intézet', 3, 'konvergencia', 'bv', NULL, NULL),
(5, 4, 'Wéber Ede', NULL, NULL, NULL, NULL, NULL),
(6, 4, 'Mátyási', NULL, NULL, NULL, NULL, NULL),
(7, NULL, 'Balassagyarmati Fegyház es Börtön', 4, 'konvergencia', 'bv', NULL, NULL),
(8, NULL, 'Baranya Vármegyei Büntetés-végrehajtási Intézet', 2, 'konvergencia', 'bv', NULL, NULL),
(9, NULL, 'Békés Vármegyei Büntetés-végrehajtási Intézet', 3, 'konvergencia', 'bv', NULL, NULL),
(10, NULL, 'Borsod-Abaúj Zemplén Vármegyei Büntetés-végrehajtási Intézet', 5, 'konvergencia', 'bv', NULL, NULL),
(11, 10, 'Megyei', NULL, NULL, NULL, NULL, NULL),
(12, 10, 'Szirmabesenyő', NULL, NULL, NULL, NULL, NULL),
(13, NULL, 'Budapesti Fegyház es Börtön', 2, 'Budapest', 'bv', NULL, NULL),
(14, NULL, 'Fiatalkorúak Büntetés-végrehajtási Intézete', 2, 'konvergencia', 'bv', NULL, NULL),
(15, NULL, 'Fővárosi Büntetés-végrehajtási Intezet', 4, 'Budapest', 'bv', NULL, NULL),
(16, 15, 'I. objektum', NULL, NULL, NULL, NULL, NULL),
(17, 15, 'II. objektum', NULL, NULL, NULL, NULL, NULL),
(18, 15, 'III. objektum', NULL, NULL, NULL, NULL, NULL),
(19, NULL, 'Győr-Moson-Sopron Vármegyei Büntetés-végrehajtási Intézet', 1, 'konvergencia', 'bv', NULL, NULL),
(20, NULL, 'Hajdú-Bihar Vármegyei Büntetés-végrehajtási Intézet', 5, 'konvergencia', 'bv', NULL, NULL),
(21, NULL, 'Heves Vármegyei Büntetés-végrehajtási Intézet', 4, 'konvergencia', 'bv', NULL, NULL),
(22, NULL, 'Igazságügyi Megfigyelő és Elmegyógyító Intézet', 5, 'Budapest', 'bv', NULL, NULL),
(23, NULL, 'Jász-Nagykun-Szolnok Vármegyei Büntetés-végrehajtási Intézet', 5, 'konvergencia', 'bv', NULL, NULL),
(24, NULL, 'Kalocsai Fegyház es Börtön', 3, 'konvergencia', 'bv', NULL, NULL),
(25, NULL, 'Kiskunhalasi Országos Büntetés-végrehajtási Intézet', 3, 'konvergencia', 'bv', NULL, NULL),
(26, NULL, 'Közép-Dunántúli Országos Büntetés-végrehajtási Intézet', 2, 'konvergencia', 'bv', NULL, NULL),
(27, 26, 'Baracska', NULL, NULL, NULL, NULL, NULL),
(28, 26, 'Martonvásár', NULL, NULL, NULL, NULL, NULL),
(29, 26, 'Székesfehérvár', NULL, NULL, NULL, NULL, NULL),
(30, NULL, 'Márianosztrai Fegyház es Börtön', 4, 'konvergencia', 'bv', NULL, NULL),
(31, NULL, 'Pálhalmai Országos Büntetés-végrehajtási Intézet', 2, 'konvergencia', 'bv', NULL, NULL),
(32, 31, 'Mélykút', NULL, NULL, NULL, NULL, NULL),
(33, 31, 'Bernátkút', NULL, NULL, NULL, NULL, NULL),
(34, 31, 'Sándorháza', NULL, NULL, NULL, NULL, NULL),
(35, NULL, 'Sátoraljaújhelyi Fegyház es Börtön', 5, 'konvergencia', 'bv', NULL, NULL),
(36, NULL, 'Somogy Vármegyei Büntetés-végrehajtási Intézet', 2, 'konvergencia', 'bv', NULL, NULL),
(37, NULL, 'Sopronkőhidai Fegyház es Börtön', 1, 'konvergencia', 'bv', NULL, NULL),
(38, NULL, 'Szabolcs-Szatmár-Bereg Vármegyei Büntetés-végrehajtási Intézet', 5, 'konvergencia', 'bv', NULL, NULL),
(39, NULL, 'Szegedi Fegyház es Börtön', 3, 'konvergencia', 'bv', NULL, NULL),
(40, 39, 'I. objektum', NULL, NULL, NULL, NULL, NULL),
(41, 39, 'II. objektum', NULL, NULL, NULL, NULL, NULL),
(42, 39, 'III. objektum', NULL, NULL, NULL, NULL, NULL),
(43, NULL, 'Szombathelyi Országos Büntetés-végrehajtási Intézet', 1, 'konvergencia', 'bv', NULL, NULL),
(44, NULL, 'Tiszalöki Országos Büntetés-végrehajtási Intézet', 5, 'konvergencia', 'bv', NULL, NULL),
(45, NULL, 'Tököli Országos Büntetés-végrehajtási Intézet', 2, 'konvergencia', 'bv', NULL, NULL),
(46, NULL, 'Tolna Vármegyei Büntetés-végrehajtási Intézet', 2, 'konvergencia', 'bv', NULL, NULL),
(47, NULL, 'Váci Fegyház es Börtön', 4, 'konvergencia', 'bv', NULL, NULL),
(48, NULL, 'Veszprém Vármegyei Büntetés-végrehajtási Intézet', 1, 'konvergencia', 'bv', NULL, NULL),
(49, NULL, 'Zala Vármegyei Büntetés-végrehajtási Intézet', 1, 'konvergencia', 'bv', NULL, NULL),
(50, NULL, 'Jász-Nagykun-Szolnok Vármegyei Közösségi Foglalkoztató', 9, 'konvergencia', 'kf', NULL, NULL),
(51, NULL, 'Hajdú-Bihar Vármegyei Közösségi Foglalkoztató', 9, 'konvergencia', 'kf', NULL, NULL),
(52, NULL, 'Szabolcs-Szatmár-Bereg Vármegyei Közösségi Foglalkoztató', 9, 'konvergencia', 'kf', NULL, NULL);

-- --------------------------------------------------------

--
-- Tábla szerkezet ehhez a táblához `migrations`
--

CREATE TABLE `migrations` (
  `id` int(10) UNSIGNED NOT NULL,
  `migration` varchar(255) NOT NULL,
  `batch` int(11) NOT NULL
) ENGINE=InnoDB DEFAULT CHARSET=utf8mb4 COLLATE=utf8mb4_unicode_ci;

--
-- A tábla adatainak kiíratása `migrations`
--

INSERT INTO `migrations` (`id`, `migration`, `batch`) VALUES
(1, '2014_10_12_000000_create_users_table', 1),
(2, '2014_10_12_100000_create_password_reset_tokens_table', 1),
(3, '2019_08_19_000000_create_failed_jobs_table', 1),
(4, '2019_12_14_000001_create_personal_access_tokens_table', 1),
(5, '2025_01_02_172702_create_elszamolas_tipuses_table', 1),
(6, '2025_01_03_110453_create_megvalositasi_helyszins_table', 1),
(7, '2025_01_03_110546_create_ugyfel_tipuses_table', 1),
(8, '2025_01_03_110547_create_dokumentum_tipuses_table', 1),
(9, '2025_01_03_115536_create_ugyfeltipusok_dokumentumais_table', 1),
(10, '2025_01_04_093045_create_ugyfels_table', 1),
(11, '2025_03_29_100022_create_elszamolas_table', 1),
(12, '2025_03_30_115631_create_dokumentumoks_table', 1);

-- --------------------------------------------------------

--
-- Tábla szerkezet ehhez a táblához `password_reset_tokens`
--

CREATE TABLE `password_reset_tokens` (
  `email` varchar(255) NOT NULL,
  `token` varchar(255) NOT NULL,
  `created_at` timestamp NULL DEFAULT NULL
) ENGINE=InnoDB DEFAULT CHARSET=utf8mb4 COLLATE=utf8mb4_unicode_ci;

-- --------------------------------------------------------

--
-- Tábla szerkezet ehhez a táblához `personal_access_tokens`
--

CREATE TABLE `personal_access_tokens` (
  `id` bigint(20) UNSIGNED NOT NULL,
  `tokenable_type` varchar(255) NOT NULL,
  `tokenable_id` bigint(20) UNSIGNED NOT NULL,
  `name` varchar(255) NOT NULL,
  `token` varchar(64) NOT NULL,
  `abilities` text DEFAULT NULL,
  `last_used_at` timestamp NULL DEFAULT NULL,
  `expires_at` timestamp NULL DEFAULT NULL,
  `created_at` timestamp NULL DEFAULT NULL,
  `updated_at` timestamp NULL DEFAULT NULL
) ENGINE=InnoDB DEFAULT CHARSET=utf8mb4 COLLATE=utf8mb4_unicode_ci;

-- --------------------------------------------------------

--
-- Tábla szerkezet ehhez a táblához `ugyfels`
--

CREATE TABLE `ugyfels` (
  `ugyfel_id` bigint(20) UNSIGNED NOT NULL,
  `nev` varchar(255) NOT NULL,
  `szuletesi_nev` varchar(255) NOT NULL,
  `anyja_neve` varchar(255) NOT NULL,
  `szuletesi_hely` varchar(255) NOT NULL,
  `szuletesi_ido` date NOT NULL,
  `telepules` varchar(255) NOT NULL,
  `neme` enum('férfi','nő') NOT NULL DEFAULT 'férfi',
  `ugyfelkod` bigint(20) NOT NULL,
  `created_at` timestamp NULL DEFAULT NULL,
  `updated_at` timestamp NULL DEFAULT NULL
) ;

--
-- A tábla adatainak kiíratása `ugyfels`
--

INSERT INTO `ugyfels` (`ugyfel_id`, `nev`, `szuletesi_nev`, `anyja_neve`, `szuletesi_hely`, `szuletesi_ido`, `telepules`, `neme`, `ugyfelkod`, `created_at`, `updated_at`) VALUES
(1, 'Csonka Kristóf PhD', 'Özv. Kovácsné Mia', 'Dr. Papp Zsolt', 'Budapest', '2000-09-24', 'Budapest', 'férfi', 88858036, '2025-04-29 14:00:50', '2025-04-29 14:00:50'),
(2, 'Gulyás Marietta', 'Báró Vass Kristófné', 'Dr. Magyar Richárd', 'Tiszakécske', '2000-10-16', 'Érd', 'nő', 70824861, '2025-04-29 14:00:50', '2025-04-29 14:00:50'),
(3, 'Veres-Szalai Anikó', 'Dr. Véghné Johanna', 'Dobosné Fekete Julianna', 'Székesfehérvár', '1974-09-01', 'Budapest', 'férfi', 18095618, '2025-04-29 14:00:50', '2025-04-29 14:00:50'),
(4, 'Váradi Ottó PhD', 'Dr. Virág Albert PhD', 'Székely Bendegúz', 'Budapest', '1975-11-01', 'Érd', 'férfi', 33025379, '2025-04-29 14:00:50', '2025-04-29 14:00:50'),
(5, 'Id. Molnárné Katalin', 'Simon Patrícia PhD', 'Prof. Vörös Péter', 'Eger', '1958-01-29', 'Balmazújváros', 'férfi', 40049467, '2025-04-29 14:00:50', '2025-04-29 14:00:50'),
(6, 'Vargáné Máté Andrea', 'Kocsis Jázmin', 'Szekeresné Kozma Léna', 'Budapest', '1954-06-02', 'Győr', 'férfi', 73153957, '2025-04-29 14:00:50', '2025-04-29 14:00:50'),
(7, 'Pataki Imre', 'Virág Bendegúz', 'Balla Csenge', 'Pécs', '1958-10-03', 'Hódmezővásárhely', 'nő', 76709947, '2025-04-29 14:00:50', '2025-04-29 14:00:50'),
(8, 'Faragó Panna', 'Dr. Virág Botond PhD', 'Orosz Patrikné', 'Budapest', '1952-11-28', 'Tatabánya', 'nő', 44921647, '2025-04-29 14:00:50', '2025-04-29 14:00:50'),
(9, 'Gróf Novákné Liliána', 'Ifj. Gál Anikó', 'Dr. Fazekas Áron', 'Budapest', '1958-01-05', 'Szeged', 'nő', 23376319, '2025-04-29 14:00:50', '2025-04-29 14:00:50'),
(10, 'Gulyás Patrik', 'Takács János', 'Dr. Fülöpné Andrea', 'Budapest', '1973-08-03', 'Békéscsaba', 'nő', 10460197, '2025-04-29 14:00:50', '2025-04-29 14:00:50'),
(11, 'Özv. Gáspár Maja', 'Pál-Papp Maja', 'Bakos Szabina', 'Budapest', '1941-11-20', 'Budapest', 'férfi', 81068007, '2025-04-29 14:00:50', '2025-04-29 14:00:50'),
(12, 'Prof. Virág Milla PhD', 'Gróf Kocsisné Henriett', 'Fekete Aranka', 'Szentgotthárd', '1935-06-03', 'Budapest', 'férfi', 69675572, '2025-04-29 14:00:50', '2025-04-29 14:00:50'),
(13, 'Prof. Majorné Gizella', 'Lukács Flóra', 'Báró Farkas Ármin', 'Budapest', '1942-11-17', 'Nagykanizsa', 'nő', 35295150, '2025-04-29 14:00:50', '2025-04-29 14:00:50'),
(14, 'Özv. Bakos Botond PhD', 'Nemes Lívia PhD', 'Balla Katalin PhD', 'Békéscsaba', '1989-03-03', 'Budapest', 'férfi', 27509141, '2025-04-29 14:00:50', '2025-04-29 14:00:50'),
(15, 'Kerekes Panna', 'Prof. Kiss Botondné', 'Dr. Jónás Áronné', 'Nagykanizsa', '1998-05-19', 'Budapest', 'férfi', 33512306, '2025-04-29 14:00:50', '2025-04-29 14:00:50'),
(16, 'Balla Antal', 'Ifj. Fazekas Ádámné', 'Király Dalma PhD', 'Nyíregyháza', '1982-06-21', 'Kecskemét', 'nő', 6284026, '2025-04-29 14:00:50', '2025-04-29 14:00:50'),
(17, 'Prof. Illésné Kíra', 'Szűcs Maja', 'Pásztor Rudolf', 'Debrecen', '1936-02-18', 'Miskolc', 'nő', 26674741, '2025-04-29 14:00:50', '2025-04-29 14:00:50'),
(18, 'Orbán Mátyás', 'Dr. Váradi Dorián', 'Prof. Szilágyi Andrea PhD', 'Budapest', '1958-06-15', 'Budapest', 'férfi', 76811004, '2025-04-29 14:00:50', '2025-04-29 14:00:50'),
(19, 'Balogné Kiss Virág', 'Vincze Gitta PhD', 'Özv. Varga Gézané', 'Szombathely', '1970-04-23', 'Budapest', 'férfi', 39721458, '2025-04-29 14:00:50', '2025-04-29 14:00:50'),
(20, 'Székelyné Kelemen Alexa', 'Dr. Borbély Richárd', 'Lakatos Antal PhD', 'Budapest', '1938-06-18', 'Budapest', 'férfi', 11621246, '2025-04-29 14:00:50', '2025-04-29 14:00:50'),
(21, 'Tamás Sándor PhD', 'Prof. Fodor Sándorné', 'Vincze Vincéné', 'Kaposvár', '1998-08-04', 'Budapest', 'férfi', 92191401, '2025-04-29 14:00:50', '2025-04-29 14:00:50'),
(22, 'Prof. Lengyelné Linda', 'Balla Dorián PhD', 'Baloghné Király Georgina', 'Pécs', '1992-06-27', 'Budapest', 'férfi', 7397876, '2025-04-29 14:00:50', '2025-04-29 14:00:50'),
(23, 'Gál Mátyás PhD', 'Balogné Tóth Marianna', 'Halász Géza', 'Budapest', '1972-07-04', 'Budapest', 'nő', 73233604, '2025-04-29 14:00:50', '2025-04-29 14:00:50'),
(24, 'Dr. Katona Szandra PhD', 'Tamás-Szűcs Zita', 'Farkas Barna PhD', 'Székesfehérvár', '2007-02-28', 'Kaposvár', 'férfi', 87898652, '2025-04-29 14:00:50', '2025-04-29 14:00:50'),
(25, 'Prof. Németh Áronné', 'Id. Hajdu Henriett PhD', 'Prof. Pintér Nikoletta', 'Vásárosnamény', '2001-04-25', 'Budapest', 'férfi', 25367379, '2025-04-29 14:00:50', '2025-04-29 14:00:50'),
(26, 'Lukács Nikoletta PhD', 'Id. Lászlóné Hanga', 'Oláhné Varga Olívia', 'Dunaújváros', '1994-04-21', 'Kemecse', 'férfi', 89034744, '2025-04-29 14:00:50', '2025-04-29 14:00:50'),
(27, 'Dr. Patakiné Zita', 'Dr. Pataki Kevin PhD', 'Fülöp Virág PhD', 'Sümeg', '1971-12-02', 'Budapest', 'nő', 51794285, '2025-04-29 14:00:50', '2025-04-29 14:00:50'),
(28, 'Dudás Jázmin', 'Kelemen Kevin PhD', 'Prof. Pál Gizella PhD', 'Budapest', '1969-06-23', 'Budapest', 'nő', 71817674, '2025-04-29 14:00:50', '2025-04-29 14:00:50'),
(29, 'Szilágyiné Fazekas Panna', 'Báró Papp Kata PhD', 'Özv. Végh Gábor', 'Szombathely', '1994-06-29', 'Budapest', 'férfi', 25398046, '2025-04-29 14:00:50', '2025-04-29 14:00:50'),
(30, 'Prof. Németh Milán PhD', 'Özv. Péter Balázs PhD', 'Balla Vince', 'Hódmezővásárhely', '1981-03-16', 'Dunaújváros', 'nő', 52799197, '2025-04-29 14:00:50', '2025-04-29 14:00:50'),
(31, 'Szalai-Rácz Judit', 'Balázs Richárd PhD', 'Dr. Horváth Zoltánné', 'Kaposvár', '1945-06-17', 'Debrecen', 'férfi', 69464190, '2025-04-29 14:00:50', '2025-04-29 14:00:50'),
(32, 'Hegedűs Árpád', 'Dr. Varga Dorottya', 'Ifj. Kocsis Rudolfné', 'Budapest', '1998-10-21', 'Letenye', 'nő', 27828820, '2025-04-29 14:00:50', '2025-04-29 14:00:50'),
(33, 'Báró Bakos Kristófné', 'Prof. Somogyi Imréné', 'Barta Attila', 'Budapest', '1954-01-19', 'Budapest', 'nő', 22190445, '2025-04-29 14:00:50', '2025-04-29 14:00:50'),
(34, 'Illés Balázs', 'Biró Gitta', 'Prof. Veres Boróka', 'Érd', '2000-05-11', 'Budapest', 'nő', 44924545, '2025-04-29 14:00:50', '2025-04-29 14:00:50'),
(35, 'Báró Juhász Erzsébet PhD', 'Vass Ernő PhD', 'Végh Bendegúz PhD', 'Budapest', '1987-10-18', 'Budapest', 'nő', 9641905, '2025-04-29 14:00:50', '2025-04-29 14:00:50'),
(36, 'Dr. László Julianna', 'Szilágyi Angéla PhD', 'Dr. Pataki Márton PhD', 'Nyíregyháza', '1950-09-02', 'Budapest', 'férfi', 27276532, '2025-04-29 14:00:50', '2025-04-29 14:00:50'),
(37, 'Veres Panna PhD', 'Rácz Katalin', 'Deák Barnabás', 'Budapest', '1956-01-20', 'Budapest', 'nő', 49754668, '2025-04-29 14:00:50', '2025-04-29 14:00:50'),
(38, 'Jónás Péter PhD', 'Bodnár Zita', 'Vörösné Máté Mária', 'Eger', '1982-04-28', 'Debrecen', 'nő', 98652999, '2025-04-29 14:00:50', '2025-04-29 14:00:50'),
(39, 'Fodor-Orbán Adél', 'Ifj. Hegedüs Ernő PhD', 'Némethné Fekete Jázmin', 'Veszprém', '1994-07-23', 'Győr', 'nő', 15365384, '2025-04-29 14:00:50', '2025-04-29 14:00:50'),
(40, 'Bálint Zsombor PhD', 'Özv. Törökné Liliána', 'Fábián-Bodnár Szandra', 'Szolnok', '1950-11-18', 'Szombathely', 'férfi', 76219682, '2025-04-29 14:00:50', '2025-04-29 14:00:50'),
(41, 'Oláh Ernő', 'Szekeres Ernő', 'Kiss Patrik PhD', 'Nagykanizsa', '1978-12-04', 'Budapest', 'nő', 95736136, '2025-04-29 14:00:50', '2025-04-29 14:00:50'),
(42, 'Özv. Pataki Boglárka PhD', 'Tóth Zsóka PhD', 'Rácz Mátyás PhD', 'Jászapáti', '1984-01-31', 'Budapest', 'nő', 45078760, '2025-04-29 14:00:50', '2025-04-29 14:00:50'),
(43, 'Novákné Fábián Milla', 'Gróf Juhászné Zita', 'Id. Tamás Ernő', 'Csenger', '1990-02-06', 'Tokaj', 'férfi', 2658106, '2025-04-29 14:00:50', '2025-04-29 14:00:50'),
(44, 'Fábián Barnabás PhD', 'Gróf Novák Jenő', 'Özv. Deákné Mia', 'Szigetszentmiklós', '1967-05-12', 'Budapest', 'nő', 25778326, '2025-04-29 14:00:50', '2025-04-29 14:00:50'),
(45, 'Borbély-Dudás Andrea', 'Ifj. Vincze Virág PhD', 'Fehér Milánné', 'Kecskemét', '1939-12-14', 'Szekszárd', 'férfi', 93974477, '2025-04-29 14:00:50', '2025-04-29 14:00:50'),
(46, 'Nagyné Borbély Boglárka', 'Dr. Szücsné Virág', 'Dudás Mia', 'Budapest', '1989-09-14', 'Szombathely', 'nő', 8606981, '2025-04-29 14:00:50', '2025-04-29 14:00:50'),
(47, 'Özv. Borbély Albert', 'Prof. Gáspár Vince PhD', 'Orbán-Vincze Georgina', 'Nagykanizsa', '1979-04-29', 'Pécs', 'nő', 18512236, '2025-04-29 14:00:50', '2025-04-29 14:00:50'),
(48, 'Somogyi Antal PhD', 'Báró Fehérné Bettina', 'Juhász Zétény', 'Tiszakécske', '1987-10-15', 'Hódmezővásárhely', 'nő', 41465423, '2025-04-29 14:00:50', '2025-04-29 14:00:50'),
(49, 'Prof. Orbán Szabina PhD', 'Báró Bodnár Fanni PhD', 'Id. Faragó Péter', 'Budapest', '1969-05-08', 'Sopron', 'férfi', 76352402, '2025-04-29 14:00:50', '2025-04-29 14:00:50'),
(50, 'Prof. Soós Noel', 'Molnár Kincső', 'Gróf Szilágyi Liza PhD', 'Kaposvár', '1964-12-24', 'Budapest', 'férfi', 26215267, '2025-04-29 14:00:50', '2025-04-29 14:00:50'),
(51, 'Takács Dorottya PhD', 'Id. Fehérné Klaudia', 'Pintér Klaudia PhD', 'Salgótarján', '1982-02-04', 'Budapest', 'férfi', 32539145, '2025-04-29 14:00:50', '2025-04-29 14:00:50'),
(52, 'Prof. Katona Albert PhD', 'Szabóné Juhász Liliána', 'Prof. Siposné Mirella', 'Pécs', '1951-08-17', 'Budapest', 'nő', 14812470, '2025-04-29 14:00:50', '2025-04-29 14:00:50'),
(53, 'Id. Sipos Attila PhD', 'Dr. Balla Zoltán', 'Özv. Deák Kíra', 'Budapest', '1957-02-22', 'Miskolc', 'férfi', 86223784, '2025-04-29 14:00:50', '2025-04-29 14:00:50'),
(54, 'Dr. Deák Rudolf', 'Prof. Gálné Flóra', 'Szőke-Kovács Marietta', 'Debrecen', '1946-02-08', 'Nyíregyháza', 'férfi', 84155174, '2025-04-29 14:00:50', '2025-04-29 14:00:50'),
(55, 'Ifj. Biróné Boglárka', 'Prof. Pappné Olívia', 'Faragó Benedekné', 'Balatonalmádi', '1959-06-06', 'Hatvan', 'nő', 65691031, '2025-04-29 14:00:50', '2025-04-29 14:00:50'),
(56, 'Németh Izabella', 'Prof. Lengyel Ernő', 'Prof. Deákné Virág', 'Budapest', '1953-12-05', 'Budapest', 'férfi', 42809829, '2025-04-29 14:00:50', '2025-04-29 14:00:50'),
(57, 'Dr. Feketéné Mária', 'Jónás Szandra', 'Novák Evelin', 'Kisvárda', '1978-01-10', 'Budapest', 'nő', 36503722, '2025-04-29 14:00:50', '2025-04-29 14:00:50'),
(58, 'Özv. Oláh Richárdné', 'Prof. Magyarné Soma', 'Özv. Dobos Flóra PhD', 'Tokaj', '1956-12-04', 'Dunaújváros', 'nő', 33244733, '2025-04-29 14:00:50', '2025-04-29 14:00:50'),
(59, 'Deák-Jakab Zita', 'Németh-Tamás Linda', 'Id. Bodnár Árpád PhD', 'Budapest', '1992-11-12', 'Mosonmagyaróvár', 'nő', 62846313, '2025-04-29 14:00:50', '2025-04-29 14:00:50'),
(60, 'Papp Bendegúz', 'Horváth István', 'Prof. Bálint Bence', 'Budapest', '1961-11-10', 'Budapest', 'nő', 54895998, '2025-04-29 14:00:50', '2025-04-29 14:00:50'),
(61, 'Ifj. Kiss Sára', 'Lengyel Zita', 'Özv. Bodnár Soma', 'Kapuvár', '2003-10-03', 'Hatvan', 'nő', 88830515, '2025-04-29 14:00:50', '2025-04-29 14:00:50'),
(62, 'Kisné Csonka Mirella', 'Sándor István PhD', 'Vörös Rudolf', 'Budapest', '1976-04-13', 'Miskolc', 'nő', 49078691, '2025-04-29 14:00:50', '2025-04-29 14:00:50'),
(63, 'Csonkáné Halász Beatrix', 'Gróf Vass Vincéné', 'Nagyné Jakab Csenge', 'Eger', '1952-06-06', 'Budapest', 'férfi', 32307769, '2025-04-29 14:00:50', '2025-04-29 14:00:50'),
(64, 'Balog Doriánné', 'Kis Sándor', 'Báró Gál Kincső', 'Budapest', '2006-05-27', 'Budapest', 'nő', 53836295, '2025-04-29 14:00:50', '2025-04-29 14:00:50'),
(65, 'Lakatos Léna', 'Prof. Jónás Kornél', 'Szőke László', 'Salgótarján', '1974-02-27', 'Budapest', 'nő', 46007739, '2025-04-29 14:00:50', '2025-04-29 14:00:50'),
(66, 'Rácz Erzsébet PhD', 'Dr. Hajdu Árpád PhD', 'Jakab-Szűcs Gizella', 'Letenye', '1982-08-13', 'Győr', 'férfi', 75634794, '2025-04-29 14:00:50', '2025-04-29 14:00:50'),
(67, 'Báró Pásztor Sára', 'Barna Csenge', 'Gáspár Ernő PhD', 'Veszprém', '1941-12-05', 'Budapest', 'nő', 83885724, '2025-04-29 14:00:50', '2025-04-29 14:00:50'),
(68, 'Fekete Marianna PhD', 'Dr. Hajdu Maja PhD', 'Török Rebeka PhD', 'Kiskunmajsa', '1975-02-01', 'Budapest', 'nő', 22923110, '2025-04-29 14:00:50', '2025-04-29 14:00:50'),
(69, 'Id. Takács Kincső PhD', 'Borbély-Fehér Míra', 'Balogh-Bálint Dorottya', 'Budapest', '1997-09-22', 'Keszthely', 'nő', 54721490, '2025-04-29 14:00:50', '2025-04-29 14:00:50'),
(70, 'Budai Dorián', 'Soósné Katona Mirella', 'Gróf Vörös Botond PhD', 'Budapest', '1971-10-07', 'Budapest', 'férfi', 40961754, '2025-04-29 14:00:50', '2025-04-29 14:00:50'),
(71, 'Dr. Gáspár Áron PhD', 'Rácz Anikó', 'Ifj. Horváth Ottóné', 'Budapest', '1975-11-21', 'Zalaegerszeg', 'nő', 47979761, '2025-04-29 14:00:50', '2025-04-29 14:00:50'),
(72, 'Székelyné Novák Julianna', 'Szücs-Sipos Gabriella', 'Lukács-Borbély Milla', 'Budapest', '1936-06-21', 'Hajdúnánás', 'nő', 5060323, '2025-04-29 14:00:50', '2025-04-29 14:00:50'),
(73, 'Farkas Rudolf', 'Lakatos Noelné', 'Kerekes Botond', 'Budapest', '1982-05-30', 'Budapest', 'férfi', 49117502, '2025-04-29 14:00:50', '2025-04-29 14:00:50'),
(74, 'Faragóné Magyar Johanna', 'Tamás-Németh Henrietta', 'Pál-Varga Hanga', 'Budapest', '1957-02-20', 'Budapest', 'férfi', 99316313, '2025-04-29 14:00:50', '2025-04-29 14:00:50'),
(75, 'Bognár Jázmin', 'Id. Szabó Klaudia', 'Id. Major Zsombor', 'Budapest', '2003-02-21', 'Budapest', 'nő', 2232594, '2025-04-29 14:00:50', '2025-04-29 14:00:50'),
(76, 'Ifj. Kerekes Péterné', 'Báró Juhász Ramóna', 'Váradi Andrea PhD', 'Szekszárd', '2000-02-16', 'Békés', 'nő', 5457899, '2025-04-29 14:00:50', '2025-04-29 14:00:50'),
(77, 'Özv. Somogyiné Georgina', 'Báró Szabó Áron PhD', 'Kovács Kristóf', 'Budapest', '1983-03-02', 'Salgótarján', 'férfi', 45579837, '2025-04-29 14:00:50', '2025-04-29 14:00:50'),
(78, 'Dr. László Endre PhD', 'Dr. Németh Milán', 'Özv. Pásztor Attiláné', 'Szekszárd', '1950-02-10', 'Salgótarján', 'nő', 18526872, '2025-04-29 14:00:50', '2025-04-29 14:00:50'),
(79, 'Hajdu Mia PhD', 'Török Kata', 'Takács Zoltán PhD', 'Szekszárd', '1942-07-19', 'Szeged', 'nő', 86624237, '2025-04-29 14:00:50', '2025-04-29 14:00:50'),
(80, 'Dr. Balogh Gabriella PhD', 'Id. Szekeres Bendegúz PhD', 'Kocsis Szervác PhD', 'Szombathely', '2004-11-23', 'Budapest', 'nő', 60942566, '2025-04-29 14:00:50', '2025-04-29 14:00:50'),
(81, 'Takács Jázmin PhD', 'Özv. Bognár Balázs PhD', 'Id. Szalainé Dorottya', 'Szombathely', '1979-02-12', 'Sopron', 'férfi', 5701298, '2025-04-29 14:00:50', '2025-04-29 14:00:50'),
(82, 'Balogh-Kozma Evelin', 'Balla Milán PhD', 'Gálné Szilágyi Dorottya', 'Szekszárd', '1976-05-31', 'Miskolc', 'férfi', 21922745, '2025-04-29 14:00:50', '2025-04-29 14:00:50'),
(83, 'Hegedüs Botond PhD', 'Soós Mihály PhD', 'Id. Mészáros Bendegúz', 'Budapest', '1947-06-04', 'Budapest', 'nő', 93122951, '2025-04-29 14:00:50', '2025-04-29 14:00:50'),
(84, 'Prof. Balog Imréné', 'Prof. Lukácsné Szandra', 'Fehér-Soós Henriett', 'Budapest', '1957-04-06', 'Budapest', 'nő', 38291867, '2025-04-29 14:00:50', '2025-04-29 14:00:50'),
(85, 'Fábián-Antal Ramóna', 'Prof. Virág Marietta PhD', 'Dr. Jónásné Katalin', 'Budapest', '2000-12-30', 'Budapest', 'nő', 53727918, '2025-04-29 14:00:50', '2025-04-29 14:00:50'),
(86, 'Tóthné Farkas Andrea', 'Bognár Botondné', 'Bálint-Deák Zita', 'Békéscsaba', '1967-06-01', 'Makó', 'nő', 13037891, '2025-04-29 14:00:50', '2025-04-29 14:00:50'),
(87, 'Ifj. Gáspár Richárd PhD', 'Balog Zétényné', 'Tamás Antal PhD', 'Budapest', '1978-07-28', 'Kaposvár', 'nő', 55145019, '2025-04-29 14:00:50', '2025-04-29 14:00:50'),
(88, 'Gróf Kocsis Barna PhD', 'Dudás-Kis Kíra', 'Pap Csenge PhD', 'Mezőkovácsháza', '1963-12-24', 'Budapest', 'nő', 54398745, '2025-04-29 14:00:51', '2025-04-29 14:00:51'),
(89, 'Gróf Barna Zétény', 'Báró Orbánné Katalin', 'Hegedűs-Csonka Julianna', 'Miskolc', '1971-11-05', 'Szekszárd', 'férfi', 70749728, '2025-04-29 14:00:51', '2025-04-29 14:00:51'),
(90, 'Szőke Antal PhD', 'Fazekas-Kiss Georgina', 'Vörösné Barta Patrícia', 'Budapest', '1960-06-16', 'Budapest', 'férfi', 42779536, '2025-04-29 14:00:51', '2025-04-29 14:00:51'),
(91, 'Báró Tóthné Milla', 'Prof. Vörös Kornélné', 'Özv. Kiss Rudolf PhD', 'Zalaegerszeg', '1959-12-10', 'Budapest', 'nő', 45685954, '2025-04-29 14:00:51', '2025-04-29 14:00:51'),
(92, 'Lengyel Milán PhD', 'Biró Hunor', 'Gróf Péterné Kincső', 'Kecskemét', '2002-02-21', 'Budapest', 'férfi', 77042289, '2025-04-29 14:00:51', '2025-04-29 14:00:51'),
(93, 'Pál Linda', 'Báró Sipos Ernőné', 'Id. Budai Jenőné', 'Budapest', '1944-03-04', 'Nagykanizsa', 'nő', 27189038, '2025-04-29 14:00:51', '2025-04-29 14:00:51'),
(94, 'Nemes Hunor', 'Kerekes Kincső PhD', 'Özv. Kerekes Léna PhD', 'Budapest', '1961-10-12', 'Budapest', 'nő', 2185890, '2025-04-29 14:00:51', '2025-04-29 14:00:51'),
(95, 'Gáspár Botond', 'Balogh-Gál Mia', 'Németh-Balázs Georgina', 'Budakeszi', '2002-12-26', 'Budapest', 'férfi', 33262700, '2025-04-29 14:00:51', '2025-04-29 14:00:51'),
(96, 'Pataki Olivér PhD', 'Vörös Jenőné', 'Székely Rebeka PhD', 'Salgótarján', '1966-01-05', 'Salgótarján', 'nő', 97581999, '2025-04-29 14:00:51', '2025-04-29 14:00:51'),
(97, 'Lengyel Rebeka', 'Jakab Dorián', 'Sándor Rebeka', 'Budapest', '1994-12-08', 'Sopron', 'nő', 45757473, '2025-04-29 14:00:51', '2025-04-29 14:00:51'),
(98, 'Budai Péterné', 'Gróf Szűcs Antalné', 'Vincze Árpád', 'Győr', '1990-09-30', 'Bicske', 'nő', 95059202, '2025-04-29 14:00:51', '2025-04-29 14:00:51'),
(99, 'Ifj. Bodnár Zsombor PhD', 'Ifj. Kozma Noel PhD', 'Prof. Szekeres Fanni PhD', 'Kisvárda', '2002-05-27', 'Zalaegerszeg', 'férfi', 26945309, '2025-04-29 14:00:51', '2025-04-29 14:00:51'),
(100, 'Prof. Balog Ramóna', 'Id. Szőke Imréné', 'Dr. Orosz Árminné', 'Budapest', '2006-06-23', 'Eger', 'nő', 29154383, '2025-04-29 14:00:51', '2025-04-29 14:00:51'),
(101, 'Barna Szabina', 'Barta Erzsébet PhD', 'Pataki-Juhász Léna', 'Budapest', '1972-10-28', 'Budapest', 'férfi', 48010387, '2025-04-29 14:00:51', '2025-04-29 14:00:51'),
(102, 'Székely Barnabás', 'Prof. Vincze Árminné', 'Juhász Kevin PhD', 'Kazincbarcika', '1976-04-13', 'Tolna', 'nő', 60615750, '2025-04-29 14:00:51', '2025-04-29 14:00:51'),
(103, 'Ifj. Bodnár Doriánné', 'Varga-Sándor Liza', 'Barta Noel', 'Érd', '1953-12-27', 'Budapest', 'férfi', 85802907, '2025-04-29 14:00:51', '2025-04-29 14:00:51'),
(104, 'Dr. Bodnár Mihályné', 'Ifj. Sipos Milán PhD', 'Ifj. Kerekes Beatrix', 'Békéscsaba', '1954-05-27', 'Budapest', 'nő', 63488731, '2025-04-29 14:00:51', '2025-04-29 14:00:51'),
(105, 'Id. Antal Mihály', 'Özv. Lakatos Vincéné', 'Szabó Barnáné', 'Budapest', '2004-11-21', 'Heves', 'nő', 89140904, '2025-04-29 14:00:51', '2025-04-29 14:00:51'),
(106, 'Gulyás Olívia PhD', 'Prof. Török Hunor PhD', 'Dr. Jónás Olivér', 'Budapest', '1987-04-20', 'Békéscsaba', 'nő', 91962588, '2025-04-29 14:00:51', '2025-04-29 14:00:51'),
(107, 'Ifj. Pál Géza PhD', 'Id. Király Kristóf', 'Fábián Mihály PhD', 'Veszprém', '1943-01-11', 'Nagykanizsa', 'férfi', 43954778, '2025-04-29 14:00:51', '2025-04-29 14:00:51'),
(108, 'Oláh Olívia PhD', 'Soós Mátyás PhD', 'Tóth-Lengyel Izabella', 'Budapest', '1973-02-03', 'Székesfehérvár', 'férfi', 6071484, '2025-04-29 14:00:51', '2025-04-29 14:00:51'),
(109, 'Török Olivér PhD', 'Prof. Katona Kevinné', 'Kelemen Zsomborné', 'Zalaegerszeg', '1981-11-24', 'Budapest', 'nő', 31889207, '2025-04-29 14:00:51', '2025-04-29 14:00:51'),
(110, 'Báró Fülöpné Linda', 'Dr. Kozma Zétény', 'Prof. Hegedűs Olívia PhD', 'Budapest', '1991-12-16', 'Budapest', 'férfi', 65680341, '2025-04-29 14:00:51', '2025-04-29 14:00:51'),
(111, 'Bakos Marianna PhD', 'Király Jánosné', 'Veresné Kerekes Milla', 'Budapest', '1989-04-18', 'Veszprém', 'nő', 9777003, '2025-04-29 14:00:51', '2025-04-29 14:00:51'),
(112, 'Prof. Gál Ádám PhD', 'Özv. Kelemen Liliána', 'Kiss Szabina', 'Kecskemét', '1935-12-07', 'Dunaújváros', 'férfi', 15256646, '2025-04-29 14:00:51', '2025-04-29 14:00:51'),
(113, 'Prof. Antal Kevinné', 'Prof. Kerekes Mária', 'Oláh Ramóna', 'Budapest', '1945-04-15', 'Vasvár', 'nő', 27033222, '2025-04-29 14:00:51', '2025-04-29 14:00:51'),
(114, 'Özv. Orbánné Mária', 'Gróf Sándor Adél PhD', 'Gróf Orosz Ernőné', 'Debrecen', '1984-11-10', 'Kecskemét', 'nő', 16542446, '2025-04-29 14:00:51', '2025-04-29 14:00:51'),
(115, 'Prof. Major Noelné', 'Dr. Novák Botondné', 'Molnár Zsomborné', 'Dunaújváros', '1975-10-09', 'Szekszárd', 'nő', 4809508, '2025-04-29 14:00:51', '2025-04-29 14:00:51'),
(116, 'Dr. Lengyel Endrené', 'Biró Zétény PhD', 'Kerekes Richárd', 'Budapest', '1952-09-07', 'Budapest', 'férfi', 81510341, '2025-04-29 14:00:51', '2025-04-29 14:00:51'),
(117, 'Dr. Végh Dorottya PhD', 'Borbély Mihályné', 'Katona Zsóka PhD', 'Budapest', '1937-04-23', 'Szombathely', 'nő', 39719585, '2025-04-29 14:00:51', '2025-04-29 14:00:51'),
(118, 'Dr. Szilágyi Bettina PhD', 'Deák Vincéné', 'Kiss Erzsébet', 'Budapest', '2001-12-24', 'Siófok', 'nő', 53558154, '2025-04-29 14:00:51', '2025-04-29 14:00:51'),
(119, 'Prof. Kozma Rebeka', 'Kovács Gitta PhD', 'Gróf Dudás Erzsébet PhD', 'Dunaújváros', '1981-03-27', 'Budapest', 'férfi', 15268803, '2025-04-29 14:00:51', '2025-04-29 14:00:51'),
(120, 'Bálint Sára PhD', 'Dr. Péter Mirella', 'Dr. Novák Erzsébet PhD', 'Budapest', '2003-04-11', 'Miskolc', 'férfi', 38853622, '2025-04-29 14:00:51', '2025-04-29 14:00:51'),
(121, 'Szabóné Végh Liliána', 'Id. Magyar Mátyás', 'Özv. Csonkáné Martina', 'Székesfehérvár', '1942-12-10', 'Gyöngyös', 'férfi', 26153472, '2025-04-29 14:00:51', '2025-04-29 14:00:51'),
(122, 'Kovács Bence', 'Szücsné Barta Szandra', 'Gróf Szűcs Milán PhD', 'Miskolc', '1945-04-07', 'Szekszárd', 'férfi', 26871781, '2025-04-29 14:00:51', '2025-04-29 14:00:51'),
(123, 'Szücs Ármin PhD', 'Tamás Gitta', 'Prof. Kovács Péter PhD', 'Budapest', '1958-05-30', 'Kecskemét', 'nő', 73872645, '2025-04-29 14:00:51', '2025-04-29 14:00:51'),
(124, 'László Noelné', 'Ifj. Novák Kristófné', 'Prof. Major Bendegúz', 'Budapest', '1960-10-09', 'Budapest', 'férfi', 80482786, '2025-04-29 14:00:51', '2025-04-29 14:00:51'),
(125, 'Gáspárné Hegedüs Szonja', 'Prof. Barta Jánosné', 'Prof. Vörösné Csenge', 'Zalaegerszeg', '1958-01-17', 'Szeged', 'nő', 56411700, '2025-04-29 14:00:51', '2025-04-29 14:00:51'),
(126, 'Dr. Végh Márton', 'Prof. Hegedűs Linda', 'Prof. Orbán Soma PhD', 'Szeged', '1993-09-05', 'Gyula', 'férfi', 94298726, '2025-04-29 14:00:51', '2025-04-29 14:00:51'),
(127, 'Prof. Orosz Rebeka PhD', 'Gróf Németh Dalma PhD', 'Özv. Szalai Gabriella', 'Mosonmagyaróvár', '1999-11-14', 'Veszprém', 'férfi', 57959906, '2025-04-29 14:00:51', '2025-04-29 14:00:51'),
(128, 'Fodor-Veres Gréta', 'Dr. Budainé Anikó', 'Máté Gábor', 'Budapest', '1955-12-21', 'Mátészalka', 'nő', 97884806, '2025-04-29 14:00:51', '2025-04-29 14:00:51'),
(129, 'Péter-Bognár Adél', 'Prof. Pál Nikoletta', 'Végh Nikoletta', 'Budapest', '1971-11-07', 'Mezőcsát', 'férfi', 88751471, '2025-04-29 14:00:51', '2025-04-29 14:00:51'),
(130, 'Dr. Szűcs Kornél', 'Gróf Biró Judit', 'Ifj. Kis Sára', 'Budapest', '1977-12-23', 'Szeged', 'férfi', 44362642, '2025-04-29 14:00:51', '2025-04-29 14:00:51'),
(131, 'Prof. Simon Milla PhD', 'Prof. Illés Patrik PhD', 'Dr. Lakatosné Panna', 'Salgótarján', '1988-05-02', 'Budapest', 'nő', 52011735, '2025-04-29 14:00:51', '2025-04-29 14:00:51'),
(132, 'Lakatos Jánosné', 'Barna Izabella PhD', 'Faragó László PhD', 'Budapest', '2006-10-07', 'Békéscsaba', 'nő', 74518889, '2025-04-29 14:00:51', '2025-04-29 14:00:51'),
(133, 'Báró Veres Antal', 'Báró Balog Patrik', 'Prof. Nemesné Adél', 'Hódmezővásárhely', '1983-04-10', 'Székesfehérvár', 'férfi', 9845639, '2025-04-29 14:00:51', '2025-04-29 14:00:51'),
(134, 'Prof. Szekeres Valéria PhD', 'Bogdán Izabella PhD', 'Özv. Somogyiné Boglárka', 'Budapest', '1960-06-29', 'Dombóvár', 'nő', 32371946, '2025-04-29 14:00:51', '2025-04-29 14:00:51'),
(135, 'Tamás Marianna PhD', 'Bálintné Csonka Linda', 'Tamás Dorina PhD', 'Budapest', '1940-11-09', 'Budapest', 'férfi', 69592778, '2025-04-29 14:00:51', '2025-04-29 14:00:51'),
(136, 'Tamás Nikoletta PhD', 'Németh Dalma PhD', 'Sipos Dorián', 'Budapest', '1948-10-20', 'Budapest', 'férfi', 72028089, '2025-04-29 14:00:51', '2025-04-29 14:00:51'),
(137, 'Özv. Kerekesné Erzsébet', 'László Ramóna', 'Dr. Szőkené Emőke', 'Salgótarján', '1981-01-27', 'Szentgotthárd', 'férfi', 70633761, '2025-04-29 14:00:51', '2025-04-29 14:00:51'),
(138, 'Balogh-Fülöp Zita', 'Özv. Vincze Attila PhD', 'Prof. Major István PhD', 'Budapest', '1960-10-01', 'Sopron', 'nő', 6801362, '2025-04-29 14:00:51', '2025-04-29 14:00:51'),
(139, 'Id. Nemes Boróka PhD', 'Pintér-Péter Mirella', 'Prof. Szücs Zsolt', 'Szeged', '1993-12-28', 'Salgótarján', 'férfi', 76241937, '2025-04-29 14:00:51', '2025-04-29 14:00:51'),
(140, 'Id. Simon Zoltánné', 'Borbély Gézané', 'Pataki Gréta', 'Budapest', '2007-03-06', 'Tatabánya', 'férfi', 16253265, '2025-04-29 14:00:51', '2025-04-29 14:00:51'),
(141, 'Dr. Horváth Jánosné', 'Balogh Jánosné', 'Szűcs Kornél', 'Keszthely', '1992-11-30', 'Tatabánya', 'nő', 45917354, '2025-04-29 14:00:51', '2025-04-29 14:00:51'),
(142, 'Soósné Dudás Boróka', 'Virág Zoltánné', 'Szilágyi-Bodnár Alexa', 'Győr', '1957-12-16', 'Budapest', 'férfi', 49224939, '2025-04-29 14:00:51', '2025-04-29 14:00:51'),
(143, 'Szalai Mátyás', 'Dr. Bogdán Julianna PhD', 'Vassné Balogh Zsóka', 'Szombathely', '1983-01-21', 'Budapest', 'nő', 50667781, '2025-04-29 14:00:51', '2025-04-29 14:00:51'),
(144, 'Horváth Mihályné', 'Kozma Liza', 'Gulyásné Lengyel Szabina', 'Eger', '1980-12-14', 'Bácsalmás', 'férfi', 67754477, '2025-04-29 14:00:51', '2025-04-29 14:00:51'),
(145, 'Prof. Biró Vilmos', 'Özv. Virágné Linda', 'Lakatos Albert', 'Székesfehérvár', '1997-04-18', 'Budapest', 'nő', 77950921, '2025-04-29 14:00:51', '2025-04-29 14:00:51'),
(146, 'Kelemen Henrietta', 'Prof. Dudás Zoltán', 'Özv. Bodnár Imre PhD', 'Szeged', '1995-07-29', 'Budapest', 'férfi', 26395340, '2025-04-29 14:00:51', '2025-04-29 14:00:51'),
(147, 'Id. Boros Áron', 'Szőke Gréta PhD', 'Farkas Vilmos', 'Budapest', '2002-02-21', 'Budapest', 'férfi', 12647208, '2025-04-29 14:00:51', '2025-04-29 14:00:51'),
(148, 'Ifj. Király Milánné', 'Dr. Máténé Zsóka', 'Kozmané Székely Alexa', 'Dunaújváros', '1949-02-10', 'Budapest', 'férfi', 92891871, '2025-04-29 14:00:51', '2025-04-29 14:00:51'),
(149, 'Szőke Imre', 'Fülöp Kata', 'Özv. Csonkáné Bettina', 'Budapest', '2005-12-27', 'Dunaújváros', 'férfi', 22514486, '2025-04-29 14:00:51', '2025-04-29 14:00:51'),
(150, 'Gál Panna PhD', 'Királyné Fodor Boróka', 'Prof. Sándor Benedekné', 'Budapest', '1956-12-14', 'Érd', 'nő', 5112138, '2025-04-29 14:00:51', '2025-04-29 14:00:51'),
(151, 'Dr. Vörös Ernőné', 'Sipos Jenő', 'Özv. Kelemen Henrietta PhD', 'Budapest', '1991-08-26', 'Budapest', 'nő', 75955701, '2025-04-29 14:00:51', '2025-04-29 14:00:51'),
(152, 'Papné Major Kata', 'Báró Kelemenné Hanga', 'Báró Törökné Míra', 'Budapest', '1956-07-29', 'Hódmezővásárhely', 'férfi', 44301470, '2025-04-29 14:00:51', '2025-04-29 14:00:51'),
(153, 'Szücs Zsóka PhD', 'Vincze-Szücs Szandra', 'Ifj. Gáspárné Henriett', 'Jánoshalma', '1960-01-30', 'Budapest', 'férfi', 45148622, '2025-04-29 14:00:51', '2025-04-29 14:00:51'),
(154, 'Török Sándor PhD', 'Prof. Feketéné Sára', 'Fülöpné Kocsis Mia', 'Kaposvár', '1958-09-05', 'Budapest', 'férfi', 3297805, '2025-04-29 14:00:51', '2025-04-29 14:00:51'),
(155, 'Soós Rebeka', 'Dr. Barna Dorottya PhD', 'Máté Barna PhD', 'Berettyóújfalu', '1962-03-17', 'Budapest', 'férfi', 29505827, '2025-04-29 14:00:51', '2025-04-29 14:00:51'),
(156, 'Gróf Fehér Rudolfné', 'Özv. Váradi Angéla', 'Kiss-Fazekas Milla', 'Szolnok', '1960-03-14', 'Budapest', 'nő', 31282578, '2025-04-29 14:00:51', '2025-04-29 14:00:51'),
(157, 'Juhászné Török Mirella', 'Özv. Takács Péter', 'Gáspárné Máté Georgina', 'Komárom', '1987-05-01', 'Vecsés', 'férfi', 7449722, '2025-04-29 14:00:51', '2025-04-29 14:00:51'),
(158, 'Oláh Ádám PhD', 'Prof. Dudás Zoltán PhD', 'Prof. Mészáros János', 'Sümeg', '1990-07-27', 'Budapest', 'férfi', 9271427, '2025-04-29 14:00:51', '2025-04-29 14:00:51'),
(159, 'Soós Jenő', 'Özv. Veres Gitta PhD', 'Orsós Árpád', 'Nagykanizsa', '1959-09-17', 'Budapest', 'nő', 81497940, '2025-04-29 14:00:51', '2025-04-29 14:00:51'),
(160, 'Balázs Judit', 'Ifj. Fábián Mihály PhD', 'Özv. Dobos Antal', 'Budapest', '1970-01-09', 'Budapest', 'nő', 24745509, '2025-04-29 14:00:51', '2025-04-29 14:00:51'),
(161, 'Székely-Gulyás Szonja', 'Id. Kelemen Zsoltné', 'Prof. Szilágyi Katalin', 'Eger', '1984-02-26', 'Győr', 'nő', 96134262, '2025-04-29 14:00:51', '2025-04-29 14:00:51'),
(162, 'Dr. Péter Antalné', 'Novákné Fülöp Léna', 'Gróf Molnár Olivérné', 'Gyula', '1965-11-23', 'Encs', 'férfi', 65739546, '2025-04-29 14:00:51', '2025-04-29 14:00:51'),
(163, 'Veres-Kis Zsóka', 'Borbély-Orbán Valéria', 'Péter Gézané', 'Budapest', '1963-01-07', 'Budapest', 'nő', 82468336, '2025-04-29 14:00:51', '2025-04-29 14:00:51'),
(164, 'Antal-Deák Jázmin', 'Deák Benedekné', 'Virágné Vass Zita', 'Dunaújváros', '1990-07-05', 'Martonvásár', 'férfi', 76778829, '2025-04-29 14:00:51', '2025-04-29 14:00:51'),
(165, 'Dr. Majorné Dorina', 'Tamás Endrené', 'Katona Kornél', 'Nagykanizsa', '1947-12-26', 'Devecser', 'nő', 97321967, '2025-04-29 14:00:51', '2025-04-29 14:00:51'),
(166, 'Papp Kristóf', 'Dr. Bakosné Ramóna', 'Pataki Áron PhD', 'Budapest', '1962-01-17', 'Baja', 'férfi', 8530015, '2025-04-29 14:00:51', '2025-04-29 14:00:51'),
(167, 'Máté Aranka PhD', 'Dr. Pál Marietta PhD', 'Pataki Emőke', 'Győr', '1974-06-14', 'Budapest', 'férfi', 39235943, '2025-04-29 14:00:51', '2025-04-29 14:00:51'),
(168, 'Lakatos Szervác PhD', 'Jónás Sára', 'Dr. Halász Mátyás', 'Budapest', '1951-04-23', 'Sopron', 'nő', 84147842, '2025-04-29 14:00:51', '2025-04-29 14:00:51'),
(169, 'Prof. Fodor Jázmin', 'Katona Zsombor', 'Dr. Barna Zsomborné', 'Tamási', '1981-01-06', 'Budapest', 'férfi', 75991466, '2025-04-29 14:00:51', '2025-04-29 14:00:51'),
(170, 'Gróf Bodnárné Johanna', 'Székely Milán', 'Jakabné Soós Evelin', 'Budapest', '2001-02-10', 'Budapest', 'nő', 72768111, '2025-04-29 14:00:51', '2025-04-29 14:00:51'),
(171, 'Id. Barta Kevin', 'Fehér-Sándor Ramóna', 'Özv. Szücs Vince', 'Budapest', '1945-09-11', 'Zalaegerszeg', 'nő', 22739268, '2025-04-29 14:00:51', '2025-04-29 14:00:51'),
(172, 'Orsós Patrik PhD', 'Prof. Katona Sándorné', 'Ifj. Horváth Rebeka', 'Eger', '1972-11-04', 'Budapest', 'férfi', 72430985, '2025-04-29 14:00:51', '2025-04-29 14:00:51'),
(173, 'Id. Véghné Liliána', 'Sándor Gréta', 'Prof. Oláh Gitta PhD', 'Budapest', '1959-10-25', 'Budapest', 'nő', 35124163, '2025-04-29 14:00:51', '2025-04-29 14:00:51'),
(174, 'Kocsis Mirella', 'Fehér Olivérné', 'Antal Julianna', 'Budapest', '1946-03-03', 'Hódmezővásárhely', 'férfi', 92378890, '2025-04-29 14:00:51', '2025-04-29 14:00:51'),
(175, 'Szűcs Attila PhD', 'Dr. Barna Szervác PhD', 'Özv. Hegedűs Barnabás PhD', 'Miskolc', '1965-07-17', 'Budapest', 'férfi', 43692512, '2025-04-29 14:00:51', '2025-04-29 14:00:51'),
(176, 'Hajdu Zsombor', 'Orbán Vince', 'László Olívia PhD', 'Érd', '1966-02-22', 'Szombathely', 'nő', 47085275, '2025-04-29 14:00:51', '2025-04-29 14:00:51'),
(177, 'Kelemen István PhD', 'Prof. Szabóné Henrietta', 'Bognár Soma', 'Miskolc', '1992-05-30', 'Körmend', 'férfi', 24723113, '2025-04-29 14:00:51', '2025-04-29 14:00:51'),
(178, 'Prof. Németh Géza PhD', 'Szücsné Papp Mária', 'Fehér Endre PhD', 'Budapest', '1997-03-30', 'Füzesabony', 'férfi', 52996475, '2025-04-29 14:00:51', '2025-04-29 14:00:51'),
(179, 'Bálint-Szücs Andrea', 'Szűcs Antalné', 'Papné Hajdu Aranka', 'Budapest', '1963-09-12', 'Tamási', 'nő', 14368743, '2025-04-29 14:00:51', '2025-04-29 14:00:51'),
(180, 'Takács Kornél', 'Özv. Szűcs Barnabásné', 'Budai-Gulyás Valéria', 'Zalaegerszeg', '1982-11-23', 'Budapest', 'férfi', 84199669, '2025-04-29 14:00:51', '2025-04-29 14:00:51'),
(181, 'Hegedüs Jázmin PhD', 'Id. Pappné Soma', 'Dr. Lukács Bence', 'Budapest', '1981-04-30', 'Budapest', 'férfi', 1899010, '2025-04-29 14:00:51', '2025-04-29 14:00:51'),
(182, 'Gáspárné Orbán Alexa', 'Özv. Török Judit', 'Ifj. Oláh Barnáné', 'Veszprém', '1990-11-19', 'Budapest', 'nő', 4729223, '2025-04-29 14:00:51', '2025-04-29 14:00:51'),
(183, 'Gróf Simon Noel PhD', 'Báró Fodor Richárd', 'Ifj. Szekeres Zoltánné', 'Nyíregyháza', '1979-12-31', 'Budapest', 'nő', 30875385, '2025-04-29 14:00:51', '2025-04-29 14:00:51'),
(184, 'Gulyás Mirella PhD', 'Orsós-Lukács Johanna', 'Gáspárné Borbély Maja', 'Budapest', '1999-02-09', 'Budapest', 'nő', 38410692, '2025-04-29 14:00:51', '2025-04-29 14:00:51'),
(185, 'Szücs Zsolt PhD', 'László Martina', 'Kerekes Ádám PhD', 'Budapest', '1940-10-13', 'Budapest', 'nő', 28528823, '2025-04-29 14:00:51', '2025-04-29 14:00:51'),
(186, 'Dr. Juhászné Lívia', 'Faragó Dorina PhD', 'Boros Botond', 'Budapest', '1972-10-29', 'Veszprém', 'nő', 26371265, '2025-04-29 14:00:51', '2025-04-29 14:00:51'),
(187, 'Soósné Fehér Dorina', 'Pál Benedekné', 'Dr. Sándor Rudolfné', 'Várpalota', '1952-08-19', 'Budapest', 'nő', 62566681, '2025-04-29 14:00:51', '2025-04-29 14:00:51'),
(188, 'Virág Zsomborné', 'Bogdánné Szabó Olívia', 'Gróf Horváth Géza', 'Celldömölk', '2005-03-01', 'Sopron', 'nő', 66019735, '2025-04-29 14:00:51', '2025-04-29 14:00:51'),
(189, 'Szűcs-Kelemen Soma', 'Prof. Szilágyiné Alexa', 'Gál Flóra', 'Budapest', '1977-06-04', 'Nagykanizsa', 'nő', 95514192, '2025-04-29 14:00:51', '2025-04-29 14:00:51'),
(190, 'Prof. Balog Attiláné', 'Gáspárné Kocsis Dorina', 'Prof. Székely Boglárka', 'Budapest', '1996-01-08', 'Budapest', 'férfi', 28808053, '2025-04-29 14:00:51', '2025-04-29 14:00:51'),
(191, 'Prof. Papné Olívia', 'Bogdánné Tóth Liza', 'Orosz Bence PhD', 'Tatabánya', '1978-09-18', 'Sopron', 'férfi', 14596292, '2025-04-29 14:00:51', '2025-04-29 14:00:51'),
(192, 'Báró Szalai Bendegúz PhD', 'Prof. Lengyel Péter', 'Gróf Jakab Olivér', 'Szeged', '1990-03-05', 'Budapest', 'férfi', 41462486, '2025-04-29 14:00:51', '2025-04-29 14:00:51'),
(193, 'Dr. Boros Bettina PhD', 'Ifj. Máté Áron', 'Nemes Géza', 'Budapest', '1987-02-19', 'Budapest', 'nő', 37244977, '2025-04-29 14:00:51', '2025-04-29 14:00:51'),
(194, 'Kovács Sándor', 'Csonka Hunorné', 'Gróf Bognár Hunor PhD', 'Mosonmagyaróvár', '1946-06-22', 'Békéscsaba', 'férfi', 40975983, '2025-04-29 14:00:51', '2025-04-29 14:00:51'),
(195, 'Prof. Fehér Barnáné', 'Prof. Barta Zsóka', 'Németh Patrícia', 'Budapest', '1970-09-09', 'Budapest', 'nő', 15723556, '2025-04-29 14:00:51', '2025-04-29 14:00:51'),
(196, 'Id. Lengyel Gréta', 'Prof. Magyar Gitta', 'Dr. Oláh Fanni PhD', 'Budapest', '1982-08-09', 'Budapest', 'férfi', 949373, '2025-04-29 14:00:51', '2025-04-29 14:00:51'),
(197, 'Gróf Kiss Gabriella PhD', 'Rácz-Borbély Judit', 'Kiss-Szabó Kata', 'Budapest', '1985-06-03', 'Budapest', 'nő', 52662823, '2025-04-29 14:00:51', '2025-04-29 14:00:51'),
(198, 'Gróf Hegedűs Ottó', 'Ifj. Székelyné Bettina', 'Vincze Barna', 'Budapest', '1961-11-02', 'Salgótarján', 'férfi', 38057235, '2025-04-29 14:00:51', '2025-04-29 14:00:51'),
(199, 'Hajdu Kornél', 'Faragó Boróka PhD', 'Id. Gulyás Hunorné', 'Érd', '2004-10-05', 'Budapest', 'nő', 65408534, '2025-04-29 14:00:51', '2025-04-29 14:00:51'),
(200, 'Dr. Vass Botond PhD', 'Jakab Jenő', 'Kiss Istvánné', 'Kecskemét', '1977-11-13', 'Budapest', 'férfi', 4662836, '2025-04-29 14:00:51', '2025-04-29 14:00:51');

-- --------------------------------------------------------

--
-- Tábla szerkezet ehhez a táblához `ugyfel_tipuses`
--

CREATE TABLE `ugyfel_tipuses` (
  `ugyfel_tipus_id` bigint(20) UNSIGNED NOT NULL,
  `ugyfel_fotipus` bigint(20) UNSIGNED DEFAULT NULL,
  `elnevezes` varchar(255) NOT NULL,
  `created_at` timestamp NULL DEFAULT NULL,
  `updated_at` timestamp NULL DEFAULT NULL
) ENGINE=InnoDB DEFAULT CHARSET=utf8mb4 COLLATE=utf8mb4_unicode_ci;

--
-- A tábla adatainak kiíratása `ugyfel_tipuses`
--

INSERT INTO `ugyfel_tipuses` (`ugyfel_tipus_id`, `ugyfel_fotipus`, `elnevezes`, `created_at`, `updated_at`) VALUES
(1, NULL, 'fogvatartott', NULL, NULL),
(2, 1, 'fogvatartott', NULL, NULL),
(3, 1, 'szabadult', NULL, NULL),
(4, 1, 'reintegrációs őrizetes', NULL, NULL),
(5, NULL, 'kapcsolattartó', NULL, NULL),
(6, 5, 'kapcsolattartó', NULL, NULL),
(7, 5, 'hozzátartozó', NULL, NULL),
(8, NULL, 'közösségi foglalkoztató ügyfél', NULL, NULL),
(9, 8, 'pártfogó felügyelet elrendelésével, feltételes szabadságra bocsátott elítélt ', NULL, NULL),
(10, 8, 'reintegrációs őrizetbe helyezett elítélt', NULL, NULL),
(11, 8, 'társadalmi kötődés programba helyezett elítélt', NULL, NULL),
(12, 8, 'EFOP/KMR szabadult ügyfél', NULL, NULL),
(13, 8, 'EFOP/KMR ügyfél hozzátartozó', NULL, NULL),
(14, 8, 'bv. intézeti jogviszonnyal rendelkezők hozzátartozói', NULL, NULL),
(15, 8, 'büntetését kitöltve szabadult', NULL, NULL);

-- --------------------------------------------------------

--
-- Tábla szerkezet ehhez a táblához `ugyfel_tipusok_dokumentumai`
--

CREATE TABLE `ugyfel_tipusok_dokumentumai` (
  `id` bigint(20) UNSIGNED NOT NULL,
  `ugyfel_tipus_id` bigint(20) UNSIGNED NOT NULL,
  `dokumentum_tipus_id` bigint(20) UNSIGNED NOT NULL,
  `created_at` timestamp NULL DEFAULT NULL,
  `updated_at` timestamp NULL DEFAULT NULL
) ENGINE=InnoDB DEFAULT CHARSET=utf8mb4 COLLATE=utf8mb4_unicode_ci;

--
-- A tábla adatainak kiíratása `ugyfel_tipusok_dokumentumai`
--

INSERT INTO `ugyfel_tipusok_dokumentumai` (`id`, `ugyfel_tipus_id`, `dokumentum_tipus_id`, `created_at`, `updated_at`) VALUES
(1, 2, 1, NULL, NULL),
(2, 2, 2, NULL, NULL),
(3, 2, 3, NULL, NULL),
(4, 2, 4, NULL, NULL),
(5, 2, 5, NULL, NULL),
(6, 2, 6, NULL, NULL),
(7, 2, 7, NULL, NULL),
(8, 2, 8, NULL, NULL),
(9, 3, 3, NULL, NULL),
(10, 3, 4, NULL, NULL),
(11, 3, 5, NULL, NULL),
(12, 3, 8, NULL, NULL),
(13, 4, 3, NULL, NULL),
(14, 4, 4, NULL, NULL),
(15, 4, 5, NULL, NULL),
(16, 4, 8, NULL, NULL),
(17, 6, 9, NULL, NULL),
(18, 6, 10, NULL, NULL),
(19, 6, 11, NULL, NULL),
(20, 7, 9, NULL, NULL),
(21, 7, 10, NULL, NULL),
(22, 7, 11, NULL, NULL),
(23, 9, 12, NULL, NULL),
(24, 9, 13, NULL, NULL),
(25, 9, 14, NULL, NULL),
(26, 9, 8, NULL, NULL),
(27, 10, 12, NULL, NULL),
(28, 10, 13, NULL, NULL),
(29, 10, 14, NULL, NULL),
(30, 10, 8, NULL, NULL),
(31, 11, 12, NULL, NULL),
(32, 11, 13, NULL, NULL),
(33, 11, 14, NULL, NULL),
(34, 11, 8, NULL, NULL),
(35, 12, 12, NULL, NULL),
(36, 12, 13, NULL, NULL),
(37, 12, 14, NULL, NULL),
(38, 13, 12, NULL, NULL),
(39, 13, 13, NULL, NULL),
(40, 13, 14, NULL, NULL),
(41, 14, 12, NULL, NULL),
(42, 14, 13, NULL, NULL),
(43, 14, 14, NULL, NULL),
(44, 15, 12, NULL, NULL),
(45, 15, 13, NULL, NULL),
(46, 15, 14, NULL, NULL);

-- --------------------------------------------------------

--
-- Tábla szerkezet ehhez a táblához `users`
--

CREATE TABLE `users` (
  `id` bigint(20) UNSIGNED NOT NULL,
  `name` varchar(255) NOT NULL,
  `email` varchar(255) NOT NULL,
  `role` tinyint(4) NOT NULL DEFAULT 2,
  `email_verified_at` timestamp NULL DEFAULT NULL,
  `password` varchar(255) NOT NULL,
  `remember_token` varchar(100) DEFAULT NULL,
  `created_at` timestamp NULL DEFAULT NULL,
  `updated_at` timestamp NULL DEFAULT NULL
) ENGINE=InnoDB DEFAULT CHARSET=utf8mb4 COLLATE=utf8mb4_unicode_ci;

--
-- A tábla adatainak kiíratása `users`
--

INSERT INTO `users` (`id`, `name`, `email`, `role`, `email_verified_at`, `password`, `remember_token`, `created_at`, `updated_at`) VALUES
(1, 'SzuperAdmin', 'superadmin@example.com', 0, '2025-04-29 14:00:52', '$2y$12$WL6.hgZ/h09W4qRi7FSuxej.haxBL7nGXV0Q/8BBgdsj98LZw7xU6', 'YPNWfWIXAt', '2025-04-29 14:00:53', '2025-04-29 14:00:53'),
(2, 'Test Stat', 'teststat@example.com', 2, '2025-04-29 14:00:53', '$2y$12$E7SA7o6Taes0/2NaQ5P5C.UddhEWE/3CM7sRAAez0KIctb1Dh1RN2', 'EQ4g3llu7N', '2025-04-29 14:00:53', '2025-04-29 14:00:53'),
(3, 'Test Doku', 'testdoku@example.com', 1, '2025-04-29 14:00:53', '$2y$12$ePLzCcfthrUPhdQq42U5lOqpdv/hQY6FUiG/WOgFAwUJXgDMhcvMu', 'hEd8L6XeWE', '2025-04-29 14:00:53', '2025-04-29 14:00:53'),
(4, 'Test Admin', 'testadmin@example.com', 0, '2025-04-29 14:00:54', '$2y$12$x/ujz3DFL2BPnnkJxxcNG.7XwRevjQbbYmJRp6sCgOBQ1LHuVzc5a', '0iDSlkwTc3', '2025-04-29 14:00:54', '2025-04-29 14:00:54'),
(5, 'Test Megszünt', 'testmegszunt@example.com', 3, '2025-04-29 14:00:54', '$2y$12$dVHF3qL7njPSDD4HKPXTGeYLXIj2lqKFxGjujGPV5JgcII9NHsXum', '8svltqG7lb', '2025-04-29 14:00:54', '2025-04-29 14:00:54'),
(6, 'Antoinette Prosacco DVM', 'aliza.lang@example.com', 2, '2025-04-29 14:00:54', '$2y$12$luB26EJ2qjQ3bHzydGgojexxzMISmZhrciEyq68SQEp5XeTWkSGQS', 'PivHI8vkHB', '2025-04-29 14:00:54', '2025-04-29 14:00:54'),
(7, 'Lisette Terry', 'uwolf@example.org', 2, '2025-04-29 14:00:54', '$2y$12$luB26EJ2qjQ3bHzydGgojexxzMISmZhrciEyq68SQEp5XeTWkSGQS', 'ht9lXtxVZ0', '2025-04-29 14:00:54', '2025-04-29 14:00:54'),
(8, 'Ladarius Torphy IV', 'judah25@example.org', 2, '2025-04-29 14:00:54', '$2y$12$luB26EJ2qjQ3bHzydGgojexxzMISmZhrciEyq68SQEp5XeTWkSGQS', 'Pj6jEVVj2N', '2025-04-29 14:00:54', '2025-04-29 14:00:54'),
(9, 'Dr. Allison Armstrong DVM', 'pfeffer.carmen@example.net', 2, '2025-04-29 14:00:54', '$2y$12$luB26EJ2qjQ3bHzydGgojexxzMISmZhrciEyq68SQEp5XeTWkSGQS', '95VYqHocMy', '2025-04-29 14:00:54', '2025-04-29 14:00:54'),
(10, 'Edwin Boyle', 'marcelina.powlowski@example.org', 2, '2025-04-29 14:00:54', '$2y$12$luB26EJ2qjQ3bHzydGgojexxzMISmZhrciEyq68SQEp5XeTWkSGQS', 'ao8HeybFXI', '2025-04-29 14:00:54', '2025-04-29 14:00:54'),
(11, 'Brook McDermott', 'malachi41@example.net', 2, '2025-04-29 14:00:54', '$2y$12$luB26EJ2qjQ3bHzydGgojexxzMISmZhrciEyq68SQEp5XeTWkSGQS', 'b1blKiayxF', '2025-04-29 14:00:54', '2025-04-29 14:00:54'),
(12, 'Dr. Mitchel Rogahn', 'rahul.vandervort@example.net', 2, '2025-04-29 14:00:54', '$2y$12$luB26EJ2qjQ3bHzydGgojexxzMISmZhrciEyq68SQEp5XeTWkSGQS', 'gf4igQT7SP', '2025-04-29 14:00:54', '2025-04-29 14:00:54'),
(13, 'Miss Adell Schowalter', 'wiegand.mauricio@example.com', 2, '2025-04-29 14:00:54', '$2y$12$luB26EJ2qjQ3bHzydGgojexxzMISmZhrciEyq68SQEp5XeTWkSGQS', 'Lky8nugB96', '2025-04-29 14:00:54', '2025-04-29 14:00:54'),
(14, 'Sabryna Lesch V', 'ardith38@example.org', 2, '2025-04-29 14:00:54', '$2y$12$luB26EJ2qjQ3bHzydGgojexxzMISmZhrciEyq68SQEp5XeTWkSGQS', 'gR7z88ZAmg', '2025-04-29 14:00:54', '2025-04-29 14:00:54'),
(15, 'Trever Hoppe IV', 'laila.lind@example.com', 2, '2025-04-29 14:00:54', '$2y$12$luB26EJ2qjQ3bHzydGgojexxzMISmZhrciEyq68SQEp5XeTWkSGQS', 'JoodsSO1rM', '2025-04-29 14:00:54', '2025-04-29 14:00:54');

--
-- Indexek a kiírt táblákhoz
--

--
-- A tábla indexei `dokumentumoks`
--
ALTER TABLE `dokumentumoks`
  ADD PRIMARY KEY (`dokumentumok_id`),
  ADD KEY `dokumentumoks_megvalositasi_helyszin_id_foreign` (`megvalositasi_helyszin_id`),
  ADD KEY `dokumentumoks_elszamolas_id_foreign` (`elszamolas_id`),
  ADD KEY `dokumentumoks_dokumentum_tipus_id_foreign` (`dokumentum_tipus_id`);

--
-- A tábla indexei `dokumentum_tipuses`
--
ALTER TABLE `dokumentum_tipuses`
  ADD PRIMARY KEY (`dokumentum_tipus_id`),
  ADD UNIQUE KEY `dokumentum_tipuses_dokumentum_neve_unique` (`dokumentum_neve`),
  ADD KEY `dokumentum_tipuses_elszamolas_tipus_id_foreign` (`elszamolas_tipus_id`);

--
-- A tábla indexei `elszamolas`
--
ALTER TABLE `elszamolas`
  ADD PRIMARY KEY (`elszamolas_id`),
  ADD KEY `elszamolas_megvalositasi_helyszin_id_foreign` (`megvalositasi_helyszin_id`),
  ADD KEY `elszamolas_ugyfel_id_foreign` (`ugyfel_id`),
  ADD KEY `elszamolas_elszamolas_tipus_id_foreign` (`elszamolas_tipus_id`),
  ADD KEY `elszamolas_ugyfel_tipus_id_foreign` (`ugyfel_tipus_id`);

--
-- A tábla indexei `elszamolas_tipuses`
--
ALTER TABLE `elszamolas_tipuses`
  ADD PRIMARY KEY (`elszamolas_tipus_id`),
  ADD UNIQUE KEY `elszamolas_tipuses_elszamolas_elnevezese_unique` (`elszamolas_elnevezese`);

--
-- A tábla indexei `failed_jobs`
--
ALTER TABLE `failed_jobs`
  ADD PRIMARY KEY (`id`),
  ADD UNIQUE KEY `failed_jobs_uuid_unique` (`uuid`);

--
-- A tábla indexei `megvalositasi_helyszins`
--
ALTER TABLE `megvalositasi_helyszins`
  ADD PRIMARY KEY (`megvalositasi_helyszin_id`),
  ADD KEY `megvalositasi_helyszins_intezet_foreign` (`intezet`);

--
-- A tábla indexei `migrations`
--
ALTER TABLE `migrations`
  ADD PRIMARY KEY (`id`);

--
-- A tábla indexei `password_reset_tokens`
--
ALTER TABLE `password_reset_tokens`
  ADD PRIMARY KEY (`email`);

--
-- A tábla indexei `personal_access_tokens`
--
ALTER TABLE `personal_access_tokens`
  ADD PRIMARY KEY (`id`),
  ADD UNIQUE KEY `personal_access_tokens_token_unique` (`token`),
  ADD KEY `personal_access_tokens_tokenable_type_tokenable_id_index` (`tokenable_type`,`tokenable_id`);

--
-- A tábla indexei `ugyfels`
--
ALTER TABLE `ugyfels`
  ADD PRIMARY KEY (`ugyfel_id`),
  ADD UNIQUE KEY `unique_szuletesi_nev_anyja_neve` (`szuletesi_nev`,`anyja_neve`,`szuletesi_hely`,`szuletesi_ido`);

--
-- A tábla indexei `ugyfel_tipuses`
--
ALTER TABLE `ugyfel_tipuses`
  ADD PRIMARY KEY (`ugyfel_tipus_id`),
  ADD KEY `ugyfel_tipuses_ugyfel_fotipus_foreign` (`ugyfel_fotipus`);

--
-- A tábla indexei `ugyfel_tipusok_dokumentumai`
--
ALTER TABLE `ugyfel_tipusok_dokumentumai`
  ADD PRIMARY KEY (`id`),
  ADD KEY `ugyfel_tipusok_dokumentumai_ugyfel_tipus_id_foreign` (`ugyfel_tipus_id`),
  ADD KEY `ugyfel_tipusok_dokumentumai_dokumentum_tipus_id_foreign` (`dokumentum_tipus_id`);

--
-- A tábla indexei `users`
--
ALTER TABLE `users`
  ADD PRIMARY KEY (`id`),
  ADD UNIQUE KEY `users_email_unique` (`email`);

--
-- A kiírt táblák AUTO_INCREMENT értéke
--

--
-- AUTO_INCREMENT a táblához `dokumentumoks`
--
ALTER TABLE `dokumentumoks`
  MODIFY `dokumentumok_id` bigint(20) UNSIGNED NOT NULL AUTO_INCREMENT;

--
-- AUTO_INCREMENT a táblához `dokumentum_tipuses`
--
ALTER TABLE `dokumentum_tipuses`
  MODIFY `dokumentum_tipus_id` bigint(20) UNSIGNED NOT NULL AUTO_INCREMENT, AUTO_INCREMENT=15;

--
-- AUTO_INCREMENT a táblához `elszamolas`
--
ALTER TABLE `elszamolas`
  MODIFY `elszamolas_id` bigint(20) UNSIGNED NOT NULL AUTO_INCREMENT;

--
-- AUTO_INCREMENT a táblához `elszamolas_tipuses`
--
ALTER TABLE `elszamolas_tipuses`
  MODIFY `elszamolas_tipus_id` bigint(20) UNSIGNED NOT NULL AUTO_INCREMENT, AUTO_INCREMENT=5;

--
-- AUTO_INCREMENT a táblához `failed_jobs`
--
ALTER TABLE `failed_jobs`
  MODIFY `id` bigint(20) UNSIGNED NOT NULL AUTO_INCREMENT;

--
-- AUTO_INCREMENT a táblához `megvalositasi_helyszins`
--
ALTER TABLE `megvalositasi_helyszins`
  MODIFY `megvalositasi_helyszin_id` bigint(20) UNSIGNED NOT NULL AUTO_INCREMENT, AUTO_INCREMENT=53;

--
-- AUTO_INCREMENT a táblához `migrations`
--
ALTER TABLE `migrations`
  MODIFY `id` int(10) UNSIGNED NOT NULL AUTO_INCREMENT, AUTO_INCREMENT=13;

--
-- AUTO_INCREMENT a táblához `personal_access_tokens`
--
ALTER TABLE `personal_access_tokens`
  MODIFY `id` bigint(20) UNSIGNED NOT NULL AUTO_INCREMENT;

--
-- AUTO_INCREMENT a táblához `ugyfels`
--
ALTER TABLE `ugyfels`
  MODIFY `ugyfel_id` bigint(20) UNSIGNED NOT NULL AUTO_INCREMENT;

--
-- AUTO_INCREMENT a táblához `ugyfel_tipuses`
--
ALTER TABLE `ugyfel_tipuses`
  MODIFY `ugyfel_tipus_id` bigint(20) UNSIGNED NOT NULL AUTO_INCREMENT, AUTO_INCREMENT=16;

--
-- AUTO_INCREMENT a táblához `ugyfel_tipusok_dokumentumai`
--
ALTER TABLE `ugyfel_tipusok_dokumentumai`
  MODIFY `id` bigint(20) UNSIGNED NOT NULL AUTO_INCREMENT, AUTO_INCREMENT=47;

--
-- AUTO_INCREMENT a táblához `users`
--
ALTER TABLE `users`
  MODIFY `id` bigint(20) UNSIGNED NOT NULL AUTO_INCREMENT, AUTO_INCREMENT=16;

--
-- Megkötések a kiírt táblákhoz
--

--
-- Megkötések a táblához `dokumentumoks`
--
ALTER TABLE `dokumentumoks`
  ADD CONSTRAINT `dokumentumoks_dokumentum_tipus_id_foreign` FOREIGN KEY (`dokumentum_tipus_id`) REFERENCES `dokumentum_tipuses` (`dokumentum_tipus_id`),
  ADD CONSTRAINT `dokumentumoks_elszamolas_id_foreign` FOREIGN KEY (`elszamolas_id`) REFERENCES `elszamolas` (`elszamolas_id`),
  ADD CONSTRAINT `dokumentumoks_megvalositasi_helyszin_id_foreign` FOREIGN KEY (`megvalositasi_helyszin_id`) REFERENCES `megvalositasi_helyszins` (`megvalositasi_helyszin_id`);

--
-- Megkötések a táblához `dokumentum_tipuses`
--
ALTER TABLE `dokumentum_tipuses`
  ADD CONSTRAINT `dokumentum_tipuses_elszamolas_tipus_id_foreign` FOREIGN KEY (`elszamolas_tipus_id`) REFERENCES `elszamolas_tipuses` (`elszamolas_tipus_id`);

--
-- Megkötések a táblához `elszamolas`
--
ALTER TABLE `elszamolas`
  ADD CONSTRAINT `elszamolas_elszamolas_tipus_id_foreign` FOREIGN KEY (`elszamolas_tipus_id`) REFERENCES `elszamolas_tipuses` (`elszamolas_tipus_id`),
  ADD CONSTRAINT `elszamolas_megvalositasi_helyszin_id_foreign` FOREIGN KEY (`megvalositasi_helyszin_id`) REFERENCES `megvalositasi_helyszins` (`megvalositasi_helyszin_id`),
  ADD CONSTRAINT `elszamolas_ugyfel_id_foreign` FOREIGN KEY (`ugyfel_id`) REFERENCES `ugyfels` (`ugyfel_id`),
  ADD CONSTRAINT `elszamolas_ugyfel_tipus_id_foreign` FOREIGN KEY (`ugyfel_tipus_id`) REFERENCES `ugyfel_tipuses` (`ugyfel_tipus_id`);

--
-- Megkötések a táblához `megvalositasi_helyszins`
--
ALTER TABLE `megvalositasi_helyszins`
  ADD CONSTRAINT `megvalositasi_helyszins_intezet_foreign` FOREIGN KEY (`intezet`) REFERENCES `megvalositasi_helyszins` (`megvalositasi_helyszin_id`);

--
-- Megkötések a táblához `ugyfel_tipuses`
--
ALTER TABLE `ugyfel_tipuses`
  ADD CONSTRAINT `ugyfel_tipuses_ugyfel_fotipus_foreign` FOREIGN KEY (`ugyfel_fotipus`) REFERENCES `ugyfel_tipuses` (`ugyfel_tipus_id`);

--
-- Megkötések a táblához `ugyfel_tipusok_dokumentumai`
--
ALTER TABLE `ugyfel_tipusok_dokumentumai`
  ADD CONSTRAINT `ugyfel_tipusok_dokumentumai_dokumentum_tipus_id_foreign` FOREIGN KEY (`dokumentum_tipus_id`) REFERENCES `dokumentum_tipuses` (`dokumentum_tipus_id`),
  ADD CONSTRAINT `ugyfel_tipusok_dokumentumai_ugyfel_tipus_id_foreign` FOREIGN KEY (`ugyfel_tipus_id`) REFERENCES `ugyfel_tipuses` (`ugyfel_tipus_id`);
COMMIT;

/*!40101 SET CHARACTER_SET_CLIENT=@OLD_CHARACTER_SET_CLIENT */;
/*!40101 SET CHARACTER_SET_RESULTS=@OLD_CHARACTER_SET_RESULTS */;
/*!40101 SET COLLATION_CONNECTION=@OLD_COLLATION_CONNECTION */;
