-- phpMyAdmin SQL Dump
-- version 5.2.1
-- https://www.phpmyadmin.net/
--
-- Gép: 127.0.0.1
-- Létrehozás ideje: 2025. Ápr 28. 18:27
-- Kiszolgáló verziója: 10.4.32-MariaDB
-- PHP verzió: 8.2.12

SET SQL_MODE = "NO_AUTO_VALUE_ON_ZERO";
START TRANSACTION;
SET time_zone = "+00:00";


/*!40101 SET @OLD_CHARACTER_SET_CLIENT=@@CHARACTER_SET_CLIENT */;
/*!40101 SET @OLD_CHARACTER_SET_RESULTS=@@CHARACTER_SET_RESULTS */;
/*!40101 SET @OLD_COLLATION_CONNECTION=@@COLLATION_CONNECTION */;
/*!40101 SET NAMES utf8mb4 */;

--
-- Adatbázis: `dokumentum_nyt`
--

-- --------------------------------------------------------

--
-- Tábla szerkezet ehhez a táblához `dokumentumoks`
--

CREATE TABLE `dokumentumoks` (
  `dokumentumok_id` bigint(20) UNSIGNED NOT NULL,
  `megvalositasi_helyszin_id` bigint(20) UNSIGNED NOT NULL,
  `elszamolas_id` bigint(20) UNSIGNED NOT NULL,
  `dokumentum_tipus_id` bigint(20) UNSIGNED NOT NULL,
  `eleresi_ut` varchar(255) NOT NULL,
  `kitoltes_datuma` date NOT NULL,
  `feltoltes_idopontja` datetime NOT NULL,
  `ellenorzes_statusza` enum('nincs ellenőrizve','hiánypótlás','elfogadva') NOT NULL DEFAULT 'nincs ellenőrizve',
  `ellenorzes_datuma` date DEFAULT NULL,
  `rogzites_datuma` date DEFAULT NULL,
  `ESZA+_azonosito` varchar(255) DEFAULT NULL,
  `created_at` timestamp NULL DEFAULT NULL,
  `updated_at` timestamp NULL DEFAULT NULL
) ;

-- --------------------------------------------------------

--
-- Tábla szerkezet ehhez a táblához `dokumentum_tipuses`
--

CREATE TABLE `dokumentum_tipuses` (
  `dokumentum_tipus_id` bigint(20) UNSIGNED NOT NULL,
  `elszamolas_tipus_id` bigint(20) UNSIGNED NOT NULL,
  `dokumentum_neve` varchar(255) NOT NULL,
  `created_at` timestamp NULL DEFAULT NULL,
  `updated_at` timestamp NULL DEFAULT NULL
) ENGINE=InnoDB DEFAULT CHARSET=utf8mb4 COLLATE=utf8mb4_unicode_ci;

--
-- A tábla adatainak kiíratása `dokumentum_tipuses`
--

INSERT INTO `dokumentum_tipuses` (`dokumentum_tipus_id`, `elszamolas_tipus_id`, `dokumentum_neve`, `created_at`, `updated_at`) VALUES
(1, 1, 'Ft.„Nyilatkozat szemelyazonossag ellenorzeserol”', NULL, NULL),
(2, 1, 'Ft. “ESZA+ altal finanszirozott programba belepo resztvevok szamara” kerdoiv', NULL, NULL),
(3, 1, 'Ft. Adatkezelesi nyilatkozat', NULL, NULL),
(4, 1, 'Ft. Egyeni Fejlesztesi Terv', NULL, NULL),
(5, 1, 'Ft. Jelenleti iv', NULL, NULL),
(6, 2, 'Ft. Nyilatkozat „legfeljebb also kozepfoku vegzettseggel rendelkezo ugyfel” ', NULL, NULL),
(7, 3, 'Ft. projekt kereteben szerzett bizonyitvany/tanusitvany masolata', NULL, NULL),
(8, 4, 'Ft. Projektbol torteno kilepeskor: „ESZA+ altal finanszirozott programot befejezo resztvevo szamara”', NULL, NULL),
(9, 1, 'K. Adatkezelesi nyilatkozat', NULL, NULL),
(10, 1, 'K. Egyeni Fejlesztesi Terv', NULL, NULL),
(11, 1, 'K. Jelenleti iv', NULL, NULL),
(12, 1, 'KF. Adatkezelesi nyilatkozat', NULL, NULL),
(13, 1, 'KF. Egyeni Fejlesztesi Terv', NULL, NULL),
(14, 1, 'KF. Jelenleti iv', NULL, NULL);

-- --------------------------------------------------------

--
-- Tábla szerkezet ehhez a táblához `elszamolas`
--

CREATE TABLE `elszamolas` (
  `elszamolas_id` bigint(20) UNSIGNED NOT NULL,
  `megvalositasi_helyszin_id` bigint(20) UNSIGNED NOT NULL,
  `ugyfel_id` bigint(20) UNSIGNED NOT NULL,
  `elszamolas_tipus_id` bigint(20) UNSIGNED NOT NULL,
  `ugyfel_tipus_id` bigint(20) UNSIGNED NOT NULL,
  `bevonas_datum` date NOT NULL,
  `elszamolhatosag_datum` date DEFAULT NULL,
  `elszamolhatosag_allapota` enum('nem elszámolható','korábban elszámolható','elszámolható') NOT NULL,
  `elszamolas_datum` date DEFAULT NULL,
  `created_at` timestamp NULL DEFAULT NULL,
  `updated_at` timestamp NULL DEFAULT NULL
) ;

--
-- A tábla adatainak kiíratása `elszamolas`
--

INSERT INTO `elszamolas` (`elszamolas_id`, `megvalositasi_helyszin_id`, `ugyfel_id`, `elszamolas_tipus_id`, `ugyfel_tipus_id`, `bevonas_datum`, `elszamolhatosag_datum`, `elszamolhatosag_allapota`, `elszamolas_datum`, `created_at`, `updated_at`) VALUES
(1, 42, 19, 3, 11, '2025-04-23', '2025-04-25', 'nem elszámolható', '2025-01-15', '2025-04-28 14:26:19', '2025-04-28 14:26:19'),
(2, 43, 124, 3, 3, '2025-02-07', '2025-04-23', 'nem elszámolható', '2025-01-15', '2025-04-28 14:26:19', '2025-04-28 14:26:19'),
(3, 38, 154, 4, 2, '2024-11-13', NULL, 'nem elszámolható', '2025-01-15', '2025-04-28 14:26:19', '2025-04-28 14:26:19'),
(4, 25, 117, 3, 4, '2025-03-24', '2025-04-25', 'nem elszámolható', NULL, '2025-04-28 14:26:19', '2025-04-28 14:26:19'),
(5, 33, 111, 3, 4, '2025-04-09', '2025-04-22', 'nem elszámolható', NULL, '2025-04-28 14:26:19', '2025-04-28 14:26:19'),
(6, 33, 74, 2, 12, '2025-04-09', NULL, 'nem elszámolható', NULL, '2025-04-28 14:26:19', '2025-04-28 14:26:19'),
(7, 46, 124, 2, 4, '2024-12-12', NULL, 'nem elszámolható', NULL, '2025-04-28 14:26:19', '2025-04-28 14:26:19'),
(8, 5, 50, 3, 7, '2025-02-18', '2025-03-23', 'nem elszámolható', NULL, '2025-04-28 14:26:19', '2025-04-28 14:26:19'),
(9, 10, 13, 1, 3, '2025-01-07', '2025-03-19', 'nem elszámolható', '2025-01-15', '2025-04-28 14:26:19', '2025-04-28 14:26:19'),
(10, 11, 124, 4, 13, '2025-02-04', '2025-04-15', 'nem elszámolható', '2025-01-15', '2025-04-28 14:26:19', '2025-04-28 14:26:19'),
(11, 19, 14, 2, 11, '2025-01-15', '2025-04-07', 'nem elszámolható', '2025-01-15', '2025-04-28 14:26:19', '2025-04-28 14:26:19'),
(12, 25, 3, 1, 12, '2024-12-07', NULL, 'nem elszámolható', NULL, '2025-04-28 14:26:19', '2025-04-28 14:26:19'),
(13, 28, 123, 1, 9, '2025-01-31', NULL, 'nem elszámolható', NULL, '2025-04-28 14:26:19', '2025-04-28 14:26:19'),
(14, 11, 197, 3, 15, '2024-11-07', '2024-12-07', 'nem elszámolható', '2025-01-15', '2025-04-28 14:26:19', '2025-04-28 14:26:19'),
(15, 47, 106, 1, 6, '2025-02-07', NULL, 'nem elszámolható', '2025-01-15', '2025-04-28 14:26:19', '2025-04-28 14:26:19'),
(16, 24, 102, 3, 10, '2024-10-29', '2024-12-12', 'nem elszámolható', NULL, '2025-04-28 14:26:19', '2025-04-28 14:26:19'),
(17, 39, 150, 2, 1, '2025-03-08', NULL, 'nem elszámolható', '2025-01-15', '2025-04-28 14:26:19', '2025-04-28 14:26:19'),
(18, 49, 100, 1, 13, '2025-02-20', '2025-03-28', 'nem elszámolható', NULL, '2025-04-28 14:26:19', '2025-04-28 14:26:19'),
(19, 9, 113, 4, 1, '2025-02-02', NULL, 'nem elszámolható', NULL, '2025-04-28 14:26:19', '2025-04-28 14:26:19'),
(20, 1, 178, 4, 1, '2024-12-24', NULL, 'nem elszámolható', '2025-01-15', '2025-04-28 14:26:19', '2025-04-28 14:26:19'),
(21, 12, 153, 1, 15, '2025-03-31', '2025-04-05', 'nem elszámolható', '2025-01-15', '2025-04-28 14:26:19', '2025-04-28 14:26:19'),
(22, 18, 101, 1, 14, '2024-11-24', NULL, 'nem elszámolható', NULL, '2025-04-28 14:26:19', '2025-04-28 14:26:19'),
(23, 52, 91, 2, 9, '2025-01-09', NULL, 'nem elszámolható', '2025-01-15', '2025-04-28 14:26:19', '2025-04-28 14:26:19'),
(24, 29, 29, 4, 5, '2025-03-23', '2025-03-23', 'nem elszámolható', '2025-01-15', '2025-04-28 14:26:19', '2025-04-28 14:26:19'),
(25, 42, 40, 4, 2, '2025-02-15', NULL, 'nem elszámolható', NULL, '2025-04-28 14:26:19', '2025-04-28 14:26:19'),
(26, 6, 177, 1, 11, '2024-09-29', NULL, 'nem elszámolható', '2025-01-15', '2025-04-28 14:26:19', '2025-04-28 14:26:19'),
(27, 5, 18, 2, 4, '2024-11-03', NULL, 'nem elszámolható', '2025-01-15', '2025-04-28 14:26:19', '2025-04-28 14:26:19'),
(28, 39, 71, 4, 11, '2025-04-07', NULL, 'nem elszámolható', '2025-01-15', '2025-04-28 14:26:19', '2025-04-28 14:26:19'),
(29, 8, 159, 4, 4, '2024-09-25', NULL, 'nem elszámolható', NULL, '2025-04-28 14:26:19', '2025-04-28 14:26:19'),
(30, 2, 83, 3, 12, '2025-03-21', NULL, 'nem elszámolható', NULL, '2025-04-28 14:26:19', '2025-04-28 14:26:19'),
(31, 5, 5, 2, 10, '2024-10-07', NULL, 'nem elszámolható', '2025-01-15', '2025-04-28 14:26:19', '2025-04-28 14:26:19'),
(32, 37, 187, 2, 5, '2024-12-25', NULL, 'nem elszámolható', '2025-01-15', '2025-04-28 14:26:19', '2025-04-28 14:26:19'),
(33, 2, 67, 3, 4, '2025-02-21', NULL, 'nem elszámolható', NULL, '2025-04-28 14:26:19', '2025-04-28 14:26:19'),
(34, 11, 92, 1, 6, '2024-10-28', '2024-11-10', 'nem elszámolható', '2025-01-15', '2025-04-28 14:26:19', '2025-04-28 14:26:19'),
(35, 1, 192, 4, 13, '2024-12-14', NULL, 'nem elszámolható', '2025-01-15', '2025-04-28 14:26:19', '2025-04-28 14:26:19'),
(36, 40, 200, 1, 8, '2025-03-15', '2025-04-19', 'nem elszámolható', NULL, '2025-04-28 14:26:19', '2025-04-28 14:26:19'),
(37, 35, 44, 2, 15, '2024-11-02', NULL, 'nem elszámolható', '2025-01-15', '2025-04-28 14:26:19', '2025-04-28 14:26:19'),
(38, 37, 197, 2, 6, '2024-10-20', NULL, 'nem elszámolható', '2025-01-15', '2025-04-28 14:26:19', '2025-04-28 14:26:19'),
(39, 21, 155, 3, 13, '2025-01-30', NULL, 'nem elszámolható', '2025-01-15', '2025-04-28 14:26:19', '2025-04-28 14:26:19'),
(40, 23, 121, 4, 8, '2024-09-20', '2024-09-21', 'nem elszámolható', '2025-01-15', '2025-04-28 14:26:19', '2025-04-28 14:26:19'),
(41, 23, 183, 4, 4, '2024-10-14', NULL, 'nem elszámolható', '2025-01-15', '2025-04-28 14:26:19', '2025-04-28 14:26:19'),
(42, 20, 156, 3, 13, '2025-03-26', '2025-04-22', 'nem elszámolható', '2025-01-15', '2025-04-28 14:26:19', '2025-04-28 14:26:19'),
(43, 52, 161, 2, 7, '2025-02-19', '2025-02-22', 'nem elszámolható', NULL, '2025-04-28 14:26:19', '2025-04-28 14:26:19'),
(44, 23, 24, 4, 5, '2024-09-26', NULL, 'nem elszámolható', '2025-01-15', '2025-04-28 14:26:19', '2025-04-28 14:26:19'),
(45, 12, 66, 1, 13, '2024-11-27', '2025-02-17', 'nem elszámolható', NULL, '2025-04-28 14:26:19', '2025-04-28 14:26:19'),
(46, 40, 176, 3, 15, '2025-04-17', '2025-04-24', 'nem elszámolható', '2025-01-15', '2025-04-28 14:26:19', '2025-04-28 14:26:19'),
(47, 4, 176, 3, 3, '2024-10-22', '2025-03-03', 'nem elszámolható', '2025-01-15', '2025-04-28 14:26:19', '2025-04-28 14:26:19'),
(48, 6, 162, 1, 12, '2025-04-12', '2025-04-26', 'nem elszámolható', NULL, '2025-04-28 14:26:19', '2025-04-28 14:26:19'),
(49, 50, 159, 2, 4, '2025-01-26', '2025-03-16', 'nem elszámolható', NULL, '2025-04-28 14:26:19', '2025-04-28 14:26:19'),
(50, 43, 149, 1, 2, '2025-02-10', '2025-02-23', 'nem elszámolható', NULL, '2025-04-28 14:26:19', '2025-04-28 14:26:19'),
(51, 26, 1, 1, 8, '2024-12-31', '2025-01-20', 'nem elszámolható', NULL, '2025-04-28 14:26:19', '2025-04-28 14:26:19'),
(52, 20, 134, 3, 5, '2024-10-06', '2024-11-23', 'nem elszámolható', '2025-01-15', '2025-04-28 14:26:19', '2025-04-28 14:26:19'),
(53, 16, 162, 4, 2, '2025-02-05', '2025-03-12', 'nem elszámolható', NULL, '2025-04-28 14:26:19', '2025-04-28 14:26:19'),
(54, 9, 75, 2, 14, '2025-01-25', '2025-03-14', 'nem elszámolható', '2025-01-15', '2025-04-28 14:26:19', '2025-04-28 14:26:19'),
(55, 37, 178, 3, 4, '2024-12-18', NULL, 'nem elszámolható', '2025-01-15', '2025-04-28 14:26:19', '2025-04-28 14:26:19'),
(56, 8, 137, 4, 9, '2025-02-26', '2025-03-23', 'nem elszámolható', '2025-01-15', '2025-04-28 14:26:19', '2025-04-28 14:26:19'),
(57, 48, 88, 2, 11, '2025-01-07', '2025-02-02', 'nem elszámolható', NULL, '2025-04-28 14:26:19', '2025-04-28 14:26:19'),
(58, 14, 113, 2, 14, '2024-12-03', NULL, 'nem elszámolható', NULL, '2025-04-28 14:26:19', '2025-04-28 14:26:19'),
(59, 6, 178, 2, 7, '2024-10-07', '2024-10-11', 'nem elszámolható', NULL, '2025-04-28 14:26:19', '2025-04-28 14:26:19'),
(60, 44, 200, 3, 11, '2025-01-21', '2025-02-11', 'nem elszámolható', NULL, '2025-04-28 14:26:19', '2025-04-28 14:26:19'),
(61, 45, 42, 1, 4, '2024-12-13', NULL, 'nem elszámolható', NULL, '2025-04-28 14:26:19', '2025-04-28 14:26:19'),
(62, 36, 96, 2, 11, '2024-10-29', NULL, 'nem elszámolható', '2025-01-15', '2025-04-28 14:26:19', '2025-04-28 14:26:19'),
(63, 37, 176, 3, 2, '2024-10-26', NULL, 'nem elszámolható', NULL, '2025-04-28 14:26:19', '2025-04-28 14:26:19'),
(64, 42, 55, 2, 6, '2024-10-08', NULL, 'nem elszámolható', NULL, '2025-04-28 14:26:19', '2025-04-28 14:26:19'),
(65, 41, 51, 3, 15, '2025-03-15', '2025-04-13', 'nem elszámolható', NULL, '2025-04-28 14:26:19', '2025-04-28 14:26:19'),
(66, 41, 61, 4, 9, '2025-03-25', NULL, 'nem elszámolható', '2025-01-15', '2025-04-28 14:26:19', '2025-04-28 14:26:19'),
(67, 34, 13, 1, 4, '2025-02-14', NULL, 'nem elszámolható', '2025-01-15', '2025-04-28 14:26:19', '2025-04-28 14:26:19'),
(68, 2, 68, 3, 4, '2024-09-17', '2025-01-22', 'nem elszámolható', NULL, '2025-04-28 14:26:19', '2025-04-28 14:26:19'),
(69, 4, 83, 3, 11, '2025-01-05', '2025-02-05', 'nem elszámolható', NULL, '2025-04-28 14:26:19', '2025-04-28 14:26:19'),
(70, 50, 10, 4, 1, '2024-11-19', '2025-04-26', 'nem elszámolható', '2025-01-15', '2025-04-28 14:26:19', '2025-04-28 14:26:19'),
(71, 10, 8, 1, 8, '2024-10-13', NULL, 'nem elszámolható', '2025-01-15', '2025-04-28 14:26:19', '2025-04-28 14:26:19'),
(72, 46, 57, 2, 10, '2024-12-09', '2025-02-14', 'nem elszámolható', '2025-01-15', '2025-04-28 14:26:19', '2025-04-28 14:26:19'),
(73, 13, 50, 4, 7, '2025-03-11', '2025-03-16', 'nem elszámolható', NULL, '2025-04-28 14:26:19', '2025-04-28 14:26:19'),
(74, 46, 58, 1, 14, '2024-11-18', '2024-11-24', 'nem elszámolható', NULL, '2025-04-28 14:26:19', '2025-04-28 14:26:19'),
(75, 30, 25, 2, 6, '2024-11-22', '2025-01-04', 'nem elszámolható', NULL, '2025-04-28 14:26:19', '2025-04-28 14:26:19'),
(76, 18, 77, 4, 11, '2024-12-30', NULL, 'nem elszámolható', '2025-01-15', '2025-04-28 14:26:19', '2025-04-28 14:26:19'),
(77, 40, 12, 2, 3, '2025-03-11', '2025-04-20', 'nem elszámolható', NULL, '2025-04-28 14:26:19', '2025-04-28 14:26:19'),
(78, 38, 180, 4, 1, '2024-10-20', '2024-11-19', 'nem elszámolható', '2025-01-15', '2025-04-28 14:26:19', '2025-04-28 14:26:19'),
(79, 33, 124, 2, 15, '2025-03-17', '2025-03-18', 'nem elszámolható', NULL, '2025-04-28 14:26:19', '2025-04-28 14:26:19'),
(80, 47, 79, 2, 5, '2025-02-12', '2025-04-13', 'nem elszámolható', NULL, '2025-04-28 14:26:19', '2025-04-28 14:26:19'),
(81, 19, 196, 2, 8, '2025-04-07', '2025-04-22', 'nem elszámolható', '2025-01-15', '2025-04-28 14:26:19', '2025-04-28 14:26:19'),
(82, 38, 99, 3, 11, '2025-03-14', '2025-03-20', 'nem elszámolható', '2025-01-15', '2025-04-28 14:26:19', '2025-04-28 14:26:19'),
(83, 24, 48, 2, 10, '2024-12-23', '2025-01-20', 'nem elszámolható', '2025-01-15', '2025-04-28 14:26:19', '2025-04-28 14:26:19'),
(84, 49, 141, 2, 1, '2025-03-14', '2025-04-28', 'nem elszámolható', NULL, '2025-04-28 14:26:19', '2025-04-28 14:26:19'),
(85, 27, 92, 3, 9, '2024-11-21', '2025-04-01', 'nem elszámolható', '2025-01-15', '2025-04-28 14:26:19', '2025-04-28 14:26:19'),
(86, 30, 153, 1, 15, '2025-04-09', NULL, 'nem elszámolható', NULL, '2025-04-28 14:26:19', '2025-04-28 14:26:19'),
(87, 49, 18, 2, 13, '2025-04-12', '2025-04-13', 'nem elszámolható', '2025-01-15', '2025-04-28 14:26:19', '2025-04-28 14:26:19'),
(88, 16, 69, 3, 15, '2024-09-21', NULL, 'nem elszámolható', '2025-01-15', '2025-04-28 14:26:19', '2025-04-28 14:26:19'),
(89, 3, 184, 1, 11, '2025-01-07', '2025-02-17', 'nem elszámolható', '2025-01-15', '2025-04-28 14:26:19', '2025-04-28 14:26:19'),
(90, 34, 181, 4, 8, '2024-10-28', '2025-02-13', 'nem elszámolható', '2025-01-15', '2025-04-28 14:26:19', '2025-04-28 14:26:19'),
(91, 28, 189, 2, 9, '2025-01-19', NULL, 'nem elszámolható', '2025-01-15', '2025-04-28 14:26:19', '2025-04-28 14:26:19'),
(92, 31, 195, 2, 4, '2024-12-30', '2025-01-28', 'nem elszámolható', '2025-01-15', '2025-04-28 14:26:19', '2025-04-28 14:26:19'),
(93, 22, 192, 2, 13, '2024-11-11', NULL, 'nem elszámolható', '2025-01-15', '2025-04-28 14:26:19', '2025-04-28 14:26:19'),
(94, 20, 126, 1, 2, '2025-03-05', '2025-04-14', 'nem elszámolható', NULL, '2025-04-28 14:26:19', '2025-04-28 14:26:19'),
(95, 17, 185, 4, 15, '2025-01-17', NULL, 'nem elszámolható', NULL, '2025-04-28 14:26:19', '2025-04-28 14:26:19'),
(96, 14, 185, 1, 5, '2024-10-24', NULL, 'nem elszámolható', NULL, '2025-04-28 14:26:19', '2025-04-28 14:26:19'),
(97, 20, 118, 1, 7, '2025-02-23', '2025-04-14', 'nem elszámolható', '2025-01-15', '2025-04-28 14:26:19', '2025-04-28 14:26:19'),
(98, 5, 66, 1, 8, '2025-01-13', NULL, 'nem elszámolható', '2025-01-15', '2025-04-28 14:26:19', '2025-04-28 14:26:19'),
(99, 33, 25, 2, 8, '2025-03-07', NULL, 'nem elszámolható', NULL, '2025-04-28 14:26:19', '2025-04-28 14:26:19'),
(100, 3, 148, 2, 4, '2024-09-25', NULL, 'nem elszámolható', '2025-01-15', '2025-04-28 14:26:19', '2025-04-28 14:26:19'),
(101, 14, 157, 4, 4, '2024-12-17', '2025-03-03', 'nem elszámolható', NULL, '2025-04-28 14:26:19', '2025-04-28 14:26:19'),
(102, 13, 167, 3, 3, '2024-11-22', NULL, 'nem elszámolható', '2025-01-15', '2025-04-28 14:26:19', '2025-04-28 14:26:19'),
(103, 5, 85, 3, 11, '2025-01-06', '2025-04-05', 'nem elszámolható', '2025-01-15', '2025-04-28 14:26:19', '2025-04-28 14:26:19'),
(104, 39, 126, 1, 14, '2025-03-25', '2025-04-27', 'nem elszámolható', '2025-01-15', '2025-04-28 14:26:19', '2025-04-28 14:26:19'),
(105, 28, 98, 1, 4, '2024-11-28', '2025-01-16', 'nem elszámolható', NULL, '2025-04-28 14:26:19', '2025-04-28 14:26:19'),
(106, 52, 6, 2, 6, '2025-01-07', '2025-04-03', 'nem elszámolható', '2025-01-15', '2025-04-28 14:26:19', '2025-04-28 14:26:19'),
(107, 32, 48, 1, 7, '2024-12-01', '2025-01-03', 'nem elszámolható', '2025-01-15', '2025-04-28 14:26:19', '2025-04-28 14:26:19'),
(108, 7, 124, 1, 6, '2024-12-08', '2025-04-03', 'nem elszámolható', '2025-01-15', '2025-04-28 14:26:19', '2025-04-28 14:26:19'),
(109, 19, 130, 4, 2, '2024-10-09', '2024-12-29', 'nem elszámolható', '2025-01-15', '2025-04-28 14:26:19', '2025-04-28 14:26:19'),
(110, 23, 127, 3, 11, '2024-11-22', '2025-04-01', 'nem elszámolható', NULL, '2025-04-28 14:26:20', '2025-04-28 14:26:20'),
(111, 37, 42, 3, 11, '2024-11-28', '2025-04-13', 'nem elszámolható', '2025-01-15', '2025-04-28 14:26:20', '2025-04-28 14:26:20'),
(112, 19, 75, 1, 6, '2025-03-10', NULL, 'nem elszámolható', '2025-01-15', '2025-04-28 14:26:20', '2025-04-28 14:26:20'),
(113, 11, 130, 4, 12, '2025-02-22', '2025-03-27', 'nem elszámolható', '2025-01-15', '2025-04-28 14:26:20', '2025-04-28 14:26:20'),
(114, 52, 86, 1, 13, '2024-11-10', '2024-11-21', 'nem elszámolható', NULL, '2025-04-28 14:26:20', '2025-04-28 14:26:20'),
(115, 1, 124, 3, 1, '2024-12-21', '2025-01-03', 'nem elszámolható', '2025-01-15', '2025-04-28 14:26:20', '2025-04-28 14:26:20'),
(116, 29, 56, 2, 4, '2024-12-20', NULL, 'nem elszámolható', NULL, '2025-04-28 14:26:20', '2025-04-28 14:26:20'),
(117, 29, 111, 2, 8, '2024-11-16', '2025-03-18', 'nem elszámolható', NULL, '2025-04-28 14:26:20', '2025-04-28 14:26:20'),
(118, 51, 144, 4, 7, '2024-10-27', '2025-04-06', 'nem elszámolható', '2025-01-15', '2025-04-28 14:26:20', '2025-04-28 14:26:20'),
(119, 22, 136, 1, 15, '2025-01-11', NULL, 'nem elszámolható', NULL, '2025-04-28 14:26:20', '2025-04-28 14:26:20'),
(120, 52, 107, 3, 2, '2025-02-04', NULL, 'nem elszámolható', NULL, '2025-04-28 14:26:20', '2025-04-28 14:26:20'),
(121, 28, 9, 4, 6, '2025-01-29', '2025-02-10', 'nem elszámolható', '2025-01-15', '2025-04-28 14:26:20', '2025-04-28 14:26:20'),
(122, 48, 132, 2, 11, '2024-11-12', '2024-11-20', 'nem elszámolható', NULL, '2025-04-28 14:26:20', '2025-04-28 14:26:20'),
(123, 48, 36, 3, 6, '2025-01-06', '2025-01-24', 'nem elszámolható', NULL, '2025-04-28 14:26:20', '2025-04-28 14:26:20'),
(124, 11, 5, 1, 4, '2025-04-04', '2025-04-07', 'nem elszámolható', '2025-01-15', '2025-04-28 14:26:20', '2025-04-28 14:26:20'),
(125, 27, 187, 4, 7, '2025-03-11', '2025-04-04', 'nem elszámolható', NULL, '2025-04-28 14:26:20', '2025-04-28 14:26:20'),
(126, 36, 67, 1, 1, '2024-12-05', '2025-01-05', 'nem elszámolható', '2025-01-15', '2025-04-28 14:26:20', '2025-04-28 14:26:20'),
(127, 32, 156, 1, 6, '2025-04-18', NULL, 'nem elszámolható', '2025-01-15', '2025-04-28 14:26:20', '2025-04-28 14:26:20'),
(128, 41, 186, 1, 11, '2025-03-24', '2025-03-25', 'nem elszámolható', NULL, '2025-04-28 14:26:20', '2025-04-28 14:26:20'),
(129, 32, 188, 2, 9, '2025-02-19', NULL, 'nem elszámolható', '2025-01-15', '2025-04-28 14:26:20', '2025-04-28 14:26:20'),
(130, 47, 109, 3, 4, '2025-03-24', '2025-04-01', 'nem elszámolható', NULL, '2025-04-28 14:26:20', '2025-04-28 14:26:20'),
(131, 36, 49, 4, 9, '2025-03-21', '2025-04-28', 'nem elszámolható', NULL, '2025-04-28 14:26:20', '2025-04-28 14:26:20'),
(132, 42, 103, 2, 1, '2025-04-22', '2025-04-23', 'nem elszámolható', NULL, '2025-04-28 14:26:20', '2025-04-28 14:26:20'),
(133, 41, 114, 4, 4, '2024-11-12', '2024-11-12', 'nem elszámolható', '2025-01-15', '2025-04-28 14:26:20', '2025-04-28 14:26:20'),
(134, 5, 117, 4, 7, '2025-01-03', '2025-01-23', 'nem elszámolható', '2025-01-15', '2025-04-28 14:26:20', '2025-04-28 14:26:20'),
(135, 8, 43, 2, 5, '2025-01-28', NULL, 'nem elszámolható', '2025-01-15', '2025-04-28 14:26:20', '2025-04-28 14:26:20'),
(136, 19, 3, 3, 14, '2024-11-03', NULL, 'nem elszámolható', NULL, '2025-04-28 14:26:20', '2025-04-28 14:26:20'),
(137, 19, 112, 4, 4, '2024-09-19', NULL, 'nem elszámolható', '2025-01-15', '2025-04-28 14:26:20', '2025-04-28 14:26:20'),
(138, 13, 109, 4, 11, '2025-01-08', '2025-02-11', 'nem elszámolható', '2025-01-15', '2025-04-28 14:26:20', '2025-04-28 14:26:20'),
(139, 49, 58, 4, 8, '2025-04-19', '2025-04-20', 'nem elszámolható', NULL, '2025-04-28 14:26:20', '2025-04-28 14:26:20'),
(140, 13, 25, 3, 11, '2024-10-24', NULL, 'nem elszámolható', NULL, '2025-04-28 14:26:20', '2025-04-28 14:26:20'),
(141, 37, 160, 1, 8, '2025-02-05', NULL, 'nem elszámolható', '2025-01-15', '2025-04-28 14:26:20', '2025-04-28 14:26:20'),
(142, 25, 15, 4, 5, '2025-02-22', NULL, 'nem elszámolható', NULL, '2025-04-28 14:26:20', '2025-04-28 14:26:20'),
(143, 32, 125, 4, 10, '2025-02-12', '2025-03-08', 'nem elszámolható', NULL, '2025-04-28 14:26:20', '2025-04-28 14:26:20'),
(144, 51, 71, 3, 14, '2024-10-02', NULL, 'nem elszámolható', NULL, '2025-04-28 14:26:20', '2025-04-28 14:26:20'),
(145, 22, 133, 4, 4, '2025-04-21', '2025-04-26', 'nem elszámolható', NULL, '2025-04-28 14:26:20', '2025-04-28 14:26:20'),
(146, 7, 86, 4, 13, '2025-03-11', '2025-03-23', 'nem elszámolható', NULL, '2025-04-28 14:26:20', '2025-04-28 14:26:20'),
(147, 14, 118, 1, 14, '2024-12-14', NULL, 'nem elszámolható', NULL, '2025-04-28 14:26:20', '2025-04-28 14:26:20'),
(148, 22, 180, 4, 3, '2024-09-15', NULL, 'nem elszámolható', '2025-01-15', '2025-04-28 14:26:20', '2025-04-28 14:26:20'),
(149, 40, 54, 2, 11, '2025-01-08', '2025-04-04', 'nem elszámolható', '2025-01-15', '2025-04-28 14:26:20', '2025-04-28 14:26:20'),
(150, 34, 200, 3, 2, '2024-10-22', NULL, 'nem elszámolható', '2025-01-15', '2025-04-28 14:26:20', '2025-04-28 14:26:20'),
(151, 33, 85, 1, 1, '2025-02-27', '2025-04-13', 'nem elszámolható', NULL, '2025-04-28 14:26:20', '2025-04-28 14:26:20'),
(152, 1, 100, 1, 1, '2024-12-23', NULL, 'nem elszámolható', NULL, '2025-04-28 14:26:20', '2025-04-28 14:26:20'),
(153, 22, 186, 2, 15, '2024-09-22', '2024-12-15', 'nem elszámolható', '2025-01-15', '2025-04-28 14:26:20', '2025-04-28 14:26:20'),
(154, 8, 30, 3, 8, '2024-12-11', '2025-01-21', 'nem elszámolható', NULL, '2025-04-28 14:26:20', '2025-04-28 14:26:20'),
(155, 47, 126, 3, 10, '2025-02-02', '2025-04-06', 'nem elszámolható', NULL, '2025-04-28 14:26:20', '2025-04-28 14:26:20'),
(156, 5, 30, 4, 4, '2024-12-28', NULL, 'nem elszámolható', NULL, '2025-04-28 14:26:20', '2025-04-28 14:26:20'),
(157, 52, 138, 1, 13, '2024-10-04', '2025-04-04', 'nem elszámolható', NULL, '2025-04-28 14:26:20', '2025-04-28 14:26:20'),
(158, 41, 200, 3, 9, '2025-03-09', '2025-03-12', 'nem elszámolható', '2025-01-15', '2025-04-28 14:26:20', '2025-04-28 14:26:20'),
(159, 12, 122, 2, 4, '2024-12-19', '2025-03-30', 'nem elszámolható', '2025-01-15', '2025-04-28 14:26:20', '2025-04-28 14:26:20'),
(160, 41, 69, 1, 3, '2024-11-22', '2025-03-15', 'nem elszámolható', NULL, '2025-04-28 14:26:20', '2025-04-28 14:26:20'),
(161, 38, 20, 1, 7, '2024-10-21', '2024-11-16', 'nem elszámolható', '2025-01-15', '2025-04-28 14:26:20', '2025-04-28 14:26:20'),
(162, 31, 42, 1, 1, '2025-01-22', '2025-03-14', 'nem elszámolható', '2025-01-15', '2025-04-28 14:26:20', '2025-04-28 14:26:20'),
(163, 52, 135, 3, 9, '2024-11-06', NULL, 'nem elszámolható', '2025-01-15', '2025-04-28 14:26:20', '2025-04-28 14:26:20'),
(164, 32, 111, 2, 2, '2025-03-17', NULL, 'nem elszámolható', '2025-01-15', '2025-04-28 14:26:20', '2025-04-28 14:26:20'),
(165, 45, 18, 3, 4, '2025-04-17', '2025-04-22', 'nem elszámolható', '2025-01-15', '2025-04-28 14:26:20', '2025-04-28 14:26:20'),
(166, 33, 41, 1, 11, '2024-12-29', NULL, 'nem elszámolható', '2025-01-15', '2025-04-28 14:26:20', '2025-04-28 14:26:20'),
(167, 38, 90, 4, 8, '2025-02-28', '2025-03-27', 'nem elszámolható', '2025-01-15', '2025-04-28 14:26:20', '2025-04-28 14:26:20'),
(168, 36, 179, 2, 3, '2025-02-16', NULL, 'nem elszámolható', NULL, '2025-04-28 14:26:20', '2025-04-28 14:26:20'),
(169, 40, 82, 4, 7, '2024-12-20', NULL, 'nem elszámolható', '2025-01-15', '2025-04-28 14:26:20', '2025-04-28 14:26:20'),
(170, 52, 136, 2, 8, '2025-03-15', NULL, 'nem elszámolható', NULL, '2025-04-28 14:26:20', '2025-04-28 14:26:20'),
(171, 46, 97, 3, 9, '2024-12-26', NULL, 'nem elszámolható', '2025-01-15', '2025-04-28 14:26:20', '2025-04-28 14:26:20'),
(172, 28, 111, 2, 7, '2024-12-22', '2024-12-27', 'nem elszámolható', '2025-01-15', '2025-04-28 14:26:20', '2025-04-28 14:26:20'),
(173, 5, 200, 2, 10, '2024-10-08', '2025-04-27', 'nem elszámolható', NULL, '2025-04-28 14:26:20', '2025-04-28 14:26:20'),
(174, 37, 196, 1, 13, '2025-01-31', '2025-03-29', 'nem elszámolható', '2025-01-15', '2025-04-28 14:26:20', '2025-04-28 14:26:20'),
(175, 9, 159, 1, 11, '2025-01-30', '2025-03-27', 'nem elszámolható', '2025-01-15', '2025-04-28 14:26:20', '2025-04-28 14:26:20'),
(176, 10, 85, 2, 4, '2024-12-29', NULL, 'nem elszámolható', NULL, '2025-04-28 14:26:20', '2025-04-28 14:26:20'),
(177, 8, 151, 2, 1, '2025-04-25', '2025-04-26', 'nem elszámolható', NULL, '2025-04-28 14:26:20', '2025-04-28 14:26:20'),
(178, 17, 159, 3, 15, '2025-03-16', '2025-04-04', 'nem elszámolható', NULL, '2025-04-28 14:26:20', '2025-04-28 14:26:20'),
(179, 6, 161, 4, 6, '2025-01-21', NULL, 'nem elszámolható', NULL, '2025-04-28 14:26:20', '2025-04-28 14:26:20'),
(180, 49, 131, 4, 3, '2024-09-19', NULL, 'nem elszámolható', NULL, '2025-04-28 14:26:20', '2025-04-28 14:26:20'),
(181, 37, 81, 2, 11, '2025-02-12', '2025-04-09', 'nem elszámolható', NULL, '2025-04-28 14:26:20', '2025-04-28 14:26:20'),
(182, 42, 107, 3, 13, '2025-01-21', NULL, 'nem elszámolható', NULL, '2025-04-28 14:26:20', '2025-04-28 14:26:20'),
(183, 28, 69, 2, 1, '2024-10-18', NULL, 'nem elszámolható', '2025-01-15', '2025-04-28 14:26:20', '2025-04-28 14:26:20'),
(184, 32, 56, 3, 12, '2024-12-15', NULL, 'nem elszámolható', NULL, '2025-04-28 14:26:20', '2025-04-28 14:26:20'),
(185, 7, 49, 3, 5, '2025-02-27', '2025-03-12', 'nem elszámolható', NULL, '2025-04-28 14:26:20', '2025-04-28 14:26:20'),
(186, 16, 157, 2, 5, '2025-01-25', '2025-03-30', 'nem elszámolható', '2025-01-15', '2025-04-28 14:26:20', '2025-04-28 14:26:20'),
(187, 49, 167, 4, 2, '2025-04-02', NULL, 'nem elszámolható', '2025-01-15', '2025-04-28 14:26:20', '2025-04-28 14:26:20'),
(188, 48, 39, 4, 1, '2024-11-30', NULL, 'nem elszámolható', '2025-01-15', '2025-04-28 14:26:20', '2025-04-28 14:26:20'),
(189, 18, 59, 1, 9, '2024-12-01', NULL, 'nem elszámolható', '2025-01-15', '2025-04-28 14:26:20', '2025-04-28 14:26:20'),
(190, 50, 108, 2, 4, '2024-11-03', NULL, 'nem elszámolható', '2025-01-15', '2025-04-28 14:26:20', '2025-04-28 14:26:20'),
(191, 51, 64, 1, 13, '2024-12-07', NULL, 'nem elszámolható', NULL, '2025-04-28 14:26:20', '2025-04-28 14:26:20'),
(192, 11, 40, 4, 12, '2025-01-07', NULL, 'nem elszámolható', NULL, '2025-04-28 14:26:20', '2025-04-28 14:26:20'),
(193, 24, 108, 1, 12, '2025-04-16', '2025-04-17', 'nem elszámolható', '2025-01-15', '2025-04-28 14:26:20', '2025-04-28 14:26:20'),
(194, 14, 81, 2, 12, '2024-11-25', '2025-04-10', 'nem elszámolható', '2025-01-15', '2025-04-28 14:26:20', '2025-04-28 14:26:20'),
(195, 47, 174, 1, 15, '2025-01-09', NULL, 'nem elszámolható', '2025-01-15', '2025-04-28 14:26:20', '2025-04-28 14:26:20'),
(196, 1, 112, 1, 3, '2025-03-13', NULL, 'nem elszámolható', NULL, '2025-04-28 14:26:20', '2025-04-28 14:26:20'),
(197, 4, 193, 1, 9, '2025-01-10', NULL, 'nem elszámolható', NULL, '2025-04-28 14:26:20', '2025-04-28 14:26:20'),
(198, 51, 97, 2, 6, '2024-12-31', '2025-01-11', 'nem elszámolható', '2025-01-15', '2025-04-28 14:26:20', '2025-04-28 14:26:20'),
(199, 32, 80, 2, 8, '2024-10-10', '2025-01-22', 'nem elszámolható', NULL, '2025-04-28 14:26:20', '2025-04-28 14:26:20'),
(200, 44, 56, 1, 7, '2024-12-07', '2025-04-13', 'nem elszámolható', NULL, '2025-04-28 14:26:20', '2025-04-28 14:26:20'),
(201, 36, 14, 4, 2, '2024-09-17', '2025-01-18', 'nem elszámolható', NULL, '2025-04-28 14:26:20', '2025-04-28 14:26:20'),
(202, 43, 174, 1, 9, '2025-03-12', NULL, 'nem elszámolható', '2025-01-15', '2025-04-28 14:26:20', '2025-04-28 14:26:20'),
(203, 47, 29, 2, 12, '2025-04-25', NULL, 'nem elszámolható', NULL, '2025-04-28 14:26:20', '2025-04-28 14:26:20'),
(204, 32, 90, 4, 10, '2024-11-20', '2024-11-25', 'nem elszámolható', NULL, '2025-04-28 14:26:20', '2025-04-28 14:26:20'),
(205, 15, 110, 2, 1, '2025-04-21', '2025-04-24', 'nem elszámolható', '2025-01-15', '2025-04-28 14:26:20', '2025-04-28 14:26:20'),
(206, 46, 156, 2, 14, '2025-02-19', '2025-03-08', 'nem elszámolható', '2025-01-15', '2025-04-28 14:26:20', '2025-04-28 14:26:20'),
(207, 3, 170, 4, 14, '2024-11-17', NULL, 'nem elszámolható', NULL, '2025-04-28 14:26:20', '2025-04-28 14:26:20'),
(208, 47, 19, 3, 11, '2025-02-10', NULL, 'nem elszámolható', '2025-01-15', '2025-04-28 14:26:20', '2025-04-28 14:26:20'),
(209, 36, 2, 4, 8, '2025-02-21', '2025-03-16', 'nem elszámolható', NULL, '2025-04-28 14:26:20', '2025-04-28 14:26:20'),
(210, 10, 155, 1, 14, '2024-12-23', '2025-03-26', 'nem elszámolható', NULL, '2025-04-28 14:26:20', '2025-04-28 14:26:20'),
(211, 3, 74, 2, 10, '2024-10-18', '2025-02-19', 'nem elszámolható', NULL, '2025-04-28 14:26:20', '2025-04-28 14:26:20'),
(212, 10, 83, 4, 13, '2025-04-13', NULL, 'nem elszámolható', NULL, '2025-04-28 14:26:20', '2025-04-28 14:26:20'),
(213, 45, 157, 1, 9, '2025-01-09', NULL, 'nem elszámolható', '2025-01-15', '2025-04-28 14:26:20', '2025-04-28 14:26:20'),
(214, 3, 77, 1, 2, '2024-11-10', '2025-04-06', 'nem elszámolható', '2025-01-15', '2025-04-28 14:26:20', '2025-04-28 14:26:20'),
(215, 27, 12, 4, 9, '2024-12-03', NULL, 'nem elszámolható', '2025-01-15', '2025-04-28 14:26:20', '2025-04-28 14:26:20'),
(216, 19, 26, 1, 3, '2024-09-22', NULL, 'nem elszámolható', NULL, '2025-04-28 14:26:20', '2025-04-28 14:26:20'),
(217, 4, 173, 3, 4, '2025-02-15', NULL, 'nem elszámolható', NULL, '2025-04-28 14:26:20', '2025-04-28 14:26:20'),
(218, 32, 176, 1, 14, '2025-02-28', '2025-03-26', 'nem elszámolható', NULL, '2025-04-28 14:26:20', '2025-04-28 14:26:20'),
(219, 42, 143, 2, 4, '2025-01-10', NULL, 'nem elszámolható', '2025-01-15', '2025-04-28 14:26:20', '2025-04-28 14:26:20'),
(220, 9, 165, 1, 11, '2025-02-01', '2025-04-26', 'nem elszámolható', NULL, '2025-04-28 14:26:20', '2025-04-28 14:26:20'),
(221, 39, 69, 3, 3, '2025-01-13', '2025-01-26', 'nem elszámolható', '2025-01-15', '2025-04-28 14:26:20', '2025-04-28 14:26:20'),
(222, 28, 104, 2, 5, '2024-10-11', NULL, 'nem elszámolható', NULL, '2025-04-28 14:26:20', '2025-04-28 14:26:20'),
(223, 50, 118, 3, 4, '2024-10-13', NULL, 'nem elszámolható', NULL, '2025-04-28 14:26:20', '2025-04-28 14:26:20'),
(224, 22, 194, 2, 4, '2025-04-05', '2025-04-09', 'nem elszámolható', '2025-01-15', '2025-04-28 14:26:20', '2025-04-28 14:26:20'),
(225, 5, 128, 1, 15, '2024-10-31', '2024-11-25', 'nem elszámolható', '2025-01-15', '2025-04-28 14:26:20', '2025-04-28 14:26:20'),
(226, 52, 161, 4, 4, '2024-09-23', NULL, 'nem elszámolható', NULL, '2025-04-28 14:26:20', '2025-04-28 14:26:20'),
(227, 47, 24, 1, 2, '2025-04-15', '2025-04-28', 'nem elszámolható', NULL, '2025-04-28 14:26:20', '2025-04-28 14:26:20'),
(228, 3, 96, 3, 4, '2025-01-07', '2025-03-25', 'nem elszámolható', '2025-01-15', '2025-04-28 14:26:20', '2025-04-28 14:26:20'),
(229, 22, 130, 2, 1, '2025-02-25', NULL, 'nem elszámolható', NULL, '2025-04-28 14:26:20', '2025-04-28 14:26:20'),
(230, 33, 94, 2, 2, '2024-12-24', '2025-01-12', 'nem elszámolható', NULL, '2025-04-28 14:26:20', '2025-04-28 14:26:20'),
(231, 46, 170, 3, 12, '2024-10-23', '2025-04-15', 'nem elszámolható', NULL, '2025-04-28 14:26:20', '2025-04-28 14:26:20'),
(232, 45, 113, 1, 14, '2024-10-11', '2025-01-24', 'nem elszámolható', NULL, '2025-04-28 14:26:20', '2025-04-28 14:26:20'),
(233, 20, 158, 2, 15, '2025-01-26', '2025-04-07', 'nem elszámolható', NULL, '2025-04-28 14:26:20', '2025-04-28 14:26:20'),
(234, 32, 73, 3, 5, '2025-04-04', '2025-04-20', 'nem elszámolható', '2025-01-15', '2025-04-28 14:26:20', '2025-04-28 14:26:20'),
(235, 43, 106, 1, 4, '2024-10-17', '2024-11-18', 'nem elszámolható', '2025-01-15', '2025-04-28 14:26:20', '2025-04-28 14:26:20'),
(236, 18, 66, 1, 8, '2025-02-23', NULL, 'nem elszámolható', NULL, '2025-04-28 14:26:20', '2025-04-28 14:26:20'),
(237, 21, 144, 2, 2, '2024-11-30', '2025-01-15', 'nem elszámolható', NULL, '2025-04-28 14:26:20', '2025-04-28 14:26:20'),
(238, 46, 148, 4, 1, '2024-12-01', NULL, 'nem elszámolható', NULL, '2025-04-28 14:26:20', '2025-04-28 14:26:20'),
(239, 45, 143, 2, 12, '2025-01-01', NULL, 'nem elszámolható', NULL, '2025-04-28 14:26:20', '2025-04-28 14:26:20'),
(240, 47, 153, 4, 11, '2024-11-18', NULL, 'nem elszámolható', NULL, '2025-04-28 14:26:20', '2025-04-28 14:26:20'),
(241, 31, 138, 3, 9, '2025-02-22', NULL, 'nem elszámolható', NULL, '2025-04-28 14:26:20', '2025-04-28 14:26:20'),
(242, 1, 168, 4, 7, '2025-03-19', '2025-04-26', 'nem elszámolható', '2025-01-15', '2025-04-28 14:26:20', '2025-04-28 14:26:20'),
(243, 5, 107, 4, 8, '2024-11-22', NULL, 'nem elszámolható', NULL, '2025-04-28 14:26:20', '2025-04-28 14:26:20'),
(244, 3, 111, 4, 13, '2024-10-27', '2024-12-20', 'nem elszámolható', NULL, '2025-04-28 14:26:20', '2025-04-28 14:26:20'),
(245, 38, 154, 1, 7, '2024-12-12', '2025-03-31', 'nem elszámolható', NULL, '2025-04-28 14:26:20', '2025-04-28 14:26:20'),
(246, 46, 127, 3, 11, '2025-03-19', '2025-04-16', 'nem elszámolható', '2025-01-15', '2025-04-28 14:26:20', '2025-04-28 14:26:20'),
(247, 40, 92, 4, 5, '2025-01-21', '2025-04-12', 'nem elszámolható', NULL, '2025-04-28 14:26:20', '2025-04-28 14:26:20'),
(248, 9, 126, 4, 4, '2025-02-21', NULL, 'nem elszámolható', '2025-01-15', '2025-04-28 14:26:20', '2025-04-28 14:26:20'),
(249, 34, 60, 4, 2, '2025-03-07', '2025-03-17', 'nem elszámolható', '2025-01-15', '2025-04-28 14:26:20', '2025-04-28 14:26:20'),
(250, 2, 188, 4, 5, '2025-03-16', NULL, 'nem elszámolható', NULL, '2025-04-28 14:26:20', '2025-04-28 14:26:20'),
(251, 1, 101, 1, 12, '2025-01-01', NULL, 'nem elszámolható', '2025-01-15', '2025-04-28 14:26:20', '2025-04-28 14:26:20'),
(252, 52, 112, 4, 2, '2025-02-24', NULL, 'nem elszámolható', NULL, '2025-04-28 14:26:20', '2025-04-28 14:26:20'),
(253, 2, 46, 1, 3, '2024-11-17', '2024-12-13', 'nem elszámolható', '2025-01-15', '2025-04-28 14:26:20', '2025-04-28 14:26:20'),
(254, 41, 166, 3, 2, '2025-04-28', NULL, 'nem elszámolható', NULL, '2025-04-28 14:26:20', '2025-04-28 14:26:20'),
(255, 4, 97, 2, 4, '2024-11-01', NULL, 'nem elszámolható', NULL, '2025-04-28 14:26:20', '2025-04-28 14:26:20'),
(256, 49, 186, 2, 12, '2024-10-05', '2025-01-21', 'nem elszámolható', '2025-01-15', '2025-04-28 14:26:20', '2025-04-28 14:26:20'),
(257, 14, 4, 4, 12, '2024-10-05', '2025-03-21', 'nem elszámolható', NULL, '2025-04-28 14:26:20', '2025-04-28 14:26:20'),
(258, 34, 18, 1, 1, '2024-12-29', '2025-02-15', 'nem elszámolható', NULL, '2025-04-28 14:26:20', '2025-04-28 14:26:20'),
(259, 24, 86, 2, 3, '2024-09-27', NULL, 'nem elszámolható', '2025-01-15', '2025-04-28 14:26:20', '2025-04-28 14:26:20'),
(260, 2, 11, 2, 7, '2024-09-30', NULL, 'nem elszámolható', '2025-01-15', '2025-04-28 14:26:20', '2025-04-28 14:26:20'),
(261, 36, 110, 4, 11, '2025-01-11', NULL, 'nem elszámolható', '2025-01-15', '2025-04-28 14:26:20', '2025-04-28 14:26:20'),
(262, 24, 39, 1, 8, '2025-02-19', NULL, 'nem elszámolható', '2025-01-15', '2025-04-28 14:26:20', '2025-04-28 14:26:20'),
(263, 2, 42, 3, 9, '2024-12-06', NULL, 'nem elszámolható', NULL, '2025-04-28 14:26:20', '2025-04-28 14:26:20'),
(264, 29, 46, 4, 6, '2025-03-31', NULL, 'nem elszámolható', NULL, '2025-04-28 14:26:20', '2025-04-28 14:26:20'),
(265, 32, 18, 1, 5, '2024-12-19', '2025-02-12', 'nem elszámolható', '2025-01-15', '2025-04-28 14:26:20', '2025-04-28 14:26:20'),
(266, 6, 72, 1, 2, '2024-12-18', '2025-03-12', 'nem elszámolható', '2025-01-15', '2025-04-28 14:26:20', '2025-04-28 14:26:20'),
(267, 2, 140, 1, 2, '2024-11-07', NULL, 'nem elszámolható', '2025-01-15', '2025-04-28 14:26:20', '2025-04-28 14:26:20'),
(268, 19, 167, 4, 5, '2025-04-25', '2025-04-25', 'nem elszámolható', '2025-01-15', '2025-04-28 14:26:20', '2025-04-28 14:26:20'),
(269, 19, 57, 2, 4, '2024-12-17', NULL, 'nem elszámolható', '2025-01-15', '2025-04-28 14:26:20', '2025-04-28 14:26:20'),
(270, 30, 32, 1, 1, '2024-12-22', NULL, 'nem elszámolható', NULL, '2025-04-28 14:26:20', '2025-04-28 14:26:20'),
(271, 43, 123, 1, 6, '2025-01-28', '2025-04-01', 'nem elszámolható', NULL, '2025-04-28 14:26:20', '2025-04-28 14:26:20'),
(272, 17, 171, 3, 3, '2025-02-01', NULL, 'nem elszámolható', '2025-01-15', '2025-04-28 14:26:20', '2025-04-28 14:26:20'),
(273, 31, 162, 2, 15, '2025-03-02', NULL, 'nem elszámolható', NULL, '2025-04-28 14:26:20', '2025-04-28 14:26:20'),
(274, 48, 23, 4, 7, '2025-04-08', NULL, 'nem elszámolható', NULL, '2025-04-28 14:26:20', '2025-04-28 14:26:20'),
(275, 27, 111, 3, 1, '2025-03-16', NULL, 'nem elszámolható', NULL, '2025-04-28 14:26:20', '2025-04-28 14:26:20'),
(276, 27, 186, 3, 7, '2025-01-13', NULL, 'nem elszámolható', '2025-01-15', '2025-04-28 14:26:20', '2025-04-28 14:26:20'),
(277, 1, 172, 4, 6, '2025-04-21', NULL, 'nem elszámolható', '2025-01-15', '2025-04-28 14:26:20', '2025-04-28 14:26:20'),
(278, 22, 43, 3, 8, '2024-11-13', NULL, 'nem elszámolható', '2025-01-15', '2025-04-28 14:26:20', '2025-04-28 14:26:20'),
(279, 36, 71, 4, 8, '2025-02-26', '2025-04-13', 'nem elszámolható', NULL, '2025-04-28 14:26:20', '2025-04-28 14:26:20'),
(280, 26, 192, 3, 14, '2025-03-05', '2025-04-05', 'nem elszámolható', NULL, '2025-04-28 14:26:20', '2025-04-28 14:26:20'),
(281, 50, 82, 4, 5, '2025-02-21', '2025-04-14', 'nem elszámolható', NULL, '2025-04-28 14:26:20', '2025-04-28 14:26:20'),
(282, 38, 149, 1, 11, '2024-09-18', '2025-02-13', 'nem elszámolható', '2025-01-15', '2025-04-28 14:26:20', '2025-04-28 14:26:20'),
(283, 50, 4, 3, 7, '2024-10-03', '2024-10-18', 'nem elszámolható', '2025-01-15', '2025-04-28 14:26:20', '2025-04-28 14:26:20'),
(284, 46, 9, 2, 2, '2024-12-10', NULL, 'nem elszámolható', NULL, '2025-04-28 14:26:20', '2025-04-28 14:26:20'),
(285, 17, 47, 1, 10, '2024-12-04', '2025-03-09', 'nem elszámolható', '2025-01-15', '2025-04-28 14:26:20', '2025-04-28 14:26:20'),
(286, 22, 161, 4, 15, '2024-10-12', '2025-01-09', 'nem elszámolható', NULL, '2025-04-28 14:26:20', '2025-04-28 14:26:20'),
(287, 31, 34, 3, 10, '2025-01-04', '2025-03-26', 'nem elszámolható', '2025-01-15', '2025-04-28 14:26:20', '2025-04-28 14:26:20'),
(288, 44, 2, 1, 14, '2025-04-22', '2025-04-27', 'nem elszámolható', NULL, '2025-04-28 14:26:20', '2025-04-28 14:26:20'),
(289, 52, 132, 2, 10, '2024-11-06', '2025-03-10', 'nem elszámolható', NULL, '2025-04-28 14:26:20', '2025-04-28 14:26:20'),
(290, 31, 48, 4, 15, '2025-01-07', NULL, 'nem elszámolható', '2025-01-15', '2025-04-28 14:26:20', '2025-04-28 14:26:20'),
(291, 15, 80, 3, 12, '2024-12-31', NULL, 'nem elszámolható', '2025-01-15', '2025-04-28 14:26:20', '2025-04-28 14:26:20'),
(292, 3, 151, 4, 5, '2025-01-07', '2025-03-17', 'nem elszámolható', NULL, '2025-04-28 14:26:20', '2025-04-28 14:26:20'),
(293, 17, 176, 2, 5, '2024-10-28', '2025-03-03', 'nem elszámolható', NULL, '2025-04-28 14:26:20', '2025-04-28 14:26:20'),
(294, 44, 165, 4, 11, '2025-03-16', '2025-04-19', 'nem elszámolható', '2025-01-15', '2025-04-28 14:26:20', '2025-04-28 14:26:20'),
(295, 15, 55, 3, 8, '2024-10-01', NULL, 'nem elszámolható', NULL, '2025-04-28 14:26:20', '2025-04-28 14:26:20'),
(296, 4, 6, 4, 5, '2025-02-03', NULL, 'nem elszámolható', NULL, '2025-04-28 14:26:20', '2025-04-28 14:26:20'),
(297, 15, 130, 1, 1, '2025-03-10', '2025-03-24', 'nem elszámolható', '2025-01-15', '2025-04-28 14:26:20', '2025-04-28 14:26:20'),
(298, 20, 2, 3, 2, '2024-10-31', '2025-01-09', 'nem elszámolható', '2025-01-15', '2025-04-28 14:26:20', '2025-04-28 14:26:20'),
(299, 47, 63, 1, 4, '2024-11-01', '2025-01-12', 'nem elszámolható', NULL, '2025-04-28 14:26:20', '2025-04-28 14:26:20'),
(300, 25, 152, 3, 6, '2024-12-27', NULL, 'nem elszámolható', NULL, '2025-04-28 14:26:20', '2025-04-28 14:26:20');

-- --------------------------------------------------------

--
-- Tábla szerkezet ehhez a táblához `elszamolas_tipuses`
--

CREATE TABLE `elszamolas_tipuses` (
  `elszamolas_tipus_id` bigint(20) UNSIGNED NOT NULL,
  `elszamolas_elnevezese` varchar(255) NOT NULL,
  `created_at` timestamp NULL DEFAULT NULL,
  `updated_at` timestamp NULL DEFAULT NULL
) ENGINE=InnoDB DEFAULT CHARSET=utf8mb4 COLLATE=utf8mb4_unicode_ci;

--
-- A tábla adatainak kiíratása `elszamolas_tipuses`
--

INSERT INTO `elszamolas_tipuses` (`elszamolas_tipus_id`, `elszamolas_elnevezese`, `created_at`, `updated_at`) VALUES
(1, 'bevonás', NULL, NULL),
(2, 'max.alapfokú végzettségű', NULL, NULL),
(3, 'képzettséget szerzett', NULL, NULL),
(4, 'nem tartozik elszámoláshoz', NULL, NULL);

-- --------------------------------------------------------

--
-- Tábla szerkezet ehhez a táblához `failed_jobs`
--

CREATE TABLE `failed_jobs` (
  `id` bigint(20) UNSIGNED NOT NULL,
  `uuid` varchar(255) NOT NULL,
  `connection` text NOT NULL,
  `queue` text NOT NULL,
  `payload` longtext NOT NULL,
  `exception` longtext NOT NULL,
  `failed_at` timestamp NOT NULL DEFAULT current_timestamp()
) ENGINE=InnoDB DEFAULT CHARSET=utf8mb4 COLLATE=utf8mb4_unicode_ci;

-- --------------------------------------------------------

--
-- Tábla szerkezet ehhez a táblához `megvalositasi_helyszins`
--

CREATE TABLE `megvalositasi_helyszins` (
  `megvalositasi_helyszin_id` bigint(20) UNSIGNED NOT NULL,
  `intezet` bigint(20) UNSIGNED DEFAULT NULL,
  `nev` varchar(255) NOT NULL,
  `agglomeracio` tinyint(4) DEFAULT NULL,
  `regio` varchar(255) DEFAULT NULL,
  `tipus` varchar(255) DEFAULT NULL,
  `created_at` timestamp NULL DEFAULT NULL,
  `updated_at` timestamp NULL DEFAULT NULL
) ENGINE=InnoDB DEFAULT CHARSET=utf8mb4 COLLATE=utf8mb4_unicode_ci;

--
-- A tábla adatainak kiíratása `megvalositasi_helyszins`
--

INSERT INTO `megvalositasi_helyszins` (`megvalositasi_helyszin_id`, `intezet`, `nev`, `agglomeracio`, `regio`, `tipus`, `created_at`, `updated_at`) VALUES
(1, NULL, 'Állampusztai Országos Büntetés-végrehajtási Intézet', 3, 'konvergencia', 'bv', NULL, NULL),
(2, 1, 'Állampuszta', NULL, NULL, NULL, NULL, NULL),
(3, 1, 'Solt', NULL, NULL, NULL, NULL, NULL),
(4, NULL, 'Bács-Kiskun Vármegyei Büntetés-végrehajtási Intézet', 3, 'konvergencia', 'bv', NULL, NULL),
(5, 4, 'Wéber Ede', NULL, NULL, NULL, NULL, NULL),
(6, 4, 'Mátyási', NULL, NULL, NULL, NULL, NULL),
(7, NULL, 'Balassagyarmati Fegyház es Börtön', 4, 'konvergencia', 'bv', NULL, NULL),
(8, NULL, 'Baranya Vármegyei Büntetés-végrehajtási Intézet', 2, 'konvergencia', 'bv', NULL, NULL),
(9, NULL, 'Békés Vármegyei Büntetés-végrehajtási Intézet', 3, 'konvergencia', 'bv', NULL, NULL),
(10, NULL, 'Borsod-Abaúj Zemplén Vármegyei Büntetés-végrehajtási Intézet', 5, 'konvergencia', 'bv', NULL, NULL),
(11, 10, 'Megyei', NULL, NULL, NULL, NULL, NULL),
(12, 10, 'Szirmabesenyő', NULL, NULL, NULL, NULL, NULL),
(13, NULL, 'Budapesti Fegyház es Börtön', 2, 'Budapest', 'bv', NULL, NULL),
(14, NULL, 'Fiatalkorúak Büntetés-végrehajtási Intézete', 2, 'konvergencia', 'bv', NULL, NULL),
(15, NULL, 'Fővárosi Büntetés-végrehajtási Intezet', 4, 'Budapest', 'bv', NULL, NULL),
(16, 15, 'I. objektum', NULL, NULL, NULL, NULL, NULL),
(17, 15, 'II. objektum', NULL, NULL, NULL, NULL, NULL),
(18, 15, 'III. objektum', NULL, NULL, NULL, NULL, NULL),
(19, NULL, 'Győr-Moson-Sopron Vármegyei Büntetés-végrehajtási Intézet', 1, 'konvergencia', 'bv', NULL, NULL),
(20, NULL, 'Hajdú-Bihar Vármegyei Büntetés-végrehajtási Intézet', 5, 'konvergencia', 'bv', NULL, NULL),
(21, NULL, 'Heves Vármegyei Büntetés-végrehajtási Intézet', 4, 'konvergencia', 'bv', NULL, NULL),
(22, NULL, 'Igazságügyi Megfigyelő és Elmegyógyító Intézet', 5, 'Budapest', 'bv', NULL, NULL),
(23, NULL, 'Jász-Nagykun-Szolnok Vármegyei Büntetés-végrehajtási Intézet', 5, 'konvergencia', 'bv', NULL, NULL),
(24, NULL, 'Kalocsai Fegyház es Börtön', 3, 'konvergencia', 'bv', NULL, NULL),
(25, NULL, 'Kiskunhalasi Országos Büntetés-végrehajtási Intézet', 3, 'konvergencia', 'bv', NULL, NULL),
(26, NULL, 'Közép-Dunántúli Országos Büntetés-végrehajtási Intézet', 2, 'konvergencia', 'bv', NULL, NULL),
(27, 26, 'Baracska', NULL, NULL, NULL, NULL, NULL),
(28, 26, 'Martonvásár', NULL, NULL, NULL, NULL, NULL),
(29, 26, 'Székesfehérvár', NULL, NULL, NULL, NULL, NULL),
(30, NULL, 'Márianosztrai Fegyház es Börtön', 4, 'konvergencia', 'bv', NULL, NULL),
(31, NULL, 'Pálhalmai Országos Büntetés-végrehajtási Intézet', 2, 'konvergencia', 'bv', NULL, NULL),
(32, 31, 'Mélykút', NULL, NULL, NULL, NULL, NULL),
(33, 31, 'Bernátkút', NULL, NULL, NULL, NULL, NULL),
(34, 31, 'Sándorháza', NULL, NULL, NULL, NULL, NULL),
(35, NULL, 'Sátoraljaújhelyi Fegyház es Börtön', 5, 'konvergencia', 'bv', NULL, NULL),
(36, NULL, 'Somogy Vármegyei Büntetés-végrehajtási Intézet', 2, 'konvergencia', 'bv', NULL, NULL),
(37, NULL, 'Sopronkőhidai Fegyház es Börtön', 1, 'konvergencia', 'bv', NULL, NULL),
(38, NULL, 'Szabolcs-Szatmár-Bereg Vármegyei Büntetés-végrehajtási Intézet', 5, 'konvergencia', 'bv', NULL, NULL),
(39, NULL, 'Szegedi Fegyház es Börtön', 3, 'konvergencia', 'bv', NULL, NULL),
(40, 39, 'I. objektum', NULL, NULL, NULL, NULL, NULL),
(41, 39, 'II. objektum', NULL, NULL, NULL, NULL, NULL),
(42, 39, 'III. objektum', NULL, NULL, NULL, NULL, NULL),
(43, NULL, 'Szombathelyi Országos Büntetés-végrehajtási Intézet', 1, 'konvergencia', 'bv', NULL, NULL),
(44, NULL, 'Tiszalöki Országos Büntetés-végrehajtási Intézet', 5, 'konvergencia', 'bv', NULL, NULL),
(45, NULL, 'Tököli Országos Büntetés-végrehajtási Intézet', 2, 'konvergencia', 'bv', NULL, NULL),
(46, NULL, 'Tolna Vármegyei Büntetés-végrehajtási Intézet', 2, 'konvergencia', 'bv', NULL, NULL),
(47, NULL, 'Váci Fegyház es Börtön', 4, 'konvergencia', 'bv', NULL, NULL),
(48, NULL, 'Veszprém Vármegyei Büntetés-végrehajtási Intézet', 1, 'konvergencia', 'bv', NULL, NULL),
(49, NULL, 'Zala Vármegyei Büntetés-végrehajtási Intézet', 1, 'konvergencia', 'bv', NULL, NULL),
(50, NULL, 'Jász-Nagykun-Szolnok Vármegyei Közösségi Foglalkoztató', 9, 'konvergencia', 'kf', NULL, NULL),
(51, NULL, 'Hajdú-Bihar Vármegyei Közösségi Foglalkoztató', 9, 'konvergencia', 'kf', NULL, NULL),
(52, NULL, 'Szabolcs-Szatmár-Bereg Vármegyei Közösségi Foglalkoztató', 9, 'konvergencia', 'kf', NULL, NULL);

-- --------------------------------------------------------

--
-- Tábla szerkezet ehhez a táblához `migrations`
--

CREATE TABLE `migrations` (
  `id` int(10) UNSIGNED NOT NULL,
  `migration` varchar(255) NOT NULL,
  `batch` int(11) NOT NULL
) ENGINE=InnoDB DEFAULT CHARSET=utf8mb4 COLLATE=utf8mb4_unicode_ci;

--
-- A tábla adatainak kiíratása `migrations`
--

INSERT INTO `migrations` (`id`, `migration`, `batch`) VALUES
(1, '2014_10_12_000000_create_users_table', 1),
(2, '2014_10_12_100000_create_password_reset_tokens_table', 1),
(3, '2019_08_19_000000_create_failed_jobs_table', 1),
(4, '2019_12_14_000001_create_personal_access_tokens_table', 1),
(5, '2025_01_02_172702_create_elszamolas_tipuses_table', 1),
(6, '2025_01_03_110453_create_megvalositasi_helyszins_table', 1),
(7, '2025_01_03_110546_create_ugyfel_tipuses_table', 1),
(8, '2025_01_03_110547_create_dokumentum_tipuses_table', 1),
(9, '2025_01_03_115536_create_ugyfeltipusok_dokumentumais_table', 1),
(10, '2025_01_04_093045_create_ugyfels_table', 1),
(11, '2025_03_29_100022_create_elszamolas_table', 1),
(12, '2025_03_30_115631_create_dokumentumoks_table', 1);

-- --------------------------------------------------------

--
-- Tábla szerkezet ehhez a táblához `password_reset_tokens`
--

CREATE TABLE `password_reset_tokens` (
  `email` varchar(255) NOT NULL,
  `token` varchar(255) NOT NULL,
  `created_at` timestamp NULL DEFAULT NULL
) ENGINE=InnoDB DEFAULT CHARSET=utf8mb4 COLLATE=utf8mb4_unicode_ci;

-- --------------------------------------------------------

--
-- Tábla szerkezet ehhez a táblához `personal_access_tokens`
--

CREATE TABLE `personal_access_tokens` (
  `id` bigint(20) UNSIGNED NOT NULL,
  `tokenable_type` varchar(255) NOT NULL,
  `tokenable_id` bigint(20) UNSIGNED NOT NULL,
  `name` varchar(255) NOT NULL,
  `token` varchar(64) NOT NULL,
  `abilities` text DEFAULT NULL,
  `last_used_at` timestamp NULL DEFAULT NULL,
  `expires_at` timestamp NULL DEFAULT NULL,
  `created_at` timestamp NULL DEFAULT NULL,
  `updated_at` timestamp NULL DEFAULT NULL
) ENGINE=InnoDB DEFAULT CHARSET=utf8mb4 COLLATE=utf8mb4_unicode_ci;

-- --------------------------------------------------------

--
-- Tábla szerkezet ehhez a táblához `ugyfels`
--

CREATE TABLE `ugyfels` (
  `ugyfel_id` bigint(20) UNSIGNED NOT NULL,
  `nev` varchar(255) NOT NULL,
  `szuletesi_nev` varchar(255) NOT NULL,
  `anyja_neve` varchar(255) NOT NULL,
  `szuletesi_hely` varchar(255) NOT NULL,
  `szuletesi_ido` date NOT NULL,
  `telepules` varchar(255) NOT NULL,
  `neme` enum('férfi','nő') NOT NULL DEFAULT 'férfi',
  `ugyfelkod` bigint(20) NOT NULL,
  `created_at` timestamp NULL DEFAULT NULL,
  `updated_at` timestamp NULL DEFAULT NULL
) ;

--
-- A tábla adatainak kiíratása `ugyfels`
--

INSERT INTO `ugyfels` (`ugyfel_id`, `nev`, `szuletesi_nev`, `anyja_neve`, `szuletesi_hely`, `szuletesi_ido`, `telepules`, `neme`, `ugyfelkod`, `created_at`, `updated_at`) VALUES
(1, 'Pataki-Végh Alexa', 'Prof. Halászné Klaudia', 'Kerekes Balázsné', 'Veszprém', '1984-05-27', 'Tatabánya', 'nő', 88456625, '2025-04-28 14:26:15', '2025-04-28 14:26:15'),
(2, 'Báró Orbán Gáborné', 'Tamás Dalma', 'Fülöp Bence', 'Gárdony', '1941-05-26', 'Budapest', 'nő', 83666956, '2025-04-28 14:26:15', '2025-04-28 14:26:15'),
(3, 'Hegedüs Doriánné', 'Szücs Léna PhD', 'Biró-Molnár Panna', 'Mórahalom', '1968-10-08', 'Vasvár', 'férfi', 77645127, '2025-04-28 14:26:15', '2025-04-28 14:26:15'),
(4, 'Özv. Vass Hanga', 'Török Dorina', 'Halászné Kelemen Szandra', 'Budapest', '1974-01-08', 'Budapest', 'férfi', 99850796, '2025-04-28 14:26:15', '2025-04-28 14:26:15'),
(5, 'Virág-Veres Henriett', 'Balogh Botondné', 'Gróf Kovács Erzsébet PhD', 'Budapest', '1953-12-11', 'Budapest', 'férfi', 61393279, '2025-04-28 14:26:15', '2025-04-28 14:26:15'),
(6, 'Prof. Somogyi László', 'Rácz Patrícia PhD', 'Szücs Kíra PhD', 'Dunaújváros', '1973-02-07', 'Budapest', 'férfi', 90301997, '2025-04-28 14:26:15', '2025-04-28 14:26:15'),
(7, 'Özv. Fodor Kristófné', 'Gáspár-Dudás Klaudia', 'Szabó Péterné', 'Budapest', '1994-09-24', 'Szolnok', 'nő', 26136722, '2025-04-28 14:26:15', '2025-04-28 14:26:15'),
(8, 'Dobos-Balogh Liza', 'Özv. Dobos Emőke', 'Özv. Fodorné Gréta', 'Budapest', '1949-04-16', 'Budapest', 'férfi', 95074699, '2025-04-28 14:26:15', '2025-04-28 14:26:15'),
(9, 'Báró Szalai Barna PhD', 'Végh Kevinné', 'Id. Bakos Bencéné', 'Kazincbarcika', '1951-09-22', 'Sopron', 'nő', 76925847, '2025-04-28 14:26:15', '2025-04-28 14:26:15'),
(10, 'Ifj. Kelemen Botond PhD', 'Özv. Faragó Martina', 'Némethné Simon Boróka', 'Budapest', '1977-12-02', 'Szombathely', 'nő', 9097124, '2025-04-28 14:26:15', '2025-04-28 14:26:15'),
(11, 'Prof. Balla Áronné', 'Soós Kata PhD', 'Deák Martina PhD', 'Veszprém', '1995-10-04', 'Budapest', 'férfi', 98992992, '2025-04-28 14:26:15', '2025-04-28 14:26:15'),
(12, 'Papp Míra', 'Virág Henrietta PhD', 'Dr. Baloghné Dalma', 'Salgótarján', '1940-02-20', 'Budapest', 'nő', 51398406, '2025-04-28 14:26:15', '2025-04-28 14:26:15'),
(13, 'Deák-Pataki Georgina', 'Halászné Csonka Milla', 'Fábiánné Végh Boróka', 'Békéscsaba', '1967-01-12', 'Budapest', 'nő', 58022552, '2025-04-28 14:26:15', '2025-04-28 14:26:15'),
(14, 'Hajdu-Faragó Katalin', 'Dr. Kocsis Olívia', 'Barta Szervác', 'Hatvan', '1956-11-23', 'Érd', 'nő', 6418478, '2025-04-28 14:26:15', '2025-04-28 14:26:15'),
(15, 'Bodnár Attila', 'Prof. Biróné Liliána', 'Lengyel Antal PhD', 'Budapest', '1964-03-31', 'Tokaj', 'férfi', 23609990, '2025-04-28 14:26:15', '2025-04-28 14:26:15'),
(16, 'Prof. Váradiné Alexa', 'Dr. Fehér Milán PhD', 'Özv. Kelemen Noel PhD', 'Budapest', '2002-11-13', 'Debrecen', 'férfi', 94210040, '2025-04-28 14:26:15', '2025-04-28 14:26:15'),
(17, 'Id. Somogyiné Georgina', 'Prof. Orbán István PhD', 'Katona-Orbán Julianna', 'Budapest', '1941-01-17', 'Budapest', 'férfi', 61375028, '2025-04-28 14:26:15', '2025-04-28 14:26:15'),
(18, 'Németh Fanni', 'Ifj. Molnár Endrené', 'Máté Julianna PhD', 'Pannonhalma', '1982-01-02', 'Budapest', 'nő', 92328196, '2025-04-28 14:26:15', '2025-04-28 14:26:15'),
(19, 'Prof. Sipos László PhD', 'Prof. Lukács Kata PhD', 'Pál Gizella', 'Budapest', '2007-04-27', 'Budapest', 'nő', 83054182, '2025-04-28 14:26:15', '2025-04-28 14:26:15'),
(20, 'Prof. Vass István', 'Ifj. Szűcs Kevinné', 'Török Gáborné', 'Budapest', '1994-06-01', 'Baja', 'nő', 68338921, '2025-04-28 14:26:15', '2025-04-28 14:26:15'),
(21, 'Halász Kristóf', 'Kis Bence', 'Özv. Juhász Angéla', 'Szombathely', '1974-05-03', 'Tatabánya', 'nő', 7054093, '2025-04-28 14:26:15', '2025-04-28 14:26:15'),
(22, 'Ifj. Bogdán Patrikné', 'Magyar Ármin', 'Id. Katona Kincső PhD', 'Hódmezővásárhely', '1978-07-08', 'Miskolc', 'nő', 55931194, '2025-04-28 14:26:15', '2025-04-28 14:26:15'),
(23, 'Gróf Vörös Ádám PhD', 'Balla Árpád', 'Juhász Zita', 'Győr', '1954-03-21', 'Tiszakécske', 'férfi', 15342156, '2025-04-28 14:26:15', '2025-04-28 14:26:15'),
(24, 'Özv. Gulyás Johanna PhD', 'Lengyel Antalné', 'Prof. Bálint Flóra PhD', 'Debrecen', '1992-12-28', 'Budapest', 'nő', 82070283, '2025-04-28 14:26:15', '2025-04-28 14:26:15'),
(25, 'Jakab-Antal Marietta', 'Kis Márton PhD', 'Dr. Kelemen Kornélné', 'Vác', '2006-01-08', 'Budapest', 'nő', 33025960, '2025-04-28 14:26:15', '2025-04-28 14:26:15'),
(26, 'Fazekasné Fazekas Márton', 'Végh Kincső PhD', 'Pál-Nagy Gabriella', 'Budapest', '1937-10-20', 'Salgótarján', 'férfi', 75715445, '2025-04-28 14:26:15', '2025-04-28 14:26:15'),
(27, 'Id. Lukács Kevin', 'Ifj. Pásztorné Liza', 'Prof. Tamás Zoltán PhD', 'Budapest', '1959-01-05', 'Kisbér', 'férfi', 32109828, '2025-04-28 14:26:15', '2025-04-28 14:26:15'),
(28, 'Magyar Istvánné', 'Gáspár Attila', 'Dr. Novák Kincső', 'Budapest', '1980-09-13', 'Budapest', 'férfi', 88965254, '2025-04-28 14:26:15', '2025-04-28 14:26:15'),
(29, 'Váradi Henriett PhD', 'Gál Liliána PhD', 'Id. Jónás Gábor PhD', 'Csenger', '1970-01-17', 'Sárbogárd', 'nő', 89318270, '2025-04-28 14:26:15', '2025-04-28 14:26:15'),
(30, 'Oláhné Kerekes Mária', 'Id. Bogdán Endrené', 'Fülöp Árpádné', 'Budapest', '2000-01-31', 'Érd', 'nő', 50651108, '2025-04-28 14:26:15', '2025-04-28 14:26:15'),
(31, 'Dr. Novák Hunorné', 'Jónás Dorián', 'Péter Katalin', 'Budapest', '1936-09-27', 'Budapest', 'nő', 89717728, '2025-04-28 14:26:15', '2025-04-28 14:26:15'),
(32, 'Antal Fanni', 'Gróf Simonné Beatrix', 'Orsós Ottó', 'Budapest', '1975-02-01', 'Budapest', 'férfi', 65266247, '2025-04-28 14:26:15', '2025-04-28 14:26:15'),
(33, 'Kovács-Fülöp Beatrix', 'Gróf Vass Barnabásné', 'Özv. Fodor Olivérné', 'Budapest', '1943-08-12', 'Budapest', 'nő', 77874818, '2025-04-28 14:26:15', '2025-04-28 14:26:15'),
(34, 'Özv. Barta Kevin PhD', 'Budai Ernő PhD', 'Szűcs Zsóka', 'Szekszárd', '1960-02-16', 'Nyíradony', 'nő', 99221877, '2025-04-28 14:26:15', '2025-04-28 14:26:15'),
(35, 'Orosz Árpádné', 'Borbély Szervácné', 'Simon Jenő PhD', 'Budapest', '1963-11-12', 'Nagykanizsa', 'nő', 15350976, '2025-04-28 14:26:15', '2025-04-28 14:26:15'),
(36, 'Lengyel Linda PhD', 'Prof. Horváth Attila', 'Takács-Simon Csenge', 'Budapest', '2000-12-10', 'Budapest', 'nő', 82492003, '2025-04-28 14:26:15', '2025-04-28 14:26:15'),
(37, 'Vargáné Orbán Martina', 'Orbán Jenő', 'Bodnár-Farkas Fanni', 'Kecskemét', '1986-05-04', 'Budapest', 'nő', 98606165, '2025-04-28 14:26:15', '2025-04-28 14:26:15'),
(38, 'Özv. László Ádám', 'Bodnár Zsolt PhD', 'Prof. Illés Katinka', 'Bonyhád', '1983-08-21', 'Budapest', 'nő', 77181963, '2025-04-28 14:26:15', '2025-04-28 14:26:15'),
(39, 'Dr. Bognár Gézané', 'Vass Barnabás', 'Balogh Bendegúz', 'Eger', '1980-06-23', 'Budapest', 'férfi', 19461936, '2025-04-28 14:26:15', '2025-04-28 14:26:15'),
(40, 'Prof. Lakatos Zsolt PhD', 'Soós Beatrix', 'Dr. Takács Ottó PhD', 'Budapest', '1936-07-28', 'Nyíregyháza', 'nő', 2480462, '2025-04-28 14:26:15', '2025-04-28 14:26:15'),
(41, 'Lakatos Gréta', 'Dr. Kiss Izabella PhD', 'Vincze Rudolfné', 'Budapest', '1944-04-14', 'Veszprém', 'férfi', 76945064, '2025-04-28 14:26:15', '2025-04-28 14:26:15'),
(42, 'Ifj. Kerekes Vince', 'Borbélyné Novák Sára', 'Szalai Zsomborné', 'Miskolc', '1981-02-25', 'Budapest', 'nő', 37477013, '2025-04-28 14:26:15', '2025-04-28 14:26:15'),
(43, 'Oláh-Bálint Panna', 'Özv. Kerekes Sára', 'Orosz Jázmin PhD', 'Szikszó', '1969-04-10', 'Békéscsaba', 'nő', 43097288, '2025-04-28 14:26:15', '2025-04-28 14:26:15'),
(44, 'Prof. Horváth Aranka', 'Dr. Borbély Nikoletta', 'Váradi Albert', 'Budapest', '1982-11-12', 'Kaposvár', 'férfi', 93572321, '2025-04-28 14:26:15', '2025-04-28 14:26:15'),
(45, 'Prof. László Liliána PhD', 'Prof. Gáspár Szonja PhD', 'Dr. Nemes Árminné', 'Eger', '1968-08-15', 'Budapest', 'nő', 11933796, '2025-04-28 14:26:15', '2025-04-28 14:26:15'),
(46, 'Farkas-Juhász Patrícia', 'Balla-Kozma Erzsébet', 'Juhászné Király Boglárka', 'Hódmezővásárhely', '1988-01-11', 'Budapest', 'nő', 80842204, '2025-04-28 14:26:15', '2025-04-28 14:26:15'),
(47, 'Prof. Faragó Hunorné', 'Major Marianna PhD', 'Szabó Zoltán', 'Miskolc', '1999-07-02', 'Nyíregyháza', 'nő', 87797968, '2025-04-28 14:26:15', '2025-04-28 14:26:15'),
(48, 'Bakos Maja PhD', 'Székelyné Szűcs Szonja', 'Dr. Végh Vilmos', 'Gárdony', '1936-06-19', 'Budapest', 'férfi', 67082933, '2025-04-28 14:26:15', '2025-04-28 14:26:15'),
(49, 'Dr. Fekete Mátyás PhD', 'Özv. Székely Liliána PhD', 'Báró Magyar Anikó', 'Békéscsaba', '1973-05-31', 'Pécs', 'férfi', 80104012, '2025-04-28 14:26:15', '2025-04-28 14:26:15'),
(50, 'Dr. Kerekes Hanga PhD', 'Kerekes Gáborné', 'Prof. László Zsóka', 'Szombathely', '1983-03-08', 'Tatabánya', 'nő', 95207886, '2025-04-28 14:26:15', '2025-04-28 14:26:15'),
(51, 'Pataki Ottó PhD', 'Báró Nemes Olivérné', 'Id. Halász Imréné', 'Budapest', '2004-07-12', 'Szeged', 'férfi', 20163933, '2025-04-28 14:26:15', '2025-04-28 14:26:15'),
(52, 'Takácsné Oláh Lívia', 'Özv. Bogdán Imréné', 'Fülöp Rudolf', 'Budapest', '1998-08-26', 'Budapest', 'férfi', 45555058, '2025-04-28 14:26:15', '2025-04-28 14:26:15'),
(53, 'Török Patrícia', 'Id. Király Virág PhD', 'Szekeres Dalma', 'Zalaegerszeg', '1979-09-26', 'Budapest', 'férfi', 24173490, '2025-04-28 14:26:15', '2025-04-28 14:26:15'),
(54, 'Fodor Virág PhD', 'Prof. Szekeres Katalin', 'Vincze-Mészáros Liliána', 'Sopron', '2002-07-10', 'Szeged', 'nő', 37832227, '2025-04-28 14:26:15', '2025-04-28 14:26:15'),
(55, 'Gróf Somogyi Kristófné', 'Prof. Kozma Benedek PhD', 'Fodor Bendegúz', 'Budapest', '1938-10-27', 'Budapest', 'nő', 38840937, '2025-04-28 14:26:15', '2025-04-28 14:26:15'),
(56, 'Orsós-Orsós Mária', 'Budai Barnabás', 'Báró Máté Zita', 'Budapest', '1987-12-07', 'Cegléd', 'férfi', 2510916, '2025-04-28 14:26:15', '2025-04-28 14:26:15'),
(57, 'Szalai Liza PhD', 'Horváth Kristófné', 'Barna Imre', 'Budapest', '1937-09-17', 'Debrecen', 'nő', 24766034, '2025-04-28 14:26:15', '2025-04-28 14:26:15'),
(58, 'Dr. Szücs Doriánné', 'Özv. Borbély Boglárka PhD', 'Kelemen Jánosné', 'Balatonalmádi', '1994-12-25', 'Budapest', 'nő', 85914741, '2025-04-28 14:26:15', '2025-04-28 14:26:15'),
(59, 'Hajdu Imre', 'Szilágyi Vilmosné', 'Fodor Kristóf', 'Hódmezővásárhely', '1998-11-07', 'Budapest', 'férfi', 55817716, '2025-04-28 14:26:15', '2025-04-28 14:26:15'),
(60, 'Dudás Áronné', 'Takács Imre PhD', 'Dr. Szilágyi Vincéné', 'Budapest', '1996-06-19', 'Budapest', 'férfi', 83797396, '2025-04-28 14:26:15', '2025-04-28 14:26:15'),
(61, 'Dr. Barna Jenőné', 'Takács Ármin PhD', 'Özv. Jakab Hanga PhD', 'Szeged', '1987-12-11', 'Budapest', 'nő', 52940188, '2025-04-28 14:26:15', '2025-04-28 14:26:15'),
(62, 'Balogh István PhD', 'Kocsis László', 'Dr. Siposné Flóra', 'Szolnok', '1936-07-18', 'Kecskemét', 'nő', 7513202, '2025-04-28 14:26:15', '2025-04-28 14:26:15'),
(63, 'Nemes Marietta', 'Orsósné Lukács Szabina', 'Major Emőke PhD', 'Nyíregyháza', '1955-08-14', 'Budapest', 'nő', 32625215, '2025-04-28 14:26:15', '2025-04-28 14:26:15'),
(64, 'Máté Zsoltné', 'Hegedűs Boglárka', 'Máté-Fehér Fanni', 'Szekszárd', '1952-08-28', 'Budapest', 'nő', 80169849, '2025-04-28 14:26:15', '2025-04-28 14:26:15'),
(65, 'Dudás Zsoltné', 'Nemes Rebeka', 'Ifj. Szőkené Judit', 'Budapest', '1999-03-11', 'Székesfehérvár', 'nő', 42643422, '2025-04-28 14:26:15', '2025-04-28 14:26:15'),
(66, 'Szekeres Olivér PhD', 'Kozma István', 'Sipos Bettina', 'Békéscsaba', '2001-07-10', 'Budapest', 'nő', 59379683, '2025-04-28 14:26:15', '2025-04-28 14:26:15'),
(67, 'Dobosné Szücs Johanna', 'Péterné László Beatrix', 'Balázsné Dudás Marianna', 'Békéscsaba', '1988-10-15', 'Gyula', 'nő', 15451245, '2025-04-28 14:26:15', '2025-04-28 14:26:15'),
(68, 'Novák Noelné', 'Id. Balogh Léna PhD', 'Borbély Szervác', 'Várpalota', '1950-09-25', 'Budapest', 'férfi', 74606922, '2025-04-28 14:26:15', '2025-04-28 14:26:15'),
(69, 'Fehér Péter PhD', 'Prof. Takács Vince', 'Pataki Adél PhD', 'Budapest', '2001-09-19', 'Szolnok', 'nő', 67753676, '2025-04-28 14:26:15', '2025-04-28 14:26:15'),
(70, 'Péterné Pap Johanna', 'Vincze Richárd PhD', 'Prof. Balog Henrietta', 'Mezőkövesd', '1962-02-21', 'Nyíregyháza', 'férfi', 5169905, '2025-04-28 14:26:15', '2025-04-28 14:26:15'),
(71, 'Gulyás Ramóna PhD', 'Id. Kerekes Péterné', 'Kocsis Rebeka PhD', 'Veszprém', '1990-04-08', 'Budapest', 'nő', 15075919, '2025-04-28 14:26:15', '2025-04-28 14:26:15'),
(72, 'Özv. Mészáros Jázmin PhD', 'Gróf Csonka Sándorné', 'Jakab-Varga Léna', 'Eger', '2007-03-30', 'Budapest', 'nő', 33131782, '2025-04-28 14:26:15', '2025-04-28 14:26:15'),
(73, 'Ifj. Antal Ramóna PhD', 'Dr. Bakos Benedek PhD', 'Oroszné Barna Szandra', 'Budapest', '1975-09-29', 'Nyíregyháza', 'férfi', 48853720, '2025-04-28 14:26:15', '2025-04-28 14:26:15'),
(74, 'Vinczéné Bogdán Zsóka', 'Bognár Gréta PhD', 'Dr. Soósné Katinka', 'Budapest', '1982-05-31', 'Pécs', 'férfi', 60911940, '2025-04-28 14:26:15', '2025-04-28 14:26:15'),
(75, 'Borbélyné Kerekes Szonja', 'Fülöp Bencéné', 'Báró Borbély Benedekné', 'Szeged', '1984-09-10', 'Zalaegerszeg', 'nő', 19032349, '2025-04-28 14:26:15', '2025-04-28 14:26:15'),
(76, 'Prof. Mészáros Rudolf', 'Orosz Szervác', 'Prof. Kis Vincéné', 'Barcs', '1936-08-22', 'Pécs', 'férfi', 3744443, '2025-04-28 14:26:15', '2025-04-28 14:26:15'),
(77, 'Lengyel Rudolfné', 'Özv. Végh Antalné', 'Dr. Fekete Gabriella', 'Érd', '1995-10-01', 'Debrecen', 'nő', 52681185, '2025-04-28 14:26:15', '2025-04-28 14:26:15'),
(78, 'Özv. Orosz Ádám', 'Prof. Jónás Kristóf', 'Özv. Simon Beatrix', 'Kaposvár', '1999-11-25', 'Budapest', 'férfi', 8688483, '2025-04-28 14:26:15', '2025-04-28 14:26:15'),
(79, 'Orbán Albertné', 'Ifj. Fábiánné Boglárka', 'Rácz-Faragó Míra', 'Budapest', '1974-11-30', 'Budapest', 'férfi', 84211177, '2025-04-28 14:26:15', '2025-04-28 14:26:15'),
(80, 'Szücs Ármin', 'Budai Bendegúz PhD', 'Lakatos Beatrix', 'Budapest', '1967-03-06', 'Budapest', 'férfi', 47077386, '2025-04-28 14:26:15', '2025-04-28 14:26:15'),
(81, 'Szabóné Budai Virág', 'Pásztor Boglárka PhD', 'Dr. Szalai Ármin', 'Kaposvár', '1970-02-21', 'Debrecen', 'nő', 53463174, '2025-04-28 14:26:15', '2025-04-28 14:26:15'),
(82, 'Ifj. Jakabné Aranka', 'Péter-Varga Virág', 'Balázs Hanga', 'Budapest', '1984-03-11', 'Budapest', 'férfi', 52563850, '2025-04-28 14:26:15', '2025-04-28 14:26:15'),
(83, 'Id. Törökné Andrea', 'Halász Evelin PhD', 'Lakatos Bence', 'Budapest', '1951-07-14', 'Szekszárd', 'nő', 47382701, '2025-04-28 14:26:15', '2025-04-28 14:26:15'),
(84, 'Prof. Balla Katalin PhD', 'Ifj. Fehér Benedekné', 'Rácz Rudolf', 'Szentendre', '1972-06-10', 'Nagykanizsa', 'nő', 18965779, '2025-04-28 14:26:15', '2025-04-28 14:26:15'),
(85, 'Balog-Orosz Linda', 'Báró Budainé Panna', 'Dr. Hajdu Mátyásné', 'Budapest', '1967-04-23', 'Veszprém', 'nő', 8294025, '2025-04-28 14:26:15', '2025-04-28 14:26:15'),
(86, 'Gróf Székely Kristóf', 'Ifj. Végh Mátyás', 'Dr. Balogh Zsoltné', 'Budapest', '1982-09-22', 'Budapest', 'férfi', 2189778, '2025-04-28 14:26:15', '2025-04-28 14:26:15'),
(87, 'Prof. Jónás Katinka', 'Dr. Szalai Valéria PhD', 'Özv. Kerekesné Bettina', 'Keszthely', '1971-07-12', 'Budapest', 'férfi', 66995506, '2025-04-28 14:26:15', '2025-04-28 14:26:15'),
(88, 'Antalné Vincze Gréta', 'Prof. Szekeres Zétény PhD', 'Jakab Sándorné', 'Budapest', '1981-07-30', 'Baktalórántháza', 'nő', 99289248, '2025-04-28 14:26:15', '2025-04-28 14:26:15'),
(89, 'Gróf Török Szervác', 'Fazekas Gabriella', 'Prof. Balla Endre PhD', 'Hódmezővásárhely', '1996-05-31', 'Miskolc', 'nő', 4771782, '2025-04-28 14:26:15', '2025-04-28 14:26:15'),
(90, 'Dr. Szűcs Judit', 'Dr. Péter Szervácné', 'Orsós Olívia', 'Budapest', '1999-01-14', 'Kecskemét', 'férfi', 60901604, '2025-04-28 14:26:15', '2025-04-28 14:26:15'),
(91, 'Kozma Gitta PhD', 'Özv. Szabó Jánosné', 'Pál-Veres Julianna', 'Budapest', '1980-04-14', 'Lenti', 'férfi', 14330917, '2025-04-28 14:26:15', '2025-04-28 14:26:15'),
(92, 'Prof. Pál Ernő', 'Lászlóné Fekete Soma', 'Özv. Dobosné Katinka', 'Budapest', '1997-07-06', 'Budapest', 'nő', 94226743, '2025-04-28 14:26:15', '2025-04-28 14:26:15'),
(93, 'Dr. Szabó Julianna PhD', 'Bognár Bencéné', 'Dr. Balogh Kevin', 'Nyíregyháza', '1986-12-16', 'Budapest', 'nő', 75920585, '2025-04-28 14:26:15', '2025-04-28 14:26:15'),
(94, 'Id. Fehérné Flóra', 'Balog Imréné', 'Török Gizella', 'Budapest', '1959-06-01', 'Szeged', 'nő', 40175258, '2025-04-28 14:26:15', '2025-04-28 14:26:15'),
(95, 'Kelemen Szonja PhD', 'Bálint Beatrix', 'Id. Orosz Mia', 'Gyöngyös', '1957-09-10', 'Budapest', 'nő', 77441430, '2025-04-28 14:26:15', '2025-04-28 14:26:15'),
(96, 'Major Marianna PhD', 'Gulyás Izabella', 'Farkasné Orsós Henriett', 'Budapest', '1989-05-22', 'Székesfehérvár', 'férfi', 59363138, '2025-04-28 14:26:15', '2025-04-28 14:26:15'),
(97, 'Takács Noelné', 'Fábián Panna PhD', 'Dr. Papp Sándor PhD', 'Budapest', '1995-11-30', 'Nagykanizsa', 'nő', 44859287, '2025-04-28 14:26:15', '2025-04-28 14:26:15'),
(98, 'Pappné Jónás Csenge', 'Deák-Fodor Georgina', 'Királyné Bognár Emőke', 'Budapest', '1992-12-01', 'Szeged', 'nő', 48867843, '2025-04-28 14:26:15', '2025-04-28 14:26:15'),
(99, 'Illés Árpádné', 'Fazekas Patrícia PhD', 'Prof. Szőke Patrícia PhD', 'Balatonfüred', '1962-11-01', 'Budapest', 'férfi', 55438035, '2025-04-28 14:26:15', '2025-04-28 14:26:15'),
(100, 'Kiss Kristóf', 'Nagy Beatrix', 'Gáspár Míra', 'Budapest', '1978-05-19', 'Komárom', 'nő', 89418895, '2025-04-28 14:26:15', '2025-04-28 14:26:15'),
(101, 'Fábián Mátyás', 'Oláhné Boros Alexa', 'Virág Rebeka PhD', 'Kalocsa', '1998-02-21', 'Dunaújváros', 'férfi', 26243595, '2025-04-28 14:26:15', '2025-04-28 14:26:15'),
(102, 'Szekeres-Soós Rebeka', 'Váradi Olivér PhD', 'Nagyné Végh Kata', 'Budapest', '1999-01-05', 'Budapest', 'nő', 48596490, '2025-04-28 14:26:15', '2025-04-28 14:26:15'),
(103, 'Kozma Mia PhD', 'Prof. Bognárné Henriett', 'Dr. Fehér Vilmosné', 'Szolnok', '1970-04-28', 'Debrecen', 'férfi', 22697553, '2025-04-28 14:26:15', '2025-04-28 14:26:15'),
(104, 'László-Major Dalma', 'Vass Szervác PhD', 'Fülöp Mihály PhD', 'Tatabánya', '1997-01-07', 'Dunaújváros', 'nő', 56418797, '2025-04-28 14:26:15', '2025-04-28 14:26:15'),
(105, 'Dr. Váradiné Alexa', 'Horváth-Simon Flóra', 'Prof. Nemes Zétényné', 'Vasvár', '1936-06-18', 'Budapest', 'nő', 67803256, '2025-04-28 14:26:15', '2025-04-28 14:26:15'),
(106, 'Veres Anikó', 'Pap-Szőke Angéla', 'Báró Bognárné Marianna', 'Veszprém', '1954-06-05', 'Budapest', 'nő', 52025061, '2025-04-28 14:26:15', '2025-04-28 14:26:15'),
(107, 'Tóth Mária PhD', 'Lukácsné Kozma Izabella', 'Szőke László', 'Budapest', '1945-03-14', 'Budapest', 'férfi', 93893111, '2025-04-28 14:26:15', '2025-04-28 14:26:15'),
(108, 'Gulyás Ármin PhD', 'Szilágyiné Deák Marianna', 'Id. Kelemen Jánosné', 'Budapest', '1965-11-24', 'Érd', 'férfi', 48672895, '2025-04-28 14:26:15', '2025-04-28 14:26:15'),
(109, 'Török Maja PhD', 'Dr. Veresné Boglárka', 'Király-Kiss Erzsébet', 'Budapest', '1965-01-26', 'Budapest', 'nő', 31397566, '2025-04-28 14:26:15', '2025-04-28 14:26:15'),
(110, 'Prof. Szűcs Martina PhD', 'Vass-Bálint Judit', 'Fodor Zsolt', 'Budapest', '1952-12-07', 'Hódmezővásárhely', 'nő', 69978593, '2025-04-28 14:26:15', '2025-04-28 14:26:15'),
(111, 'Tóthné Boros Adél', 'Oláh Endrené', 'Jónás Zoltán', 'Szeged', '1991-10-29', 'Nagykanizsa', 'férfi', 43124228, '2025-04-28 14:26:15', '2025-04-28 14:26:15'),
(112, 'Molnár Csenge PhD', 'Bálint Áron', 'Barta Anikó', 'Budapest', '1991-04-03', 'Budapest', 'férfi', 91784841, '2025-04-28 14:26:15', '2025-04-28 14:26:15'),
(113, 'Özv. Bognárné Virág', 'Váradi Richárd', 'Katona-Balázs Henrietta', 'Kecskemét', '1997-09-01', 'Győr', 'nő', 29732081, '2025-04-28 14:26:15', '2025-04-28 14:26:15'),
(114, 'Simon Olivérné', 'Balogh-Bálint Ramóna', 'Lakatos-Tóth Henriett', 'Budapest', '1999-12-25', 'Mór', 'férfi', 32573126, '2025-04-28 14:26:15', '2025-04-28 14:26:15'),
(115, 'Katona Katinka PhD', 'Kiss Erzsébet PhD', 'Antalné Vincze Mia', 'Budapest', '2005-07-11', 'Budapest', 'nő', 16980686, '2025-04-28 14:26:15', '2025-04-28 14:26:15'),
(116, 'Prof. Pál Boglárka', 'Barna Albertné', 'Kozma Valéria', 'Marcali', '1981-12-18', 'Sopron', 'nő', 76268050, '2025-04-28 14:26:15', '2025-04-28 14:26:15'),
(117, 'Dr. Novák Mihályné', 'Biró Attila PhD', 'Prof. Rácz Patrikné', 'Vásárosnamény', '1978-07-10', 'Sásd', 'férfi', 66680551, '2025-04-28 14:26:15', '2025-04-28 14:26:15'),
(118, 'Barta Szervác PhD', 'Jónás Olívia PhD', 'Hegedűs-Biró Míra', 'Miskolc', '1943-09-29', 'Budapest', 'férfi', 87021450, '2025-04-28 14:26:15', '2025-04-28 14:26:15'),
(119, 'Dr. Fülöp Hunorné', 'Orosz Kristófné', 'Veres Kevin PhD', 'Budapest', '1991-08-01', 'Debrecen', 'nő', 13406829, '2025-04-28 14:26:15', '2025-04-28 14:26:15'),
(120, 'Dr. Nagyné Fanni', 'Báró Szabó Ádám', 'Özv. Major Mátyásné', 'Dunaújváros', '1991-11-23', 'Nagykanizsa', 'férfi', 40931643, '2025-04-28 14:26:15', '2025-04-28 14:26:15'),
(121, 'Molnár Izabella PhD', 'Prof. Bogdán István PhD', 'Id. Pintér Jázmin PhD', 'Budapest', '1939-05-01', 'Veszprém', 'nő', 67268092, '2025-04-28 14:26:15', '2025-04-28 14:26:15'),
(122, 'Gulyás Bence', 'Hajdu-Dobos Boglárka', 'Balázs Ádámné', 'Szolnok', '1981-02-17', 'Budapest', 'nő', 94676078, '2025-04-28 14:26:15', '2025-04-28 14:26:15'),
(123, 'Báró Novák Gáborné', 'Vass Zsóka PhD', 'Hegedüs Gréta', 'Budapest', '1978-04-01', 'Zalaegerszeg', 'férfi', 28651271, '2025-04-28 14:26:15', '2025-04-28 14:26:15'),
(124, 'Jakab Liliána PhD', 'Pataki Áronné', 'Barta Erzsébet', 'Szeged', '1968-11-28', 'Veszprém', 'férfi', 28957222, '2025-04-28 14:26:15', '2025-04-28 14:26:15'),
(125, 'Özv. László Ramóna', 'Pintér Áron PhD', 'Báró Papné Zita', 'Budapest', '2003-12-18', 'Budapest', 'nő', 51802575, '2025-04-28 14:26:15', '2025-04-28 14:26:15'),
(126, 'Budai László', 'Bognár Jázmin', 'Illés Erzsébet PhD', 'Budapest', '1958-07-01', 'Budapest', 'nő', 95093815, '2025-04-28 14:26:15', '2025-04-28 14:26:15'),
(127, 'Székely Beatrix', 'Prof. Bálint Sára PhD', 'Hegedűs Géza PhD', 'Pannonhalma', '1970-05-22', 'Budapest', 'nő', 40511502, '2025-04-28 14:26:15', '2025-04-28 14:26:15'),
(128, 'Prof. Lakatos Vincéné', 'Gróf Pásztorné Marietta', 'Novák Rudolf', 'Budapest', '1999-08-28', 'Budapest', 'férfi', 34012890, '2025-04-28 14:26:15', '2025-04-28 14:26:15'),
(129, 'Báró Balláné Gizella', 'Szőkené Kelemen Anikó', 'Fodor Katinka PhD', 'Nyíregyháza', '1943-06-19', 'Budapest', 'nő', 36583388, '2025-04-28 14:26:15', '2025-04-28 14:26:15'),
(130, 'Dobosné Péter Lívia', 'Nagy-Novák Klaudia', 'Tóth Ottó', 'Budapest', '1988-11-18', 'Budapest', 'nő', 99283165, '2025-04-28 14:26:15', '2025-04-28 14:26:15'),
(131, 'Dr. Németh Olívia PhD', 'Báró Faragó Zétény PhD', 'Dr. Balog Bendegúz', 'Budapest', '1943-08-16', 'Pécs', 'nő', 50412890, '2025-04-28 14:26:15', '2025-04-28 14:26:15'),
(132, 'Pap Julianna PhD', 'Borbély Anikó', 'Papp Barna', 'Kistelek', '1942-08-25', 'Budapest', 'férfi', 39997147, '2025-04-28 14:26:15', '2025-04-28 14:26:15'),
(133, 'Prof. Szalai Szonja', 'Dr. Tóthné Klaudia', 'Pap Bence', 'Szolnok', '1972-06-27', 'Hajdúszoboszló', 'férfi', 72486405, '2025-04-28 14:26:15', '2025-04-28 14:26:15'),
(134, 'Tóth Bendegúz', 'Farkas Márton PhD', 'Dr. Nemes Mária', 'Budapest', '1944-10-24', 'Budapest', 'nő', 92651758, '2025-04-28 14:26:15', '2025-04-28 14:26:15'),
(135, 'Pataki Istvánné', 'Báró Barna Flóra PhD', 'Török Henriett PhD', 'Sopron', '2004-03-25', 'Budapest', 'nő', 63426029, '2025-04-28 14:26:15', '2025-04-28 14:26:15'),
(136, 'Péter Marietta', 'Gróf Szabó Lívia', 'Dr. Rácz Nikoletta', 'Bácsalmás', '1983-10-14', 'Budapest', 'nő', 85542348, '2025-04-28 14:26:15', '2025-04-28 14:26:15'),
(137, 'Özv. Gulyás Virág', 'Prof. Kelemen Barnabás', 'Magyar Noel', 'Budapest', '1936-06-13', 'Budapest', 'nő', 36218254, '2025-04-28 14:26:15', '2025-04-28 14:26:15'),
(138, 'Juhász Marietta PhD', 'Vargáné Pap Izabella', 'Kelemen Szervác', 'Budapest', '1952-03-31', 'Debrecen', 'nő', 11648422, '2025-04-28 14:26:15', '2025-04-28 14:26:15'),
(139, 'Tóthné Szűcs Bettina', 'Dr. Antal Zsomborné', 'Major-László Andrea', 'Tokaj', '2004-12-24', 'Budapest', 'nő', 43189760, '2025-04-28 14:26:15', '2025-04-28 14:26:15'),
(140, 'Lengyel Szabina', 'Somogyi Emőke', 'Gróf Szűcs Richárd', 'Budapest', '1984-12-17', 'Budapest', 'férfi', 30910143, '2025-04-28 14:26:15', '2025-04-28 14:26:15'),
(141, 'Bodnár Mihály', 'Budainé Balázs Szonja', 'Nagy Ernő', 'Budapest', '2000-12-15', 'Budapest', 'férfi', 35011978, '2025-04-28 14:26:15', '2025-04-28 14:26:15'),
(142, 'Lakatos Evelin', 'Prof. Székely Vilmosné', 'Dr. Mészáros Zita PhD', 'Budapest', '2002-01-06', 'Budapest', 'férfi', 28451376, '2025-04-28 14:26:15', '2025-04-28 14:26:15'),
(143, 'Prof. Lakatos Istvánné', 'Fodor-Somogyi Judit', 'Borbély Patrikné', 'Budapest', '1994-02-21', 'Budapest', 'nő', 69763196, '2025-04-28 14:26:15', '2025-04-28 14:26:15'),
(144, 'Molnár Linda PhD', 'Prof. Kisné Mirella', 'Báró Bakos Sándorné', 'Miskolc', '1970-05-03', 'Szombathely', 'férfi', 38411389, '2025-04-28 14:26:15', '2025-04-28 14:26:15'),
(145, 'Prof. Farkas Patrikné', 'Gróf Péter Kornél PhD', 'Báró Szekeres Beatrix PhD', 'Szeged', '1938-06-28', 'Budapest', 'nő', 28418103, '2025-04-28 14:26:15', '2025-04-28 14:26:15'),
(146, 'Deák-Fábián Fanni', 'Nagyné Novák Szonja', 'Prof. Tóth Imréné', 'Szentendre', '1938-03-12', 'Budapest', 'férfi', 25307047, '2025-04-28 14:26:15', '2025-04-28 14:26:15'),
(147, 'Papp Patrik PhD', 'Özv. Siposné Míra', 'Fábián Zsolt PhD', 'Budapest', '1994-03-26', 'Budapest', 'nő', 16798012, '2025-04-28 14:26:15', '2025-04-28 14:26:15'),
(148, 'Özv. Pataki Lászlóné', 'Pap Ottó', 'Dr. Novák Vince PhD', 'Sopron', '1947-10-07', 'Budapest', 'férfi', 73026204, '2025-04-28 14:26:15', '2025-04-28 14:26:15'),
(149, 'Dr. Szabó Árpádné', 'Gróf Barna Barna', 'Dr. Bálintné Léna', 'Tiszakécske', '1983-04-08', 'Budapest', 'férfi', 83392314, '2025-04-28 14:26:15', '2025-04-28 14:26:15'),
(150, 'Id. Somogyi Gáborné', 'Özv. Váradi Mátyás PhD', 'Máté Johanna', 'Szolnok', '1938-04-25', 'Zalaegerszeg', 'nő', 1615009, '2025-04-28 14:26:15', '2025-04-28 14:26:15'),
(151, 'Prof. Balázs Bendegúz', 'Antalné Nagy Míra', 'Hegedűs Valéria PhD', 'Nyíregyháza', '1992-10-25', 'Budapest', 'férfi', 5004351, '2025-04-28 14:26:15', '2025-04-28 14:26:15'),
(152, 'Id. Bakos Balázsné', 'Dr. Gálné Katalin', 'Gróf Kocsis Nikoletta', 'Budapest', '1999-06-26', 'Barcs', 'nő', 82046715, '2025-04-28 14:26:15', '2025-04-28 14:26:15'),
(153, 'Dobos Henriett PhD', 'Prof. Halász Olívia', 'Gróf Virág Anikó PhD', 'Zalaegerszeg', '1958-06-05', 'Békéscsaba', 'férfi', 7449663, '2025-04-28 14:26:15', '2025-04-28 14:26:15'),
(154, 'Id. Mészárosné Lívia', 'Lakatos Albertné', 'Bartáné Pap Mária', 'Baja', '1970-06-22', 'Budapest', 'férfi', 53768856, '2025-04-28 14:26:15', '2025-04-28 14:26:15'),
(155, 'Fehérné Lakatos Boglárka', 'Boros Barnabásné', 'Ifj. Horváth Bence PhD', 'Kaposvár', '1985-12-25', 'Sarkad', 'nő', 94337418, '2025-04-28 14:26:16', '2025-04-28 14:26:16'),
(156, 'Ifj. Bognár Ottóné', 'Orsós László PhD', 'Antalné Kocsis Nikoletta', 'Debrecen', '1992-05-30', 'Békéscsaba', 'nő', 82834979, '2025-04-28 14:26:16', '2025-04-28 14:26:16'),
(157, 'Nagy Géza', 'Özv. Fehér Kíra PhD', 'Báró Kelemenné Fanni', 'Budapest', '1936-01-20', 'Veszprém', 'férfi', 20363510, '2025-04-28 14:26:16', '2025-04-28 14:26:16'),
(158, 'Prof. Váradi Ramóna PhD', 'Dr. Fehér Marianna PhD', 'Dr. Lukács Klaudia PhD', 'Gyula', '1939-01-19', 'Budapest', 'férfi', 97577155, '2025-04-28 14:26:16', '2025-04-28 14:26:16'),
(159, 'Ifj. Major Patrícia', 'Szekeresné Péter Erzsébet', 'Dr. Nemes Lívia', 'Budapest', '1959-10-11', 'Budapest', 'nő', 6794983, '2025-04-28 14:26:16', '2025-04-28 14:26:16'),
(160, 'Özv. Juhász Áron PhD', 'Özv. Pap Klaudia', 'Kerekes Mátyásné', 'Budapest', '1983-12-29', 'Budapest', 'nő', 22556851, '2025-04-28 14:26:16', '2025-04-28 14:26:16'),
(161, 'Dr. Orbán Sára PhD', 'Dr. Pásztor Patrícia', 'Balázs Noel', 'Debrecen', '1981-11-29', 'Szentlőrinc', 'nő', 33154006, '2025-04-28 14:26:16', '2025-04-28 14:26:16'),
(162, 'Fodor-Fazekas Evelin', 'Özv. Barta Jenő PhD', 'Somogyi Mirella PhD', 'Szentendre', '1951-12-02', 'Püspökladány', 'nő', 65354914, '2025-04-28 14:26:16', '2025-04-28 14:26:16'),
(163, 'Gál-Szücs Julianna', 'Lengyel Maja PhD', 'Prof. Ráczné Martina', 'Dunaújváros', '1987-05-19', 'Budapest', 'férfi', 27699020, '2025-04-28 14:26:16', '2025-04-28 14:26:16'),
(164, 'Kerekes Istvánné', 'Pásztorné Mészáros Boglárka', 'Némethné Bodnár Beatrix', 'Nyíregyháza', '1940-03-17', 'Budapest', 'férfi', 3719813, '2025-04-28 14:26:16', '2025-04-28 14:26:16'),
(165, 'Báró Juhász Marietta', 'Csonka-Farkas Georgina', 'Pintér Szabina PhD', 'Budapest', '1992-01-26', 'Szentlőrinc', 'férfi', 92460371, '2025-04-28 14:26:16', '2025-04-28 14:26:16'),
(166, 'Báró Ráczné Kata', 'Németh Jázmin', 'Özv. Törökné Rebeka', 'Kecskemét', '1991-03-07', 'Budapest', 'férfi', 13293248, '2025-04-28 14:26:16', '2025-04-28 14:26:16'),
(167, 'Kerekes István PhD', 'Özv. Tamás Attiláné', 'Veres Ottóné', 'Keszthely', '1941-07-05', 'Szeged', 'nő', 80547163, '2025-04-28 14:26:16', '2025-04-28 14:26:16'),
(168, 'Bogdánné Gáspár Panna', 'Dr. Fekete Nikoletta', 'Illésné Simon Bettina', 'Zirc', '1943-07-08', 'Tolna', 'férfi', 61382966, '2025-04-28 14:26:16', '2025-04-28 14:26:16'),
(169, 'Fodorné Máté Liza', 'Hegedüs-Dudás Kata', 'Báró Bálintné Mia', 'Budapest', '1983-04-26', 'Budapest', 'nő', 68110755, '2025-04-28 14:26:16', '2025-04-28 14:26:16'),
(170, 'Báró Nemes Jázmin', 'Váradi-Horváth Marietta', 'Prof. Kovács Hunor PhD', 'Sopron', '2001-12-10', 'Eger', 'férfi', 62549687, '2025-04-28 14:26:16', '2025-04-28 14:26:16'),
(171, 'Fodor Adél PhD', 'Budai Benedek PhD', 'Dr. Magyar Aranka PhD', 'Jászberény', '1992-11-17', 'Budapest', 'nő', 77254140, '2025-04-28 14:26:16', '2025-04-28 14:26:16'),
(172, 'Báró Németh Mátyás PhD', 'Gróf Simon Virág PhD', 'Prof. Antal Patrik', 'Szeged', '1941-09-18', 'Hajdúszoboszló', 'férfi', 56846360, '2025-04-28 14:26:16', '2025-04-28 14:26:16'),
(173, 'Bakos Mária', 'Özv. Székelyné Mirella', 'Id. Molnár Péter PhD', 'Budapest', '1975-09-19', 'Budapest', 'férfi', 85477061, '2025-04-28 14:26:16', '2025-04-28 14:26:16'),
(174, 'Gróf Magyar Erzsébet PhD', 'Virágné Fekete Anikó', 'Veres-Jakab Valéria', 'Hódmezővásárhely', '1991-06-30', 'Budapest', 'férfi', 22825966, '2025-04-28 14:26:16', '2025-04-28 14:26:16'),
(175, 'Szőke Ármin PhD', 'Balog Dalma', 'Molnárné Szőke Henrietta', 'Dunaújváros', '1938-04-11', 'Budapest', 'nő', 73416021, '2025-04-28 14:26:16', '2025-04-28 14:26:16'),
(176, 'Dr. Csonka Vilmosné', 'Szilágyi Jánosné', 'Gróf Török Imréné', 'Budapest', '1948-12-20', 'Miskolc', 'nő', 89434683, '2025-04-28 14:26:16', '2025-04-28 14:26:16'),
(177, 'Fekete Vilmosné', 'Prof. Szabóné Milla', 'Id. Bognár Zétény', 'Körmend', '1995-09-28', 'Cegléd', 'nő', 12833340, '2025-04-28 14:26:16', '2025-04-28 14:26:16'),
(178, 'Király Bendegúz PhD', 'Csonka Zoltán PhD', 'Prof. Soós Mihályné', 'Debrecen', '1943-04-24', 'Veszprém', 'nő', 81519646, '2025-04-28 14:26:16', '2025-04-28 14:26:16'),
(179, 'Gróf Katona Adél PhD', 'Lukács Patrikné', 'Özv. Antal Henrietta', 'Salgótarján', '1978-08-28', 'Miskolc', 'nő', 38372721, '2025-04-28 14:26:16', '2025-04-28 14:26:16'),
(180, 'Prof. Fazekas Henriett', 'Pásztor-Katona Georgina', 'Dr. Budai Bencéné', 'Eger', '1975-10-25', 'Nyíregyháza', 'nő', 84287229, '2025-04-28 14:26:16', '2025-04-28 14:26:16'),
(181, 'Prof. Sándor Zsóka', 'Dr. Virágné Klaudia', 'Ifj. Veres János PhD', 'Budapest', '1971-12-08', 'Zalaegerszeg', 'férfi', 91746385, '2025-04-28 14:26:16', '2025-04-28 14:26:16'),
(182, 'Sipos Sándorné', 'Báró Dudás Adél', 'Fábián Anikó', 'Tokaj', '1950-03-03', 'Hódmezővásárhely', 'férfi', 80437010, '2025-04-28 14:26:16', '2025-04-28 14:26:16'),
(183, 'Dr. Oláh Árpád PhD', 'Veres Kevin', 'Illés Dorián', 'Nyíregyháza', '1951-09-07', 'Budapest', 'férfi', 13875626, '2025-04-28 14:26:16', '2025-04-28 14:26:16'),
(184, 'Gróf Barna Patrikné', 'Kozmané Bognár Gitta', 'Németh Katinka', 'Heves', '1943-07-09', 'Budapest', 'férfi', 28494359, '2025-04-28 14:26:16', '2025-04-28 14:26:16'),
(185, 'Tamás Zétény PhD', 'Gróf Szőke Vincéné', 'Özv. Gulyás Barnáné', 'Budapest', '1964-12-19', 'Budapest', 'nő', 30714880, '2025-04-28 14:26:16', '2025-04-28 14:26:16'),
(186, 'Bakos Valéria', 'Dr. Kelemen Vincéné', 'Bálint Péterné', 'Balmazújváros', '1951-05-31', 'Martonvásár', 'nő', 79766531, '2025-04-28 14:26:16', '2025-04-28 14:26:16'),
(187, 'Pásztor Bence PhD', 'Dr. Váradi Kornél PhD', 'Dr. Dobos Árpád PhD', 'Budapest', '1959-05-26', 'Budapest', 'férfi', 94420040, '2025-04-28 14:26:16', '2025-04-28 14:26:16'),
(188, 'Kerekes Balázsné', 'Török Ernőné', 'Prof. Kovácsné Katalin', 'Budapest', '2003-01-17', 'Dabas', 'férfi', 28181521, '2025-04-28 14:26:16', '2025-04-28 14:26:16'),
(189, 'Horváth Barnáné', 'Dr. Bognárné Szabina', 'Dr. Mészáros Zsoltné', 'Budapest', '1994-05-22', 'Szekszárd', 'férfi', 65605372, '2025-04-28 14:26:16', '2025-04-28 14:26:16'),
(190, 'Prof. Biróné Márton', 'Lászlóné Fábián Liliána', 'Oláh Attila PhD', 'Budapest', '1998-09-03', 'Békéscsaba', 'nő', 29313777, '2025-04-28 14:26:16', '2025-04-28 14:26:16'),
(191, 'Prof. Vass Hanga', 'Prof. Bakos Attiláné', 'Pataki-Szűcs Gitta', 'Veszprém', '1935-11-09', 'Budapest', 'férfi', 80914751, '2025-04-28 14:26:16', '2025-04-28 14:26:16'),
(192, 'Németh Dorián', 'Dobos Katinka', 'Fazekas Sándorné', 'Budapest', '1966-09-11', 'Budapest', 'férfi', 6398409, '2025-04-28 14:26:16', '2025-04-28 14:26:16'),
(193, 'Özv. Lengyel Richárd', 'Péterné Orbán Liza', 'Deák Kornél', 'Budapest', '2002-08-03', 'Budapest', 'nő', 42371700, '2025-04-28 14:26:16', '2025-04-28 14:26:16'),
(194, 'Id. Vass Gréta PhD', 'Gál Dorián', 'Máté-Vincze Aranka', 'Hódmezővásárhely', '1952-01-28', 'Eger', 'férfi', 47932867, '2025-04-28 14:26:16', '2025-04-28 14:26:16'),
(195, 'Biró Szonja PhD', 'Gróf Lengyel Hunor', 'Faragó Árpád PhD', 'Budapest', '1995-09-30', 'Pásztó', 'férfi', 5662652, '2025-04-28 14:26:16', '2025-04-28 14:26:16'),
(196, 'Gróf Somogyi Ármin', 'Id. Bognár Kornél PhD', 'Dudás-Pap Aranka', 'Budapest', '1982-08-03', 'Bácsalmás', 'nő', 14941702, '2025-04-28 14:26:16', '2025-04-28 14:26:16'),
(197, 'Prof. Király Szabina', 'Dr. Pap Sándor PhD', 'Dr. Kelemenné Georgina', 'Bicske', '1995-01-13', 'Budapest', 'nő', 15930044, '2025-04-28 14:26:16', '2025-04-28 14:26:16'),
(198, 'Ifj. Kozma Izabella', 'Rácz-Csonka Liza', 'Prof. Balla Zsombor PhD', 'Budapest', '2000-01-12', 'Érd', 'nő', 23039184, '2025-04-28 14:26:16', '2025-04-28 14:26:16'),
(199, 'Novák Ármin PhD', 'Prof. Dobosné Gitta', 'Dr. László Bendegúz', 'Kecskemét', '1968-08-30', 'Nyíradony', 'férfi', 19287637, '2025-04-28 14:26:16', '2025-04-28 14:26:16'),
(200, 'Dr. Szücs Gabriella', 'Balogh Jenő', 'Fodor Milánné', 'Sarkad', '1942-10-06', 'Budapest', 'nő', 25752969, '2025-04-28 14:26:16', '2025-04-28 14:26:16');

-- --------------------------------------------------------

--
-- Tábla szerkezet ehhez a táblához `ugyfel_tipuses`
--

CREATE TABLE `ugyfel_tipuses` (
  `ugyfel_tipus_id` bigint(20) UNSIGNED NOT NULL,
  `ugyfel_fotipus` bigint(20) UNSIGNED DEFAULT NULL,
  `elnevezes` varchar(255) NOT NULL,
  `created_at` timestamp NULL DEFAULT NULL,
  `updated_at` timestamp NULL DEFAULT NULL
) ENGINE=InnoDB DEFAULT CHARSET=utf8mb4 COLLATE=utf8mb4_unicode_ci;

--
-- A tábla adatainak kiíratása `ugyfel_tipuses`
--

INSERT INTO `ugyfel_tipuses` (`ugyfel_tipus_id`, `ugyfel_fotipus`, `elnevezes`, `created_at`, `updated_at`) VALUES
(1, NULL, 'fogvatartott', NULL, NULL),
(2, 1, 'fogvatartott', NULL, NULL),
(3, 1, 'szabadult', NULL, NULL),
(4, 1, 'reintegrációs őrizetes', NULL, NULL),
(5, NULL, 'kapcsolattartó', NULL, NULL),
(6, 5, 'kapcsolattartó', NULL, NULL),
(7, 5, 'hozzátartozó', NULL, NULL),
(8, NULL, 'közösségi foglalkoztató ügyfél', NULL, NULL),
(9, 8, 'pártfogó felügyelet elrendelésével, feltételes szabadságra bocsátott elítélt ', NULL, NULL),
(10, 8, 'reintegrációs őrizetbe helyezett elítélt', NULL, NULL),
(11, 8, 'társadalmi kötődés programba helyezett elítélt', NULL, NULL),
(12, 8, 'EFOP/KMR szabadult ügyfél', NULL, NULL),
(13, 8, 'EFOP/KMR ügyfél hozzátartozó', NULL, NULL),
(14, 8, 'bv. intézeti jogviszonnyal rendelkezők hozzátartozói', NULL, NULL),
(15, 8, 'büntetését kitöltve szabadult', NULL, NULL);

-- --------------------------------------------------------

--
-- Tábla szerkezet ehhez a táblához `ugyfel_tipusok_dokumentumai`
--

CREATE TABLE `ugyfel_tipusok_dokumentumai` (
  `id` bigint(20) UNSIGNED NOT NULL,
  `ugyfel_tipus_id` bigint(20) UNSIGNED NOT NULL,
  `dokumentum_tipus_id` bigint(20) UNSIGNED NOT NULL,
  `created_at` timestamp NULL DEFAULT NULL,
  `updated_at` timestamp NULL DEFAULT NULL
) ENGINE=InnoDB DEFAULT CHARSET=utf8mb4 COLLATE=utf8mb4_unicode_ci;

--
-- A tábla adatainak kiíratása `ugyfel_tipusok_dokumentumai`
--

INSERT INTO `ugyfel_tipusok_dokumentumai` (`id`, `ugyfel_tipus_id`, `dokumentum_tipus_id`, `created_at`, `updated_at`) VALUES
(1, 2, 1, NULL, NULL),
(2, 2, 2, NULL, NULL),
(3, 2, 3, NULL, NULL),
(4, 2, 4, NULL, NULL),
(5, 2, 5, NULL, NULL),
(6, 2, 6, NULL, NULL),
(7, 2, 7, NULL, NULL),
(8, 2, 8, NULL, NULL),
(9, 3, 3, NULL, NULL),
(10, 3, 4, NULL, NULL),
(11, 3, 5, NULL, NULL),
(12, 3, 8, NULL, NULL),
(13, 4, 9, NULL, NULL),
(14, 4, 3, NULL, NULL),
(15, 4, 4, NULL, NULL),
(16, 4, 5, NULL, NULL),
(17, 4, 8, NULL, NULL),
(18, 6, 9, NULL, NULL),
(19, 6, 10, NULL, NULL),
(20, 6, 11, NULL, NULL),
(21, 7, 9, NULL, NULL),
(22, 7, 10, NULL, NULL),
(23, 7, 11, NULL, NULL),
(24, 9, 12, NULL, NULL),
(25, 9, 13, NULL, NULL),
(26, 9, 14, NULL, NULL),
(27, 9, 8, NULL, NULL),
(28, 10, 12, NULL, NULL),
(29, 10, 13, NULL, NULL),
(30, 10, 14, NULL, NULL),
(31, 10, 8, NULL, NULL),
(32, 11, 12, NULL, NULL),
(33, 11, 13, NULL, NULL),
(34, 11, 14, NULL, NULL),
(35, 11, 8, NULL, NULL),
(36, 12, 12, NULL, NULL),
(37, 12, 13, NULL, NULL),
(38, 12, 14, NULL, NULL),
(39, 13, 12, NULL, NULL),
(40, 13, 13, NULL, NULL),
(41, 13, 14, NULL, NULL),
(42, 14, 12, NULL, NULL),
(43, 14, 13, NULL, NULL),
(44, 14, 14, NULL, NULL),
(45, 15, 12, NULL, NULL),
(46, 15, 13, NULL, NULL),
(47, 15, 14, NULL, NULL),
(48, 15, 8, NULL, NULL);

-- --------------------------------------------------------

--
-- Tábla szerkezet ehhez a táblához `users`
--

CREATE TABLE `users` (
  `id` bigint(20) UNSIGNED NOT NULL,
  `name` varchar(255) NOT NULL,
  `email` varchar(255) NOT NULL,
  `role` tinyint(4) NOT NULL DEFAULT 2,
  `email_verified_at` timestamp NULL DEFAULT NULL,
  `password` varchar(255) NOT NULL,
  `remember_token` varchar(100) DEFAULT NULL,
  `created_at` timestamp NULL DEFAULT NULL,
  `updated_at` timestamp NULL DEFAULT NULL
) ENGINE=InnoDB DEFAULT CHARSET=utf8mb4 COLLATE=utf8mb4_unicode_ci;

--
-- A tábla adatainak kiíratása `users`
--

INSERT INTO `users` (`id`, `name`, `email`, `role`, `email_verified_at`, `password`, `remember_token`, `created_at`, `updated_at`) VALUES
(1, 'SzuperAdmin', 'superadmin@example.com', 0, '2025-04-28 14:26:16', '$2y$12$32MoQu6qpelOMPzLnnoX6efFDArF9cIDnQk8rv95imvzJAXiwd0Fe', 'V8tEPxc1FK', '2025-04-28 14:26:16', '2025-04-28 14:26:16'),
(2, 'Test Stat', 'teststat@example.com', 2, '2025-04-28 14:26:17', '$2y$12$fIZesx7eJ57rU7bdjb2cKuqteKMIhWFGlidEiZ6SlytYIeNhdZoNm', 'g3KD5UZPaU', '2025-04-28 14:26:17', '2025-04-28 14:26:17'),
(3, 'Test Doku', 'testdoku@example.com', 1, '2025-04-28 14:26:17', '$2y$12$uc2qGlX9WfQVm40oJfQYIOnuw6HmlMcUgXFkc4rhtTI1bzVY1hpjG', 'PhbVCufBfQ', '2025-04-28 14:26:17', '2025-04-28 14:26:17'),
(4, 'Test Admin', 'testadmin@example.com', 0, '2025-04-28 14:26:17', '$2y$12$VCzWtGoF4b7rYe8LsKtjtuD4tEgrNjAfyAwGZzXhGtW/eLpscP3pa', 'hqCwOKahhp', '2025-04-28 14:26:17', '2025-04-28 14:26:17'),
(5, 'Test Megszünt', 'testmegszunt@example.com', 3, '2025-04-28 14:26:18', '$2y$12$TlemHsPoFf7juhP6OhSAwea7XBph/hghJ1YU02HKTC1tOMxz97D1C', 'Xexx8m7RD9', '2025-04-28 14:26:18', '2025-04-28 14:26:18'),
(6, 'Cole Smitham', 'lschaefer@example.net', 2, '2025-04-28 14:26:18', '$2y$12$t8TG7.sA.NppMKs51Q2uiexoUOvUfrLLbMjxE5.wFYLeQrKWZrAeO', '9B8u6mgwZw', '2025-04-28 14:26:18', '2025-04-28 14:26:18'),
(7, 'Mrs. Hosea Beahan', 'durgan.lavern@example.net', 2, '2025-04-28 14:26:18', '$2y$12$t8TG7.sA.NppMKs51Q2uiexoUOvUfrLLbMjxE5.wFYLeQrKWZrAeO', 'HCVS9Vs1kg', '2025-04-28 14:26:18', '2025-04-28 14:26:18'),
(8, 'Alvah Koch', 'armando.beier@example.net', 2, '2025-04-28 14:26:18', '$2y$12$t8TG7.sA.NppMKs51Q2uiexoUOvUfrLLbMjxE5.wFYLeQrKWZrAeO', 'scD1PjJdzn', '2025-04-28 14:26:18', '2025-04-28 14:26:18'),
(9, 'Wendy Wuckert', 'sidney.senger@example.org', 2, '2025-04-28 14:26:18', '$2y$12$t8TG7.sA.NppMKs51Q2uiexoUOvUfrLLbMjxE5.wFYLeQrKWZrAeO', 'so0KN71lTP', '2025-04-28 14:26:18', '2025-04-28 14:26:18'),
(10, 'Brian Veum', 'jared.dickens@example.org', 2, '2025-04-28 14:26:18', '$2y$12$t8TG7.sA.NppMKs51Q2uiexoUOvUfrLLbMjxE5.wFYLeQrKWZrAeO', 'XCNNJ2b7wv', '2025-04-28 14:26:18', '2025-04-28 14:26:18'),
(11, 'Jules Carter', 'batz.eugene@example.net', 2, '2025-04-28 14:26:18', '$2y$12$t8TG7.sA.NppMKs51Q2uiexoUOvUfrLLbMjxE5.wFYLeQrKWZrAeO', 'bL1elwetqh', '2025-04-28 14:26:18', '2025-04-28 14:26:18'),
(12, 'Kaitlyn Gulgowski V', 'hettinger.daija@example.net', 2, '2025-04-28 14:26:18', '$2y$12$t8TG7.sA.NppMKs51Q2uiexoUOvUfrLLbMjxE5.wFYLeQrKWZrAeO', 'HavkeFbJ5W', '2025-04-28 14:26:18', '2025-04-28 14:26:18'),
(13, 'Prof. Christ Tremblay', 'owisoky@example.org', 2, '2025-04-28 14:26:18', '$2y$12$t8TG7.sA.NppMKs51Q2uiexoUOvUfrLLbMjxE5.wFYLeQrKWZrAeO', 'a0LlHwCVyL', '2025-04-28 14:26:18', '2025-04-28 14:26:18'),
(14, 'Bethel Schaefer DDS', 'vince.hudson@example.net', 2, '2025-04-28 14:26:18', '$2y$12$t8TG7.sA.NppMKs51Q2uiexoUOvUfrLLbMjxE5.wFYLeQrKWZrAeO', 'fPemZqoIab', '2025-04-28 14:26:18', '2025-04-28 14:26:18'),
(15, 'Mellie Becker', 'pgleason@example.org', 2, '2025-04-28 14:26:18', '$2y$12$t8TG7.sA.NppMKs51Q2uiexoUOvUfrLLbMjxE5.wFYLeQrKWZrAeO', 'EdTCBvn9Ja', '2025-04-28 14:26:18', '2025-04-28 14:26:18');

--
-- Indexek a kiírt táblákhoz
--

--
-- A tábla indexei `dokumentumoks`
--
ALTER TABLE `dokumentumoks`
  ADD PRIMARY KEY (`dokumentumok_id`),
  ADD KEY `dokumentumoks_megvalositasi_helyszin_id_foreign` (`megvalositasi_helyszin_id`),
  ADD KEY `dokumentumoks_elszamolas_id_foreign` (`elszamolas_id`),
  ADD KEY `dokumentumoks_dokumentum_tipus_id_foreign` (`dokumentum_tipus_id`);

--
-- A tábla indexei `dokumentum_tipuses`
--
ALTER TABLE `dokumentum_tipuses`
  ADD PRIMARY KEY (`dokumentum_tipus_id`),
  ADD UNIQUE KEY `dokumentum_tipuses_dokumentum_neve_unique` (`dokumentum_neve`),
  ADD KEY `dokumentum_tipuses_elszamolas_tipus_id_foreign` (`elszamolas_tipus_id`);

--
-- A tábla indexei `elszamolas`
--
ALTER TABLE `elszamolas`
  ADD PRIMARY KEY (`elszamolas_id`),
  ADD KEY `elszamolas_megvalositasi_helyszin_id_foreign` (`megvalositasi_helyszin_id`),
  ADD KEY `elszamolas_ugyfel_id_foreign` (`ugyfel_id`),
  ADD KEY `elszamolas_elszamolas_tipus_id_foreign` (`elszamolas_tipus_id`),
  ADD KEY `elszamolas_ugyfel_tipus_id_foreign` (`ugyfel_tipus_id`);

--
-- A tábla indexei `elszamolas_tipuses`
--
ALTER TABLE `elszamolas_tipuses`
  ADD PRIMARY KEY (`elszamolas_tipus_id`),
  ADD UNIQUE KEY `elszamolas_tipuses_elszamolas_elnevezese_unique` (`elszamolas_elnevezese`);

--
-- A tábla indexei `failed_jobs`
--
ALTER TABLE `failed_jobs`
  ADD PRIMARY KEY (`id`),
  ADD UNIQUE KEY `failed_jobs_uuid_unique` (`uuid`);

--
-- A tábla indexei `megvalositasi_helyszins`
--
ALTER TABLE `megvalositasi_helyszins`
  ADD PRIMARY KEY (`megvalositasi_helyszin_id`),
  ADD KEY `megvalositasi_helyszins_intezet_foreign` (`intezet`);

--
-- A tábla indexei `migrations`
--
ALTER TABLE `migrations`
  ADD PRIMARY KEY (`id`);

--
-- A tábla indexei `password_reset_tokens`
--
ALTER TABLE `password_reset_tokens`
  ADD PRIMARY KEY (`email`);

--
-- A tábla indexei `personal_access_tokens`
--
ALTER TABLE `personal_access_tokens`
  ADD PRIMARY KEY (`id`),
  ADD UNIQUE KEY `personal_access_tokens_token_unique` (`token`),
  ADD KEY `personal_access_tokens_tokenable_type_tokenable_id_index` (`tokenable_type`,`tokenable_id`);

--
-- A tábla indexei `ugyfels`
--
ALTER TABLE `ugyfels`
  ADD PRIMARY KEY (`ugyfel_id`),
  ADD UNIQUE KEY `unique_szuletesi_nev_anyja_neve` (`szuletesi_nev`,`anyja_neve`,`szuletesi_hely`,`szuletesi_ido`);

--
-- A tábla indexei `ugyfel_tipuses`
--
ALTER TABLE `ugyfel_tipuses`
  ADD PRIMARY KEY (`ugyfel_tipus_id`),
  ADD KEY `ugyfel_tipuses_ugyfel_fotipus_foreign` (`ugyfel_fotipus`);

--
-- A tábla indexei `ugyfel_tipusok_dokumentumai`
--
ALTER TABLE `ugyfel_tipusok_dokumentumai`
  ADD PRIMARY KEY (`id`),
  ADD KEY `ugyfel_tipusok_dokumentumai_ugyfel_tipus_id_foreign` (`ugyfel_tipus_id`),
  ADD KEY `ugyfel_tipusok_dokumentumai_dokumentum_tipus_id_foreign` (`dokumentum_tipus_id`);

--
-- A tábla indexei `users`
--
ALTER TABLE `users`
  ADD PRIMARY KEY (`id`),
  ADD UNIQUE KEY `users_email_unique` (`email`);

--
-- A kiírt táblák AUTO_INCREMENT értéke
--

--
-- AUTO_INCREMENT a táblához `dokumentumoks`
--
ALTER TABLE `dokumentumoks`
  MODIFY `dokumentumok_id` bigint(20) UNSIGNED NOT NULL AUTO_INCREMENT;

--
-- AUTO_INCREMENT a táblához `dokumentum_tipuses`
--
ALTER TABLE `dokumentum_tipuses`
  MODIFY `dokumentum_tipus_id` bigint(20) UNSIGNED NOT NULL AUTO_INCREMENT, AUTO_INCREMENT=15;

--
-- AUTO_INCREMENT a táblához `elszamolas`
--
ALTER TABLE `elszamolas`
  MODIFY `elszamolas_id` bigint(20) UNSIGNED NOT NULL AUTO_INCREMENT;

--
-- AUTO_INCREMENT a táblához `elszamolas_tipuses`
--
ALTER TABLE `elszamolas_tipuses`
  MODIFY `elszamolas_tipus_id` bigint(20) UNSIGNED NOT NULL AUTO_INCREMENT, AUTO_INCREMENT=5;

--
-- AUTO_INCREMENT a táblához `failed_jobs`
--
ALTER TABLE `failed_jobs`
  MODIFY `id` bigint(20) UNSIGNED NOT NULL AUTO_INCREMENT;

--
-- AUTO_INCREMENT a táblához `megvalositasi_helyszins`
--
ALTER TABLE `megvalositasi_helyszins`
  MODIFY `megvalositasi_helyszin_id` bigint(20) UNSIGNED NOT NULL AUTO_INCREMENT, AUTO_INCREMENT=53;

--
-- AUTO_INCREMENT a táblához `migrations`
--
ALTER TABLE `migrations`
  MODIFY `id` int(10) UNSIGNED NOT NULL AUTO_INCREMENT, AUTO_INCREMENT=13;

--
-- AUTO_INCREMENT a táblához `personal_access_tokens`
--
ALTER TABLE `personal_access_tokens`
  MODIFY `id` bigint(20) UNSIGNED NOT NULL AUTO_INCREMENT;

--
-- AUTO_INCREMENT a táblához `ugyfels`
--
ALTER TABLE `ugyfels`
  MODIFY `ugyfel_id` bigint(20) UNSIGNED NOT NULL AUTO_INCREMENT;

--
-- AUTO_INCREMENT a táblához `ugyfel_tipuses`
--
ALTER TABLE `ugyfel_tipuses`
  MODIFY `ugyfel_tipus_id` bigint(20) UNSIGNED NOT NULL AUTO_INCREMENT, AUTO_INCREMENT=16;

--
-- AUTO_INCREMENT a táblához `ugyfel_tipusok_dokumentumai`
--
ALTER TABLE `ugyfel_tipusok_dokumentumai`
  MODIFY `id` bigint(20) UNSIGNED NOT NULL AUTO_INCREMENT, AUTO_INCREMENT=49;

--
-- AUTO_INCREMENT a táblához `users`
--
ALTER TABLE `users`
  MODIFY `id` bigint(20) UNSIGNED NOT NULL AUTO_INCREMENT, AUTO_INCREMENT=16;

--
-- Megkötések a kiírt táblákhoz
--

--
-- Megkötések a táblához `dokumentumoks`
--
ALTER TABLE `dokumentumoks`
  ADD CONSTRAINT `dokumentumoks_dokumentum_tipus_id_foreign` FOREIGN KEY (`dokumentum_tipus_id`) REFERENCES `dokumentum_tipuses` (`dokumentum_tipus_id`),
  ADD CONSTRAINT `dokumentumoks_elszamolas_id_foreign` FOREIGN KEY (`elszamolas_id`) REFERENCES `elszamolas` (`elszamolas_id`),
  ADD CONSTRAINT `dokumentumoks_megvalositasi_helyszin_id_foreign` FOREIGN KEY (`megvalositasi_helyszin_id`) REFERENCES `megvalositasi_helyszins` (`megvalositasi_helyszin_id`);

--
-- Megkötések a táblához `dokumentum_tipuses`
--
ALTER TABLE `dokumentum_tipuses`
  ADD CONSTRAINT `dokumentum_tipuses_elszamolas_tipus_id_foreign` FOREIGN KEY (`elszamolas_tipus_id`) REFERENCES `elszamolas_tipuses` (`elszamolas_tipus_id`);

--
-- Megkötések a táblához `elszamolas`
--
ALTER TABLE `elszamolas`
  ADD CONSTRAINT `elszamolas_elszamolas_tipus_id_foreign` FOREIGN KEY (`elszamolas_tipus_id`) REFERENCES `elszamolas_tipuses` (`elszamolas_tipus_id`),
  ADD CONSTRAINT `elszamolas_megvalositasi_helyszin_id_foreign` FOREIGN KEY (`megvalositasi_helyszin_id`) REFERENCES `megvalositasi_helyszins` (`megvalositasi_helyszin_id`),
  ADD CONSTRAINT `elszamolas_ugyfel_id_foreign` FOREIGN KEY (`ugyfel_id`) REFERENCES `ugyfels` (`ugyfel_id`),
  ADD CONSTRAINT `elszamolas_ugyfel_tipus_id_foreign` FOREIGN KEY (`ugyfel_tipus_id`) REFERENCES `ugyfel_tipuses` (`ugyfel_tipus_id`);

--
-- Megkötések a táblához `megvalositasi_helyszins`
--
ALTER TABLE `megvalositasi_helyszins`
  ADD CONSTRAINT `megvalositasi_helyszins_intezet_foreign` FOREIGN KEY (`intezet`) REFERENCES `megvalositasi_helyszins` (`megvalositasi_helyszin_id`);

--
-- Megkötések a táblához `ugyfel_tipuses`
--
ALTER TABLE `ugyfel_tipuses`
  ADD CONSTRAINT `ugyfel_tipuses_ugyfel_fotipus_foreign` FOREIGN KEY (`ugyfel_fotipus`) REFERENCES `ugyfel_tipuses` (`ugyfel_tipus_id`);

--
-- Megkötések a táblához `ugyfel_tipusok_dokumentumai`
--
ALTER TABLE `ugyfel_tipusok_dokumentumai`
  ADD CONSTRAINT `ugyfel_tipusok_dokumentumai_dokumentum_tipus_id_foreign` FOREIGN KEY (`dokumentum_tipus_id`) REFERENCES `dokumentum_tipuses` (`dokumentum_tipus_id`),
  ADD CONSTRAINT `ugyfel_tipusok_dokumentumai_ugyfel_tipus_id_foreign` FOREIGN KEY (`ugyfel_tipus_id`) REFERENCES `ugyfel_tipuses` (`ugyfel_tipus_id`);
COMMIT;

/*!40101 SET CHARACTER_SET_CLIENT=@OLD_CHARACTER_SET_CLIENT */;
/*!40101 SET CHARACTER_SET_RESULTS=@OLD_CHARACTER_SET_RESULTS */;
/*!40101 SET COLLATION_CONNECTION=@OLD_COLLATION_CONNECTION */;
