-- phpMyAdmin SQL Dump
-- version 5.2.1
-- https://www.phpmyadmin.net/
--
-- Gép: 127.0.0.1
-- Létrehozás ideje: 2025. Ápr 28. 20:09
-- Kiszolgáló verziója: 10.4.32-MariaDB
-- PHP verzió: 8.2.12

SET SQL_MODE = "NO_AUTO_VALUE_ON_ZERO";
START TRANSACTION;
SET time_zone = "+00:00";


/*!40101 SET @OLD_CHARACTER_SET_CLIENT=@@CHARACTER_SET_CLIENT */;
/*!40101 SET @OLD_CHARACTER_SET_RESULTS=@@CHARACTER_SET_RESULTS */;
/*!40101 SET @OLD_COLLATION_CONNECTION=@@COLLATION_CONNECTION */;
/*!40101 SET NAMES utf8mb4 */;

--
-- Adatbázis: `dokumentum_nyt`
--

-- --------------------------------------------------------

--
-- Tábla szerkezet ehhez a táblához `dokumentumoks`
--

CREATE TABLE `dokumentumoks` (
  `dokumentumok_id` bigint(20) UNSIGNED NOT NULL,
  `megvalositasi_helyszin_id` bigint(20) UNSIGNED NOT NULL,
  `elszamolas_id` bigint(20) UNSIGNED NOT NULL,
  `dokumentum_tipus_id` bigint(20) UNSIGNED NOT NULL,
  `eleresi_ut` varchar(255) NOT NULL,
  `kitoltes_datuma` date NOT NULL,
  `feltoltes_idopontja` datetime NOT NULL,
  `ellenorzes_statusza` enum('nincs ellenőrizve','hiánypótlás','elfogadva') NOT NULL DEFAULT 'nincs ellenőrizve',
  `ellenorzes_datuma` date DEFAULT NULL,
  `rogzites_datuma` date DEFAULT NULL,
  `ESZA+_azonosito` varchar(255) DEFAULT NULL,
  `created_at` timestamp NULL DEFAULT NULL,
  `updated_at` timestamp NULL DEFAULT NULL
) ;

-- --------------------------------------------------------

--
-- Tábla szerkezet ehhez a táblához `dokumentum_tipuses`
--

CREATE TABLE `dokumentum_tipuses` (
  `dokumentum_tipus_id` bigint(20) UNSIGNED NOT NULL,
  `elszamolas_tipus_id` bigint(20) UNSIGNED NOT NULL,
  `dokumentum_neve` varchar(255) NOT NULL,
  `created_at` timestamp NULL DEFAULT NULL,
  `updated_at` timestamp NULL DEFAULT NULL
) ENGINE=InnoDB DEFAULT CHARSET=utf8mb4 COLLATE=utf8mb4_unicode_ci;

--
-- A tábla adatainak kiíratása `dokumentum_tipuses`
--

INSERT INTO `dokumentum_tipuses` (`dokumentum_tipus_id`, `elszamolas_tipus_id`, `dokumentum_neve`, `created_at`, `updated_at`) VALUES
(1, 1, 'Ft.„Nyilatkozat szemelyazonossag ellenorzeserol”', NULL, NULL),
(2, 1, 'Ft. “ESZA+ altal finanszirozott programba belepo resztvevok szamara” kerdoiv', NULL, NULL),
(3, 1, 'Ft. Adatkezelesi nyilatkozat', NULL, NULL),
(4, 1, 'Ft. Egyeni Fejlesztesi Terv', NULL, NULL),
(5, 1, 'Ft. Jelenleti iv', NULL, NULL),
(6, 2, 'Ft. Nyilatkozat „legfeljebb also kozepfoku vegzettseggel rendelkezo ugyfel” ', NULL, NULL),
(7, 3, 'Ft. projekt kereteben szerzett bizonyitvany/tanusitvany masolata', NULL, NULL),
(8, 4, 'Ft. Projektbol torteno kilepeskor: „ESZA+ altal finanszirozott programot befejezo resztvevo szamara”', NULL, NULL),
(9, 1, 'K. Adatkezelesi nyilatkozat', NULL, NULL),
(10, 1, 'K. Egyeni Fejlesztesi Terv', NULL, NULL),
(11, 1, 'K. Jelenleti iv', NULL, NULL),
(12, 1, 'KF. Adatkezelesi nyilatkozat', NULL, NULL),
(13, 1, 'KF. Egyeni Fejlesztesi Terv', NULL, NULL),
(14, 1, 'KF. Jelenleti iv', NULL, NULL);

-- --------------------------------------------------------

--
-- Tábla szerkezet ehhez a táblához `elszamolas`
--

CREATE TABLE `elszamolas` (
  `elszamolas_id` bigint(20) UNSIGNED NOT NULL,
  `megvalositasi_helyszin_id` bigint(20) UNSIGNED NOT NULL,
  `ugyfel_id` bigint(20) UNSIGNED NOT NULL,
  `elszamolas_tipus_id` bigint(20) UNSIGNED NOT NULL,
  `ugyfel_tipus_id` bigint(20) UNSIGNED NOT NULL,
  `bevonas_datum` date NOT NULL,
  `elszamolhatosag_datum` date DEFAULT NULL,
  `elszamolhatosag_allapota` enum('nem elszámolható','korábban elszámolható','elszámolható') NOT NULL,
  `elszamolas_datum` date DEFAULT NULL,
  `created_at` timestamp NULL DEFAULT NULL,
  `updated_at` timestamp NULL DEFAULT NULL
) ;

--
-- A tábla adatainak kiíratása `elszamolas`
--

INSERT INTO `elszamolas` (`elszamolas_id`, `megvalositasi_helyszin_id`, `ugyfel_id`, `elszamolas_tipus_id`, `ugyfel_tipus_id`, `bevonas_datum`, `elszamolhatosag_datum`, `elszamolhatosag_allapota`, `elszamolas_datum`, `created_at`, `updated_at`) VALUES
(1, 17, 138, 3, 8, '2025-02-07', NULL, 'nem elszámolható', '2025-01-15', '2025-04-28 16:08:14', '2025-04-28 16:08:14'),
(2, 24, 41, 2, 1, '2025-01-13', NULL, 'nem elszámolható', '2025-01-15', '2025-04-28 16:08:14', '2025-04-28 16:08:14'),
(3, 24, 67, 4, 10, '2025-03-15', NULL, 'nem elszámolható', '2025-01-15', '2025-04-28 16:08:14', '2025-04-28 16:08:14'),
(4, 11, 91, 4, 2, '2025-01-14', NULL, 'nem elszámolható', '2025-01-15', '2025-04-28 16:08:14', '2025-04-28 16:08:14'),
(5, 36, 149, 2, 11, '2024-12-28', '2025-02-05', 'nem elszámolható', NULL, '2025-04-28 16:08:14', '2025-04-28 16:08:14'),
(6, 4, 168, 3, 12, '2025-04-02', NULL, 'nem elszámolható', '2025-01-15', '2025-04-28 16:08:14', '2025-04-28 16:08:14'),
(7, 15, 138, 3, 3, '2025-04-22', NULL, 'nem elszámolható', NULL, '2025-04-28 16:08:14', '2025-04-28 16:08:14'),
(8, 36, 24, 1, 13, '2025-04-27', NULL, 'nem elszámolható', '2025-01-15', '2025-04-28 16:08:14', '2025-04-28 16:08:14'),
(9, 50, 15, 1, 11, '2025-02-02', '2025-03-11', 'nem elszámolható', '2025-01-15', '2025-04-28 16:08:14', '2025-04-28 16:08:14'),
(10, 40, 131, 2, 10, '2024-12-24', '2025-03-02', 'nem elszámolható', '2025-01-15', '2025-04-28 16:08:14', '2025-04-28 16:08:14'),
(11, 31, 82, 3, 9, '2024-11-11', '2025-02-02', 'nem elszámolható', '2025-01-15', '2025-04-28 16:08:14', '2025-04-28 16:08:14'),
(12, 49, 109, 2, 7, '2024-10-11', NULL, 'nem elszámolható', NULL, '2025-04-28 16:08:14', '2025-04-28 16:08:14'),
(13, 26, 163, 4, 9, '2025-03-10', NULL, 'nem elszámolható', '2025-01-15', '2025-04-28 16:08:14', '2025-04-28 16:08:14'),
(14, 36, 1, 4, 4, '2024-10-27', '2025-04-28', 'nem elszámolható', '2025-01-15', '2025-04-28 16:08:14', '2025-04-28 16:08:14'),
(15, 5, 115, 2, 5, '2025-01-07', '2025-02-04', 'nem elszámolható', NULL, '2025-04-28 16:08:14', '2025-04-28 16:08:14'),
(16, 31, 96, 3, 4, '2024-11-09', '2025-02-23', 'nem elszámolható', NULL, '2025-04-28 16:08:14', '2025-04-28 16:08:14'),
(17, 46, 120, 4, 8, '2025-02-08', NULL, 'nem elszámolható', NULL, '2025-04-28 16:08:14', '2025-04-28 16:08:14'),
(18, 14, 36, 2, 13, '2024-11-05', NULL, 'nem elszámolható', NULL, '2025-04-28 16:08:14', '2025-04-28 16:08:14'),
(19, 8, 163, 4, 10, '2025-01-05', NULL, 'nem elszámolható', NULL, '2025-04-28 16:08:14', '2025-04-28 16:08:14'),
(20, 6, 106, 4, 3, '2025-03-24', NULL, 'nem elszámolható', NULL, '2025-04-28 16:08:14', '2025-04-28 16:08:14'),
(21, 33, 10, 2, 14, '2024-10-07', NULL, 'nem elszámolható', NULL, '2025-04-28 16:08:14', '2025-04-28 16:08:14'),
(22, 28, 181, 1, 8, '2024-11-03', NULL, 'nem elszámolható', NULL, '2025-04-28 16:08:14', '2025-04-28 16:08:14'),
(23, 30, 35, 4, 14, '2025-01-18', '2025-01-21', 'nem elszámolható', NULL, '2025-04-28 16:08:14', '2025-04-28 16:08:14'),
(24, 27, 40, 1, 12, '2024-12-25', '2025-03-23', 'nem elszámolható', '2025-01-15', '2025-04-28 16:08:14', '2025-04-28 16:08:14'),
(25, 33, 91, 3, 5, '2025-02-28', '2025-03-31', 'nem elszámolható', '2025-01-15', '2025-04-28 16:08:14', '2025-04-28 16:08:14'),
(26, 27, 99, 3, 4, '2025-04-08', NULL, 'nem elszámolható', NULL, '2025-04-28 16:08:14', '2025-04-28 16:08:14'),
(27, 22, 23, 2, 15, '2025-01-27', '2025-04-13', 'nem elszámolható', NULL, '2025-04-28 16:08:14', '2025-04-28 16:08:14'),
(28, 3, 186, 4, 10, '2025-03-14', '2025-04-27', 'nem elszámolható', NULL, '2025-04-28 16:08:14', '2025-04-28 16:08:14'),
(29, 34, 93, 4, 7, '2024-11-14', NULL, 'nem elszámolható', '2025-01-15', '2025-04-28 16:08:14', '2025-04-28 16:08:14'),
(30, 19, 80, 2, 2, '2024-09-26', '2025-03-17', 'nem elszámolható', NULL, '2025-04-28 16:08:14', '2025-04-28 16:08:14'),
(31, 44, 116, 3, 2, '2025-01-22', NULL, 'nem elszámolható', '2025-01-15', '2025-04-28 16:08:14', '2025-04-28 16:08:14'),
(32, 18, 70, 2, 7, '2025-01-13', NULL, 'nem elszámolható', '2025-01-15', '2025-04-28 16:08:14', '2025-04-28 16:08:14'),
(33, 5, 19, 2, 3, '2025-04-24', NULL, 'nem elszámolható', NULL, '2025-04-28 16:08:14', '2025-04-28 16:08:14'),
(34, 31, 141, 2, 2, '2025-02-11', '2025-03-16', 'nem elszámolható', NULL, '2025-04-28 16:08:14', '2025-04-28 16:08:14'),
(35, 43, 121, 1, 13, '2024-12-26', '2025-04-06', 'nem elszámolható', '2025-01-15', '2025-04-28 16:08:14', '2025-04-28 16:08:14'),
(36, 6, 154, 3, 2, '2024-12-02', NULL, 'nem elszámolható', NULL, '2025-04-28 16:08:14', '2025-04-28 16:08:14'),
(37, 42, 56, 3, 12, '2025-04-03', NULL, 'nem elszámolható', NULL, '2025-04-28 16:08:14', '2025-04-28 16:08:14'),
(38, 20, 125, 3, 3, '2024-12-28', '2025-02-25', 'nem elszámolható', NULL, '2025-04-28 16:08:14', '2025-04-28 16:08:14'),
(39, 13, 37, 3, 15, '2024-12-29', '2025-01-27', 'nem elszámolható', '2025-01-15', '2025-04-28 16:08:14', '2025-04-28 16:08:14'),
(40, 14, 186, 1, 7, '2025-01-25', '2025-04-14', 'nem elszámolható', '2025-01-15', '2025-04-28 16:08:14', '2025-04-28 16:08:14'),
(41, 48, 50, 4, 8, '2024-10-22', '2024-11-21', 'nem elszámolható', '2025-01-15', '2025-04-28 16:08:14', '2025-04-28 16:08:14'),
(42, 17, 66, 4, 9, '2024-12-08', NULL, 'nem elszámolható', '2025-01-15', '2025-04-28 16:08:14', '2025-04-28 16:08:14'),
(43, 8, 178, 3, 13, '2024-10-20', NULL, 'nem elszámolható', '2025-01-15', '2025-04-28 16:08:14', '2025-04-28 16:08:14'),
(44, 1, 22, 4, 3, '2025-02-20', '2025-03-25', 'nem elszámolható', '2025-01-15', '2025-04-28 16:08:14', '2025-04-28 16:08:14'),
(45, 34, 96, 4, 6, '2025-03-19', '2025-03-20', 'nem elszámolható', '2025-01-15', '2025-04-28 16:08:15', '2025-04-28 16:08:15'),
(46, 51, 2, 1, 3, '2024-12-07', '2025-01-16', 'nem elszámolható', '2025-01-15', '2025-04-28 16:08:15', '2025-04-28 16:08:15'),
(47, 11, 120, 4, 5, '2024-12-01', NULL, 'nem elszámolható', '2025-01-15', '2025-04-28 16:08:15', '2025-04-28 16:08:15'),
(48, 27, 62, 2, 12, '2025-01-08', NULL, 'nem elszámolható', NULL, '2025-04-28 16:08:15', '2025-04-28 16:08:15'),
(49, 18, 55, 1, 6, '2025-04-07', NULL, 'nem elszámolható', NULL, '2025-04-28 16:08:15', '2025-04-28 16:08:15'),
(50, 42, 183, 3, 8, '2025-03-14', NULL, 'nem elszámolható', NULL, '2025-04-28 16:08:15', '2025-04-28 16:08:15'),
(51, 22, 72, 4, 4, '2024-12-21', '2025-03-22', 'nem elszámolható', NULL, '2025-04-28 16:08:15', '2025-04-28 16:08:15'),
(52, 48, 179, 1, 14, '2024-11-10', NULL, 'nem elszámolható', '2025-01-15', '2025-04-28 16:08:15', '2025-04-28 16:08:15'),
(53, 29, 43, 1, 11, '2024-09-22', NULL, 'nem elszámolható', NULL, '2025-04-28 16:08:15', '2025-04-28 16:08:15'),
(54, 37, 118, 4, 13, '2024-09-28', '2025-01-29', 'nem elszámolható', '2025-01-15', '2025-04-28 16:08:15', '2025-04-28 16:08:15'),
(55, 25, 65, 3, 5, '2024-11-04', '2025-01-22', 'nem elszámolható', '2025-01-15', '2025-04-28 16:08:15', '2025-04-28 16:08:15'),
(56, 18, 99, 3, 6, '2025-03-22', '2025-04-02', 'nem elszámolható', '2025-01-15', '2025-04-28 16:08:15', '2025-04-28 16:08:15'),
(57, 43, 184, 2, 8, '2025-02-14', '2025-04-24', 'nem elszámolható', NULL, '2025-04-28 16:08:15', '2025-04-28 16:08:15'),
(58, 29, 113, 4, 13, '2024-12-04', '2025-03-29', 'nem elszámolható', NULL, '2025-04-28 16:08:15', '2025-04-28 16:08:15'),
(59, 25, 100, 3, 3, '2024-09-20', '2024-12-24', 'nem elszámolható', '2025-01-15', '2025-04-28 16:08:15', '2025-04-28 16:08:15'),
(60, 49, 158, 1, 8, '2025-02-15', '2025-03-26', 'nem elszámolható', NULL, '2025-04-28 16:08:15', '2025-04-28 16:08:15'),
(61, 17, 84, 2, 5, '2025-01-09', '2025-04-24', 'nem elszámolható', NULL, '2025-04-28 16:08:15', '2025-04-28 16:08:15'),
(62, 2, 114, 4, 11, '2025-01-30', NULL, 'nem elszámolható', NULL, '2025-04-28 16:08:15', '2025-04-28 16:08:15'),
(63, 32, 119, 2, 6, '2025-02-06', NULL, 'nem elszámolható', '2025-01-15', '2025-04-28 16:08:15', '2025-04-28 16:08:15'),
(64, 5, 12, 4, 2, '2024-09-17', '2025-04-13', 'nem elszámolható', '2025-01-15', '2025-04-28 16:08:15', '2025-04-28 16:08:15'),
(65, 49, 148, 1, 4, '2024-12-08', '2025-02-09', 'nem elszámolható', '2025-01-15', '2025-04-28 16:08:15', '2025-04-28 16:08:15'),
(66, 51, 41, 2, 4, '2024-12-09', '2025-01-10', 'nem elszámolható', NULL, '2025-04-28 16:08:15', '2025-04-28 16:08:15'),
(67, 46, 184, 3, 4, '2024-12-07', '2025-03-29', 'nem elszámolható', '2025-01-15', '2025-04-28 16:08:15', '2025-04-28 16:08:15'),
(68, 49, 99, 4, 6, '2025-04-20', NULL, 'nem elszámolható', '2025-01-15', '2025-04-28 16:08:15', '2025-04-28 16:08:15'),
(69, 14, 54, 2, 15, '2024-10-20', NULL, 'nem elszámolható', '2025-01-15', '2025-04-28 16:08:15', '2025-04-28 16:08:15'),
(70, 46, 196, 3, 7, '2024-10-19', NULL, 'nem elszámolható', NULL, '2025-04-28 16:08:15', '2025-04-28 16:08:15'),
(71, 29, 134, 1, 9, '2025-01-06', NULL, 'nem elszámolható', '2025-01-15', '2025-04-28 16:08:15', '2025-04-28 16:08:15'),
(72, 52, 47, 1, 7, '2025-01-22', NULL, 'nem elszámolható', '2025-01-15', '2025-04-28 16:08:15', '2025-04-28 16:08:15'),
(73, 16, 135, 1, 12, '2025-04-10', '2025-04-12', 'nem elszámolható', NULL, '2025-04-28 16:08:15', '2025-04-28 16:08:15'),
(74, 22, 156, 2, 9, '2024-11-24', '2025-04-13', 'nem elszámolható', NULL, '2025-04-28 16:08:15', '2025-04-28 16:08:15'),
(75, 5, 119, 2, 7, '2024-11-13', NULL, 'nem elszámolható', '2025-01-15', '2025-04-28 16:08:15', '2025-04-28 16:08:15'),
(76, 34, 80, 1, 1, '2024-09-23', NULL, 'nem elszámolható', NULL, '2025-04-28 16:08:15', '2025-04-28 16:08:15'),
(77, 13, 105, 1, 2, '2024-12-17', '2025-02-26', 'nem elszámolható', NULL, '2025-04-28 16:08:15', '2025-04-28 16:08:15'),
(78, 32, 12, 3, 11, '2025-03-28', '2025-04-01', 'nem elszámolható', '2025-01-15', '2025-04-28 16:08:15', '2025-04-28 16:08:15'),
(79, 7, 52, 3, 13, '2025-02-16', NULL, 'nem elszámolható', NULL, '2025-04-28 16:08:15', '2025-04-28 16:08:15'),
(80, 12, 162, 3, 15, '2024-11-14', '2025-04-05', 'nem elszámolható', '2025-01-15', '2025-04-28 16:08:15', '2025-04-28 16:08:15'),
(81, 27, 25, 3, 15, '2025-03-20', '2025-03-31', 'nem elszámolható', '2025-01-15', '2025-04-28 16:08:15', '2025-04-28 16:08:15'),
(82, 36, 62, 3, 7, '2025-04-20', NULL, 'nem elszámolható', NULL, '2025-04-28 16:08:15', '2025-04-28 16:08:15'),
(83, 34, 132, 1, 14, '2025-01-25', '2025-03-26', 'nem elszámolható', NULL, '2025-04-28 16:08:15', '2025-04-28 16:08:15'),
(84, 29, 51, 4, 2, '2025-03-23', NULL, 'nem elszámolható', NULL, '2025-04-28 16:08:15', '2025-04-28 16:08:15'),
(85, 51, 69, 1, 5, '2025-03-03', '2025-03-05', 'nem elszámolható', '2025-01-15', '2025-04-28 16:08:15', '2025-04-28 16:08:15'),
(86, 25, 119, 3, 5, '2025-04-07', '2025-04-27', 'nem elszámolható', '2025-01-15', '2025-04-28 16:08:15', '2025-04-28 16:08:15'),
(87, 10, 136, 2, 9, '2025-02-03', NULL, 'nem elszámolható', '2025-01-15', '2025-04-28 16:08:15', '2025-04-28 16:08:15'),
(88, 42, 127, 3, 2, '2025-01-25', '2025-04-12', 'nem elszámolható', '2025-01-15', '2025-04-28 16:08:15', '2025-04-28 16:08:15'),
(89, 17, 157, 1, 15, '2025-01-12', NULL, 'nem elszámolható', '2025-01-15', '2025-04-28 16:08:15', '2025-04-28 16:08:15'),
(90, 52, 65, 1, 3, '2025-01-29', '2025-04-12', 'nem elszámolható', NULL, '2025-04-28 16:08:15', '2025-04-28 16:08:15'),
(91, 44, 68, 3, 3, '2025-02-07', NULL, 'nem elszámolható', '2025-01-15', '2025-04-28 16:08:15', '2025-04-28 16:08:15'),
(92, 51, 84, 3, 13, '2025-04-28', '2025-04-28', 'nem elszámolható', '2025-01-15', '2025-04-28 16:08:15', '2025-04-28 16:08:15'),
(93, 27, 137, 1, 11, '2025-04-28', '2025-04-28', 'nem elszámolható', '2025-01-15', '2025-04-28 16:08:15', '2025-04-28 16:08:15'),
(94, 13, 41, 3, 8, '2024-09-20', NULL, 'nem elszámolható', NULL, '2025-04-28 16:08:15', '2025-04-28 16:08:15'),
(95, 25, 13, 1, 9, '2025-01-25', NULL, 'nem elszámolható', '2025-01-15', '2025-04-28 16:08:15', '2025-04-28 16:08:15'),
(96, 29, 110, 4, 6, '2025-02-02', NULL, 'nem elszámolható', NULL, '2025-04-28 16:08:15', '2025-04-28 16:08:15'),
(97, 33, 108, 3, 9, '2025-03-30', NULL, 'nem elszámolható', NULL, '2025-04-28 16:08:15', '2025-04-28 16:08:15'),
(98, 29, 16, 2, 11, '2024-11-18', NULL, 'nem elszámolható', '2025-01-15', '2025-04-28 16:08:15', '2025-04-28 16:08:15'),
(99, 3, 53, 2, 8, '2025-03-10', '2025-03-23', 'nem elszámolható', NULL, '2025-04-28 16:08:15', '2025-04-28 16:08:15'),
(100, 44, 28, 2, 3, '2024-12-06', NULL, 'nem elszámolható', NULL, '2025-04-28 16:08:15', '2025-04-28 16:08:15'),
(101, 29, 7, 2, 5, '2024-12-07', '2025-02-22', 'nem elszámolható', NULL, '2025-04-28 16:08:15', '2025-04-28 16:08:15'),
(102, 51, 77, 3, 4, '2025-01-22', NULL, 'nem elszámolható', NULL, '2025-04-28 16:08:15', '2025-04-28 16:08:15'),
(103, 6, 182, 4, 4, '2024-11-03', '2024-12-01', 'nem elszámolható', NULL, '2025-04-28 16:08:15', '2025-04-28 16:08:15'),
(104, 50, 94, 1, 8, '2025-03-15', NULL, 'nem elszámolható', NULL, '2025-04-28 16:08:15', '2025-04-28 16:08:15'),
(105, 30, 74, 2, 8, '2025-02-15', NULL, 'nem elszámolható', '2025-01-15', '2025-04-28 16:08:15', '2025-04-28 16:08:15'),
(106, 5, 118, 2, 6, '2024-10-29', '2025-03-14', 'nem elszámolható', '2025-01-15', '2025-04-28 16:08:15', '2025-04-28 16:08:15'),
(107, 33, 80, 1, 3, '2025-01-12', '2025-02-25', 'nem elszámolható', '2025-01-15', '2025-04-28 16:08:15', '2025-04-28 16:08:15'),
(108, 18, 52, 4, 15, '2025-04-20', '2025-04-21', 'nem elszámolható', NULL, '2025-04-28 16:08:15', '2025-04-28 16:08:15'),
(109, 35, 198, 4, 3, '2025-03-22', NULL, 'nem elszámolható', NULL, '2025-04-28 16:08:15', '2025-04-28 16:08:15'),
(110, 44, 9, 2, 3, '2025-03-29', NULL, 'nem elszámolható', NULL, '2025-04-28 16:08:15', '2025-04-28 16:08:15'),
(111, 12, 8, 4, 3, '2024-11-26', '2025-03-10', 'nem elszámolható', NULL, '2025-04-28 16:08:15', '2025-04-28 16:08:15'),
(112, 41, 170, 4, 12, '2024-09-29', NULL, 'nem elszámolható', NULL, '2025-04-28 16:08:15', '2025-04-28 16:08:15'),
(113, 29, 117, 3, 5, '2025-03-15', NULL, 'nem elszámolható', NULL, '2025-04-28 16:08:15', '2025-04-28 16:08:15'),
(114, 21, 164, 2, 12, '2025-04-28', '2025-04-28', 'nem elszámolható', NULL, '2025-04-28 16:08:15', '2025-04-28 16:08:15'),
(115, 46, 66, 4, 12, '2024-11-19', NULL, 'nem elszámolható', NULL, '2025-04-28 16:08:15', '2025-04-28 16:08:15'),
(116, 37, 13, 1, 3, '2024-10-27', '2025-01-28', 'nem elszámolható', NULL, '2025-04-28 16:08:15', '2025-04-28 16:08:15'),
(117, 51, 174, 4, 8, '2025-02-16', '2025-03-26', 'nem elszámolható', NULL, '2025-04-28 16:08:15', '2025-04-28 16:08:15'),
(118, 5, 174, 3, 14, '2025-01-25', '2025-03-09', 'nem elszámolható', NULL, '2025-04-28 16:08:15', '2025-04-28 16:08:15'),
(119, 2, 25, 2, 10, '2025-02-01', NULL, 'nem elszámolható', '2025-01-15', '2025-04-28 16:08:15', '2025-04-28 16:08:15'),
(120, 39, 155, 2, 6, '2025-04-24', '2025-04-26', 'nem elszámolható', NULL, '2025-04-28 16:08:15', '2025-04-28 16:08:15'),
(121, 38, 90, 2, 12, '2025-04-13', NULL, 'nem elszámolható', '2025-01-15', '2025-04-28 16:08:15', '2025-04-28 16:08:15'),
(122, 25, 147, 3, 14, '2025-02-23', NULL, 'nem elszámolható', '2025-01-15', '2025-04-28 16:08:15', '2025-04-28 16:08:15'),
(123, 19, 133, 4, 5, '2024-09-26', NULL, 'nem elszámolható', NULL, '2025-04-28 16:08:15', '2025-04-28 16:08:15'),
(124, 22, 191, 4, 10, '2024-10-24', '2025-02-10', 'nem elszámolható', '2025-01-15', '2025-04-28 16:08:15', '2025-04-28 16:08:15'),
(125, 5, 154, 3, 2, '2024-12-03', NULL, 'nem elszámolható', '2025-01-15', '2025-04-28 16:08:15', '2025-04-28 16:08:15'),
(126, 45, 68, 4, 4, '2024-11-27', NULL, 'nem elszámolható', '2025-01-15', '2025-04-28 16:08:15', '2025-04-28 16:08:15'),
(127, 48, 195, 2, 3, '2024-11-21', NULL, 'nem elszámolható', NULL, '2025-04-28 16:08:15', '2025-04-28 16:08:15'),
(128, 31, 156, 4, 6, '2025-03-10', NULL, 'nem elszámolható', NULL, '2025-04-28 16:08:15', '2025-04-28 16:08:15'),
(129, 25, 93, 2, 4, '2025-02-09', '2025-03-16', 'nem elszámolható', '2025-01-15', '2025-04-28 16:08:15', '2025-04-28 16:08:15'),
(130, 10, 25, 4, 1, '2024-12-06', NULL, 'nem elszámolható', '2025-01-15', '2025-04-28 16:08:15', '2025-04-28 16:08:15'),
(131, 16, 48, 1, 4, '2025-01-10', '2025-02-06', 'nem elszámolható', NULL, '2025-04-28 16:08:15', '2025-04-28 16:08:15'),
(132, 13, 104, 3, 11, '2024-12-20', '2025-01-19', 'nem elszámolható', NULL, '2025-04-28 16:08:15', '2025-04-28 16:08:15'),
(133, 48, 32, 4, 3, '2024-12-11', '2025-01-21', 'nem elszámolható', '2025-01-15', '2025-04-28 16:08:15', '2025-04-28 16:08:15'),
(134, 11, 75, 4, 11, '2025-02-02', '2025-02-10', 'nem elszámolható', NULL, '2025-04-28 16:08:15', '2025-04-28 16:08:15'),
(135, 18, 57, 4, 12, '2025-02-12', NULL, 'nem elszámolható', NULL, '2025-04-28 16:08:15', '2025-04-28 16:08:15'),
(136, 28, 22, 2, 4, '2025-02-13', NULL, 'nem elszámolható', NULL, '2025-04-28 16:08:15', '2025-04-28 16:08:15'),
(137, 45, 52, 2, 13, '2024-12-26', NULL, 'nem elszámolható', NULL, '2025-04-28 16:08:15', '2025-04-28 16:08:15'),
(138, 9, 54, 2, 3, '2024-12-31', NULL, 'nem elszámolható', NULL, '2025-04-28 16:08:15', '2025-04-28 16:08:15'),
(139, 35, 134, 4, 15, '2024-12-06', NULL, 'nem elszámolható', NULL, '2025-04-28 16:08:15', '2025-04-28 16:08:15'),
(140, 34, 56, 2, 1, '2025-03-21', '2025-03-29', 'nem elszámolható', NULL, '2025-04-28 16:08:15', '2025-04-28 16:08:15'),
(141, 15, 30, 1, 3, '2025-01-26', NULL, 'nem elszámolható', NULL, '2025-04-28 16:08:15', '2025-04-28 16:08:15'),
(142, 21, 116, 1, 15, '2024-11-27', NULL, 'nem elszámolható', '2025-01-15', '2025-04-28 16:08:15', '2025-04-28 16:08:15'),
(143, 4, 31, 3, 3, '2025-03-03', '2025-04-16', 'nem elszámolható', '2025-01-15', '2025-04-28 16:08:15', '2025-04-28 16:08:15'),
(144, 5, 27, 2, 15, '2025-04-05', NULL, 'nem elszámolható', NULL, '2025-04-28 16:08:15', '2025-04-28 16:08:15'),
(145, 15, 4, 3, 12, '2024-11-25', NULL, 'nem elszámolható', NULL, '2025-04-28 16:08:15', '2025-04-28 16:08:15'),
(146, 9, 131, 4, 8, '2024-12-18', '2025-03-29', 'nem elszámolható', '2025-01-15', '2025-04-28 16:08:15', '2025-04-28 16:08:15'),
(147, 32, 108, 2, 5, '2024-11-18', '2025-03-14', 'nem elszámolható', NULL, '2025-04-28 16:08:15', '2025-04-28 16:08:15'),
(148, 29, 29, 4, 10, '2025-04-14', NULL, 'nem elszámolható', '2025-01-15', '2025-04-28 16:08:15', '2025-04-28 16:08:15'),
(149, 16, 153, 3, 8, '2025-04-24', '2025-04-27', 'nem elszámolható', '2025-01-15', '2025-04-28 16:08:15', '2025-04-28 16:08:15'),
(150, 25, 7, 4, 2, '2025-01-07', '2025-04-13', 'nem elszámolható', NULL, '2025-04-28 16:08:15', '2025-04-28 16:08:15'),
(151, 39, 55, 2, 4, '2025-04-02', '2025-04-20', 'nem elszámolható', '2025-01-15', '2025-04-28 16:08:15', '2025-04-28 16:08:15'),
(152, 21, 42, 3, 4, '2025-01-30', '2025-04-01', 'nem elszámolható', NULL, '2025-04-28 16:08:15', '2025-04-28 16:08:15'),
(153, 1, 149, 2, 7, '2025-01-16', NULL, 'nem elszámolható', NULL, '2025-04-28 16:08:15', '2025-04-28 16:08:15'),
(154, 23, 199, 1, 1, '2025-02-24', '2025-04-22', 'nem elszámolható', NULL, '2025-04-28 16:08:15', '2025-04-28 16:08:15'),
(155, 23, 68, 2, 7, '2024-09-21', NULL, 'nem elszámolható', NULL, '2025-04-28 16:08:15', '2025-04-28 16:08:15'),
(156, 9, 123, 1, 14, '2024-12-21', '2025-04-17', 'nem elszámolható', '2025-01-15', '2025-04-28 16:08:15', '2025-04-28 16:08:15'),
(157, 8, 69, 3, 3, '2024-10-12', NULL, 'nem elszámolható', '2025-01-15', '2025-04-28 16:08:15', '2025-04-28 16:08:15'),
(158, 10, 172, 1, 9, '2025-04-24', '2025-04-28', 'nem elszámolható', NULL, '2025-04-28 16:08:15', '2025-04-28 16:08:15'),
(159, 30, 114, 3, 10, '2025-04-17', NULL, 'nem elszámolható', NULL, '2025-04-28 16:08:15', '2025-04-28 16:08:15'),
(160, 33, 67, 3, 3, '2025-02-21', NULL, 'nem elszámolható', '2025-01-15', '2025-04-28 16:08:15', '2025-04-28 16:08:15'),
(161, 27, 193, 3, 3, '2025-04-13', '2025-04-19', 'nem elszámolható', '2025-01-15', '2025-04-28 16:08:15', '2025-04-28 16:08:15'),
(162, 4, 104, 2, 14, '2024-09-22', NULL, 'nem elszámolható', NULL, '2025-04-28 16:08:15', '2025-04-28 16:08:15'),
(163, 18, 82, 4, 2, '2025-04-13', '2025-04-13', 'nem elszámolható', '2025-01-15', '2025-04-28 16:08:15', '2025-04-28 16:08:15'),
(164, 25, 90, 3, 15, '2025-03-29', '2025-04-14', 'nem elszámolható', '2025-01-15', '2025-04-28 16:08:15', '2025-04-28 16:08:15'),
(165, 50, 146, 3, 6, '2025-04-14', '2025-04-18', 'nem elszámolható', NULL, '2025-04-28 16:08:15', '2025-04-28 16:08:15'),
(166, 9, 153, 2, 1, '2025-03-17', '2025-04-01', 'nem elszámolható', '2025-01-15', '2025-04-28 16:08:15', '2025-04-28 16:08:15'),
(167, 15, 159, 1, 9, '2025-01-03', NULL, 'nem elszámolható', NULL, '2025-04-28 16:08:15', '2025-04-28 16:08:15'),
(168, 19, 81, 4, 15, '2024-11-20', NULL, 'nem elszámolható', '2025-01-15', '2025-04-28 16:08:15', '2025-04-28 16:08:15'),
(169, 31, 190, 4, 14, '2025-02-24', '2025-04-05', 'nem elszámolható', '2025-01-15', '2025-04-28 16:08:15', '2025-04-28 16:08:15'),
(170, 25, 137, 2, 4, '2025-02-21', NULL, 'nem elszámolható', NULL, '2025-04-28 16:08:15', '2025-04-28 16:08:15'),
(171, 42, 33, 2, 11, '2025-02-17', NULL, 'nem elszámolható', NULL, '2025-04-28 16:08:15', '2025-04-28 16:08:15'),
(172, 29, 194, 2, 4, '2025-02-07', '2025-04-22', 'nem elszámolható', '2025-01-15', '2025-04-28 16:08:15', '2025-04-28 16:08:15'),
(173, 41, 75, 4, 9, '2024-10-22', NULL, 'nem elszámolható', '2025-01-15', '2025-04-28 16:08:15', '2025-04-28 16:08:15'),
(174, 48, 19, 2, 4, '2025-01-28', '2025-04-21', 'nem elszámolható', NULL, '2025-04-28 16:08:15', '2025-04-28 16:08:15'),
(175, 32, 141, 1, 8, '2025-01-24', NULL, 'nem elszámolható', NULL, '2025-04-28 16:08:15', '2025-04-28 16:08:15'),
(176, 50, 7, 2, 15, '2024-10-16', '2024-12-31', 'nem elszámolható', '2025-01-15', '2025-04-28 16:08:15', '2025-04-28 16:08:15'),
(177, 38, 89, 4, 5, '2025-03-11', NULL, 'nem elszámolható', NULL, '2025-04-28 16:08:15', '2025-04-28 16:08:15'),
(178, 26, 154, 2, 15, '2024-12-28', NULL, 'nem elszámolható', '2025-01-15', '2025-04-28 16:08:15', '2025-04-28 16:08:15'),
(179, 16, 129, 2, 11, '2024-12-27', '2024-12-28', 'nem elszámolható', NULL, '2025-04-28 16:08:15', '2025-04-28 16:08:15'),
(180, 16, 49, 4, 8, '2024-11-21', NULL, 'nem elszámolható', NULL, '2025-04-28 16:08:15', '2025-04-28 16:08:15'),
(181, 37, 50, 2, 4, '2025-04-01', '2025-04-28', 'nem elszámolható', '2025-01-15', '2025-04-28 16:08:15', '2025-04-28 16:08:15'),
(182, 10, 90, 4, 3, '2024-10-07', '2025-02-23', 'nem elszámolható', '2025-01-15', '2025-04-28 16:08:15', '2025-04-28 16:08:15'),
(183, 4, 62, 2, 12, '2025-04-05', '2025-04-07', 'nem elszámolható', '2025-01-15', '2025-04-28 16:08:15', '2025-04-28 16:08:15'),
(184, 45, 113, 2, 3, '2025-03-12', NULL, 'nem elszámolható', '2025-01-15', '2025-04-28 16:08:15', '2025-04-28 16:08:15'),
(185, 48, 118, 4, 5, '2025-04-16', '2025-04-27', 'nem elszámolható', NULL, '2025-04-28 16:08:15', '2025-04-28 16:08:15'),
(186, 39, 75, 4, 4, '2024-10-27', NULL, 'nem elszámolható', NULL, '2025-04-28 16:08:15', '2025-04-28 16:08:15'),
(187, 45, 81, 1, 2, '2025-02-21', NULL, 'nem elszámolható', '2025-01-15', '2025-04-28 16:08:15', '2025-04-28 16:08:15'),
(188, 44, 163, 3, 15, '2024-12-14', '2024-12-18', 'nem elszámolható', '2025-01-15', '2025-04-28 16:08:15', '2025-04-28 16:08:15'),
(189, 37, 187, 3, 4, '2025-04-19', '2025-04-27', 'nem elszámolható', '2025-01-15', '2025-04-28 16:08:15', '2025-04-28 16:08:15'),
(190, 43, 7, 1, 14, '2025-01-29', NULL, 'nem elszámolható', NULL, '2025-04-28 16:08:15', '2025-04-28 16:08:15'),
(191, 17, 88, 1, 4, '2024-09-21', NULL, 'nem elszámolható', '2025-01-15', '2025-04-28 16:08:15', '2025-04-28 16:08:15'),
(192, 5, 138, 4, 4, '2025-02-18', NULL, 'nem elszámolható', NULL, '2025-04-28 16:08:15', '2025-04-28 16:08:15'),
(193, 10, 37, 3, 6, '2025-02-25', NULL, 'nem elszámolható', NULL, '2025-04-28 16:08:15', '2025-04-28 16:08:15'),
(194, 38, 179, 3, 7, '2024-11-29', '2025-03-15', 'nem elszámolható', '2025-01-15', '2025-04-28 16:08:15', '2025-04-28 16:08:15'),
(195, 33, 34, 2, 1, '2025-02-16', '2025-03-04', 'nem elszámolható', '2025-01-15', '2025-04-28 16:08:15', '2025-04-28 16:08:15'),
(196, 27, 51, 1, 6, '2024-10-28', NULL, 'nem elszámolható', '2025-01-15', '2025-04-28 16:08:15', '2025-04-28 16:08:15'),
(197, 30, 192, 3, 14, '2024-10-09', NULL, 'nem elszámolható', NULL, '2025-04-28 16:08:15', '2025-04-28 16:08:15'),
(198, 48, 74, 1, 12, '2024-11-20', NULL, 'nem elszámolható', NULL, '2025-04-28 16:08:15', '2025-04-28 16:08:15'),
(199, 33, 120, 4, 8, '2024-11-14', NULL, 'nem elszámolható', NULL, '2025-04-28 16:08:15', '2025-04-28 16:08:15'),
(200, 44, 38, 1, 2, '2025-04-28', NULL, 'nem elszámolható', NULL, '2025-04-28 16:08:15', '2025-04-28 16:08:15'),
(201, 46, 127, 4, 4, '2024-11-03', NULL, 'nem elszámolható', '2025-01-15', '2025-04-28 16:08:15', '2025-04-28 16:08:15'),
(202, 18, 4, 3, 11, '2025-03-26', NULL, 'nem elszámolható', NULL, '2025-04-28 16:08:15', '2025-04-28 16:08:15'),
(203, 33, 196, 4, 4, '2024-11-25', '2025-01-05', 'nem elszámolható', NULL, '2025-04-28 16:08:15', '2025-04-28 16:08:15'),
(204, 31, 88, 3, 11, '2025-02-15', '2025-03-31', 'nem elszámolható', NULL, '2025-04-28 16:08:15', '2025-04-28 16:08:15'),
(205, 33, 126, 2, 13, '2024-11-02', '2025-04-09', 'nem elszámolható', NULL, '2025-04-28 16:08:15', '2025-04-28 16:08:15'),
(206, 9, 16, 3, 15, '2025-02-15', '2025-02-15', 'nem elszámolható', '2025-01-15', '2025-04-28 16:08:15', '2025-04-28 16:08:15'),
(207, 15, 155, 3, 1, '2025-03-29', '2025-04-11', 'nem elszámolható', '2025-01-15', '2025-04-28 16:08:15', '2025-04-28 16:08:15'),
(208, 19, 90, 4, 8, '2024-10-09', NULL, 'nem elszámolható', NULL, '2025-04-28 16:08:15', '2025-04-28 16:08:15'),
(209, 43, 127, 1, 8, '2025-01-25', '2025-02-04', 'nem elszámolható', '2025-01-15', '2025-04-28 16:08:15', '2025-04-28 16:08:15'),
(210, 9, 155, 3, 12, '2025-01-19', '2025-03-23', 'nem elszámolható', '2025-01-15', '2025-04-28 16:08:15', '2025-04-28 16:08:15'),
(211, 19, 20, 2, 4, '2025-03-07', '2025-04-10', 'nem elszámolható', NULL, '2025-04-28 16:08:15', '2025-04-28 16:08:15'),
(212, 42, 60, 3, 9, '2025-04-24', '2025-04-26', 'nem elszámolható', '2025-01-15', '2025-04-28 16:08:15', '2025-04-28 16:08:15'),
(213, 8, 91, 1, 2, '2025-04-23', NULL, 'nem elszámolható', NULL, '2025-04-28 16:08:15', '2025-04-28 16:08:15'),
(214, 24, 80, 3, 2, '2024-12-02', NULL, 'nem elszámolható', NULL, '2025-04-28 16:08:15', '2025-04-28 16:08:15'),
(215, 24, 192, 4, 2, '2025-01-04', NULL, 'nem elszámolható', NULL, '2025-04-28 16:08:15', '2025-04-28 16:08:15'),
(216, 41, 102, 2, 8, '2025-03-13', NULL, 'nem elszámolható', '2025-01-15', '2025-04-28 16:08:15', '2025-04-28 16:08:15'),
(217, 38, 58, 1, 15, '2025-02-07', '2025-03-21', 'nem elszámolható', NULL, '2025-04-28 16:08:15', '2025-04-28 16:08:15'),
(218, 41, 157, 3, 8, '2025-01-25', NULL, 'nem elszámolható', NULL, '2025-04-28 16:08:15', '2025-04-28 16:08:15'),
(219, 36, 156, 4, 14, '2024-12-26', '2025-04-22', 'nem elszámolható', '2025-01-15', '2025-04-28 16:08:15', '2025-04-28 16:08:15'),
(220, 33, 189, 2, 6, '2024-12-06', '2025-03-06', 'nem elszámolható', NULL, '2025-04-28 16:08:15', '2025-04-28 16:08:15'),
(221, 48, 187, 1, 5, '2025-04-26', '2025-04-27', 'nem elszámolható', '2025-01-15', '2025-04-28 16:08:15', '2025-04-28 16:08:15'),
(222, 4, 149, 3, 13, '2024-11-26', NULL, 'nem elszámolható', '2025-01-15', '2025-04-28 16:08:15', '2025-04-28 16:08:15'),
(223, 31, 198, 3, 1, '2024-11-20', '2025-01-11', 'nem elszámolható', NULL, '2025-04-28 16:08:15', '2025-04-28 16:08:15'),
(224, 27, 84, 2, 3, '2025-01-06', NULL, 'nem elszámolható', NULL, '2025-04-28 16:08:15', '2025-04-28 16:08:15'),
(225, 36, 63, 2, 4, '2024-11-10', '2024-12-12', 'nem elszámolható', '2025-01-15', '2025-04-28 16:08:15', '2025-04-28 16:08:15'),
(226, 30, 106, 2, 15, '2024-12-23', NULL, 'nem elszámolható', NULL, '2025-04-28 16:08:15', '2025-04-28 16:08:15'),
(227, 46, 182, 1, 1, '2025-02-07', '2025-04-11', 'nem elszámolható', '2025-01-15', '2025-04-28 16:08:15', '2025-04-28 16:08:15'),
(228, 14, 83, 4, 13, '2024-10-17', '2024-11-29', 'nem elszámolható', NULL, '2025-04-28 16:08:15', '2025-04-28 16:08:15'),
(229, 49, 103, 2, 14, '2025-04-14', NULL, 'nem elszámolható', NULL, '2025-04-28 16:08:15', '2025-04-28 16:08:15'),
(230, 42, 71, 3, 11, '2025-04-16', '2025-04-27', 'nem elszámolható', '2025-01-15', '2025-04-28 16:08:15', '2025-04-28 16:08:15'),
(231, 47, 176, 1, 12, '2025-02-27', '2025-03-07', 'nem elszámolható', '2025-01-15', '2025-04-28 16:08:15', '2025-04-28 16:08:15'),
(232, 47, 111, 4, 13, '2024-12-25', '2025-02-06', 'nem elszámolható', '2025-01-15', '2025-04-28 16:08:15', '2025-04-28 16:08:15'),
(233, 18, 49, 2, 8, '2024-12-25', '2025-03-02', 'nem elszámolható', NULL, '2025-04-28 16:08:15', '2025-04-28 16:08:15'),
(234, 34, 200, 3, 12, '2024-12-02', '2025-01-01', 'nem elszámolható', NULL, '2025-04-28 16:08:15', '2025-04-28 16:08:15'),
(235, 15, 138, 2, 5, '2025-04-18', '2025-04-26', 'nem elszámolható', '2025-01-15', '2025-04-28 16:08:15', '2025-04-28 16:08:15'),
(236, 12, 154, 3, 12, '2024-09-19', NULL, 'nem elszámolható', NULL, '2025-04-28 16:08:15', '2025-04-28 16:08:15'),
(237, 27, 63, 4, 3, '2024-12-04', '2025-01-06', 'nem elszámolható', NULL, '2025-04-28 16:08:15', '2025-04-28 16:08:15'),
(238, 9, 176, 2, 3, '2024-10-02', NULL, 'nem elszámolható', '2025-01-15', '2025-04-28 16:08:15', '2025-04-28 16:08:15'),
(239, 19, 90, 2, 8, '2024-09-18', '2024-10-23', 'nem elszámolható', '2025-01-15', '2025-04-28 16:08:15', '2025-04-28 16:08:15'),
(240, 48, 48, 2, 1, '2024-10-17', '2025-03-15', 'nem elszámolható', NULL, '2025-04-28 16:08:15', '2025-04-28 16:08:15'),
(241, 29, 91, 3, 2, '2025-02-26', '2025-03-12', 'nem elszámolható', NULL, '2025-04-28 16:08:15', '2025-04-28 16:08:15'),
(242, 24, 30, 1, 2, '2025-04-20', NULL, 'nem elszámolható', NULL, '2025-04-28 16:08:15', '2025-04-28 16:08:15'),
(243, 11, 76, 1, 2, '2024-09-22', NULL, 'nem elszámolható', '2025-01-15', '2025-04-28 16:08:15', '2025-04-28 16:08:15'),
(244, 45, 199, 2, 4, '2025-02-07', NULL, 'nem elszámolható', '2025-01-15', '2025-04-28 16:08:15', '2025-04-28 16:08:15'),
(245, 47, 63, 4, 1, '2025-04-16', '2025-04-20', 'nem elszámolható', NULL, '2025-04-28 16:08:15', '2025-04-28 16:08:15'),
(246, 35, 123, 3, 10, '2024-10-26', '2024-11-24', 'nem elszámolható', NULL, '2025-04-28 16:08:15', '2025-04-28 16:08:15'),
(247, 35, 98, 3, 7, '2024-10-01', '2024-12-08', 'nem elszámolható', '2025-01-15', '2025-04-28 16:08:15', '2025-04-28 16:08:15'),
(248, 10, 21, 3, 15, '2025-01-06', '2025-04-18', 'nem elszámolható', '2025-01-15', '2025-04-28 16:08:15', '2025-04-28 16:08:15'),
(249, 33, 98, 2, 15, '2024-09-24', '2025-04-26', 'nem elszámolható', '2025-01-15', '2025-04-28 16:08:15', '2025-04-28 16:08:15'),
(250, 17, 192, 1, 12, '2025-01-16', NULL, 'nem elszámolható', '2025-01-15', '2025-04-28 16:08:15', '2025-04-28 16:08:15'),
(251, 41, 189, 2, 7, '2025-04-14', NULL, 'nem elszámolható', NULL, '2025-04-28 16:08:15', '2025-04-28 16:08:15'),
(252, 3, 97, 3, 13, '2025-04-07', NULL, 'nem elszámolható', '2025-01-15', '2025-04-28 16:08:15', '2025-04-28 16:08:15'),
(253, 34, 109, 1, 5, '2025-03-17', '2025-04-19', 'nem elszámolható', NULL, '2025-04-28 16:08:15', '2025-04-28 16:08:15'),
(254, 43, 138, 4, 6, '2025-04-24', '2025-04-27', 'nem elszámolható', NULL, '2025-04-28 16:08:15', '2025-04-28 16:08:15'),
(255, 2, 37, 2, 15, '2025-02-22', NULL, 'nem elszámolható', NULL, '2025-04-28 16:08:15', '2025-04-28 16:08:15'),
(256, 36, 61, 4, 1, '2025-01-20', '2025-02-27', 'nem elszámolható', '2025-01-15', '2025-04-28 16:08:15', '2025-04-28 16:08:15'),
(257, 48, 177, 3, 9, '2025-02-24', '2025-04-14', 'nem elszámolható', NULL, '2025-04-28 16:08:15', '2025-04-28 16:08:15'),
(258, 18, 133, 2, 3, '2025-02-27', '2025-04-12', 'nem elszámolható', NULL, '2025-04-28 16:08:15', '2025-04-28 16:08:15'),
(259, 7, 78, 3, 14, '2025-02-14', NULL, 'nem elszámolható', NULL, '2025-04-28 16:08:15', '2025-04-28 16:08:15'),
(260, 15, 167, 3, 6, '2025-03-12', NULL, 'nem elszámolható', NULL, '2025-04-28 16:08:15', '2025-04-28 16:08:15'),
(261, 42, 52, 2, 4, '2025-03-11', NULL, 'nem elszámolható', NULL, '2025-04-28 16:08:15', '2025-04-28 16:08:15'),
(262, 42, 14, 1, 1, '2025-01-05', '2025-04-02', 'nem elszámolható', '2025-01-15', '2025-04-28 16:08:15', '2025-04-28 16:08:15'),
(263, 49, 187, 2, 3, '2025-03-08', '2025-04-13', 'nem elszámolható', '2025-01-15', '2025-04-28 16:08:15', '2025-04-28 16:08:15'),
(264, 43, 96, 3, 9, '2024-10-27', '2025-01-09', 'nem elszámolható', '2025-01-15', '2025-04-28 16:08:15', '2025-04-28 16:08:15'),
(265, 25, 144, 3, 14, '2024-09-27', NULL, 'nem elszámolható', NULL, '2025-04-28 16:08:15', '2025-04-28 16:08:15'),
(266, 41, 102, 2, 13, '2025-02-15', '2025-03-05', 'nem elszámolható', NULL, '2025-04-28 16:08:15', '2025-04-28 16:08:15'),
(267, 24, 72, 1, 11, '2025-02-27', '2025-03-01', 'nem elszámolható', '2025-01-15', '2025-04-28 16:08:15', '2025-04-28 16:08:15'),
(268, 14, 108, 3, 6, '2025-03-29', '2025-04-14', 'nem elszámolható', NULL, '2025-04-28 16:08:15', '2025-04-28 16:08:15'),
(269, 41, 92, 4, 3, '2024-10-28', NULL, 'nem elszámolható', NULL, '2025-04-28 16:08:15', '2025-04-28 16:08:15'),
(270, 19, 115, 3, 2, '2025-02-10', '2025-03-27', 'nem elszámolható', NULL, '2025-04-28 16:08:15', '2025-04-28 16:08:15'),
(271, 15, 167, 3, 2, '2025-01-19', NULL, 'nem elszámolható', '2025-01-15', '2025-04-28 16:08:15', '2025-04-28 16:08:15'),
(272, 25, 29, 1, 7, '2024-09-28', '2024-10-16', 'nem elszámolható', '2025-01-15', '2025-04-28 16:08:15', '2025-04-28 16:08:15'),
(273, 21, 132, 2, 7, '2024-11-21', '2025-02-28', 'nem elszámolható', '2025-01-15', '2025-04-28 16:08:15', '2025-04-28 16:08:15'),
(274, 6, 161, 3, 4, '2025-01-21', NULL, 'nem elszámolható', NULL, '2025-04-28 16:08:15', '2025-04-28 16:08:15'),
(275, 51, 25, 1, 2, '2024-12-16', '2025-02-05', 'nem elszámolható', NULL, '2025-04-28 16:08:15', '2025-04-28 16:08:15'),
(276, 19, 126, 1, 14, '2025-03-02', NULL, 'nem elszámolható', '2025-01-15', '2025-04-28 16:08:15', '2025-04-28 16:08:15'),
(277, 18, 155, 3, 2, '2025-03-15', '2025-03-23', 'nem elszámolható', NULL, '2025-04-28 16:08:15', '2025-04-28 16:08:15'),
(278, 10, 172, 1, 14, '2025-01-11', NULL, 'nem elszámolható', '2025-01-15', '2025-04-28 16:08:15', '2025-04-28 16:08:15'),
(279, 20, 177, 2, 14, '2024-11-15', '2025-01-09', 'nem elszámolható', '2025-01-15', '2025-04-28 16:08:15', '2025-04-28 16:08:15'),
(280, 38, 69, 4, 15, '2024-10-03', '2024-10-24', 'nem elszámolható', NULL, '2025-04-28 16:08:15', '2025-04-28 16:08:15'),
(281, 9, 54, 1, 7, '2024-10-28', NULL, 'nem elszámolható', '2025-01-15', '2025-04-28 16:08:15', '2025-04-28 16:08:15'),
(282, 41, 193, 1, 13, '2025-03-09', '2025-04-13', 'nem elszámolható', '2025-01-15', '2025-04-28 16:08:15', '2025-04-28 16:08:15'),
(283, 39, 66, 2, 8, '2024-11-30', '2025-02-06', 'nem elszámolható', '2025-01-15', '2025-04-28 16:08:15', '2025-04-28 16:08:15'),
(284, 43, 39, 4, 10, '2024-12-26', NULL, 'nem elszámolható', NULL, '2025-04-28 16:08:15', '2025-04-28 16:08:15'),
(285, 44, 98, 2, 10, '2024-12-19', NULL, 'nem elszámolható', '2025-01-15', '2025-04-28 16:08:15', '2025-04-28 16:08:15'),
(286, 15, 179, 3, 9, '2025-01-13', NULL, 'nem elszámolható', NULL, '2025-04-28 16:08:15', '2025-04-28 16:08:15'),
(287, 37, 46, 3, 9, '2025-01-18', '2025-04-16', 'nem elszámolható', NULL, '2025-04-28 16:08:15', '2025-04-28 16:08:15'),
(288, 50, 131, 3, 15, '2025-02-13', NULL, 'nem elszámolható', NULL, '2025-04-28 16:08:15', '2025-04-28 16:08:15'),
(289, 41, 146, 2, 4, '2025-01-20', NULL, 'nem elszámolható', NULL, '2025-04-28 16:08:15', '2025-04-28 16:08:15'),
(290, 29, 103, 3, 11, '2025-02-09', NULL, 'nem elszámolható', NULL, '2025-04-28 16:08:15', '2025-04-28 16:08:15'),
(291, 52, 22, 3, 8, '2024-09-19', NULL, 'nem elszámolható', NULL, '2025-04-28 16:08:15', '2025-04-28 16:08:15'),
(292, 10, 180, 4, 14, '2024-12-30', NULL, 'nem elszámolható', NULL, '2025-04-28 16:08:15', '2025-04-28 16:08:15'),
(293, 11, 170, 3, 13, '2025-02-11', NULL, 'nem elszámolható', '2025-01-15', '2025-04-28 16:08:15', '2025-04-28 16:08:15'),
(294, 18, 150, 3, 13, '2025-03-28', NULL, 'nem elszámolható', NULL, '2025-04-28 16:08:15', '2025-04-28 16:08:15'),
(295, 4, 57, 3, 6, '2025-03-15', '2025-04-27', 'nem elszámolható', '2025-01-15', '2025-04-28 16:08:15', '2025-04-28 16:08:15'),
(296, 32, 33, 3, 6, '2024-11-07', '2025-02-21', 'nem elszámolható', NULL, '2025-04-28 16:08:15', '2025-04-28 16:08:15'),
(297, 32, 170, 1, 5, '2024-11-10', '2025-01-11', 'nem elszámolható', NULL, '2025-04-28 16:08:15', '2025-04-28 16:08:15'),
(298, 2, 166, 1, 1, '2025-04-25', NULL, 'nem elszámolható', '2025-01-15', '2025-04-28 16:08:15', '2025-04-28 16:08:15'),
(299, 41, 39, 1, 2, '2025-02-25', NULL, 'nem elszámolható', '2025-01-15', '2025-04-28 16:08:15', '2025-04-28 16:08:15'),
(300, 8, 26, 2, 1, '2025-02-09', '2025-04-17', 'nem elszámolható', '2025-01-15', '2025-04-28 16:08:15', '2025-04-28 16:08:15');

-- --------------------------------------------------------

--
-- Tábla szerkezet ehhez a táblához `elszamolas_tipuses`
--

CREATE TABLE `elszamolas_tipuses` (
  `elszamolas_tipus_id` bigint(20) UNSIGNED NOT NULL,
  `elszamolas_elnevezese` varchar(255) NOT NULL,
  `created_at` timestamp NULL DEFAULT NULL,
  `updated_at` timestamp NULL DEFAULT NULL
) ENGINE=InnoDB DEFAULT CHARSET=utf8mb4 COLLATE=utf8mb4_unicode_ci;

--
-- A tábla adatainak kiíratása `elszamolas_tipuses`
--

INSERT INTO `elszamolas_tipuses` (`elszamolas_tipus_id`, `elszamolas_elnevezese`, `created_at`, `updated_at`) VALUES
(1, 'bevonás', NULL, NULL),
(2, 'max.alapfokú végzettségű', NULL, NULL),
(3, 'képzettséget szerzett', NULL, NULL),
(4, 'nem tartozik elszámoláshoz', NULL, NULL);

-- --------------------------------------------------------

--
-- Tábla szerkezet ehhez a táblához `failed_jobs`
--

CREATE TABLE `failed_jobs` (
  `id` bigint(20) UNSIGNED NOT NULL,
  `uuid` varchar(255) NOT NULL,
  `connection` text NOT NULL,
  `queue` text NOT NULL,
  `payload` longtext NOT NULL,
  `exception` longtext NOT NULL,
  `failed_at` timestamp NOT NULL DEFAULT current_timestamp()
) ENGINE=InnoDB DEFAULT CHARSET=utf8mb4 COLLATE=utf8mb4_unicode_ci;

-- --------------------------------------------------------

--
-- Tábla szerkezet ehhez a táblához `megvalositasi_helyszins`
--

CREATE TABLE `megvalositasi_helyszins` (
  `megvalositasi_helyszin_id` bigint(20) UNSIGNED NOT NULL,
  `intezet` bigint(20) UNSIGNED DEFAULT NULL,
  `nev` varchar(255) NOT NULL,
  `agglomeracio` tinyint(4) DEFAULT NULL,
  `regio` varchar(255) DEFAULT NULL,
  `tipus` varchar(255) DEFAULT NULL,
  `created_at` timestamp NULL DEFAULT NULL,
  `updated_at` timestamp NULL DEFAULT NULL
) ENGINE=InnoDB DEFAULT CHARSET=utf8mb4 COLLATE=utf8mb4_unicode_ci;

--
-- A tábla adatainak kiíratása `megvalositasi_helyszins`
--

INSERT INTO `megvalositasi_helyszins` (`megvalositasi_helyszin_id`, `intezet`, `nev`, `agglomeracio`, `regio`, `tipus`, `created_at`, `updated_at`) VALUES
(1, NULL, 'Állampusztai Országos Büntetés-végrehajtási Intézet', 3, 'konvergencia', 'bv', NULL, NULL),
(2, 1, 'Állampuszta', NULL, NULL, NULL, NULL, NULL),
(3, 1, 'Solt', NULL, NULL, NULL, NULL, NULL),
(4, NULL, 'Bács-Kiskun Vármegyei Büntetés-végrehajtási Intézet', 3, 'konvergencia', 'bv', NULL, NULL),
(5, 4, 'Wéber Ede', NULL, NULL, NULL, NULL, NULL),
(6, 4, 'Mátyási', NULL, NULL, NULL, NULL, NULL),
(7, NULL, 'Balassagyarmati Fegyház es Börtön', 4, 'konvergencia', 'bv', NULL, NULL),
(8, NULL, 'Baranya Vármegyei Büntetés-végrehajtási Intézet', 2, 'konvergencia', 'bv', NULL, NULL),
(9, NULL, 'Békés Vármegyei Büntetés-végrehajtási Intézet', 3, 'konvergencia', 'bv', NULL, NULL),
(10, NULL, 'Borsod-Abaúj Zemplén Vármegyei Büntetés-végrehajtási Intézet', 5, 'konvergencia', 'bv', NULL, NULL),
(11, 10, 'Megyei', NULL, NULL, NULL, NULL, NULL),
(12, 10, 'Szirmabesenyő', NULL, NULL, NULL, NULL, NULL),
(13, NULL, 'Budapesti Fegyház es Börtön', 2, 'Budapest', 'bv', NULL, NULL),
(14, NULL, 'Fiatalkorúak Büntetés-végrehajtási Intézete', 2, 'konvergencia', 'bv', NULL, NULL),
(15, NULL, 'Fővárosi Büntetés-végrehajtási Intezet', 4, 'Budapest', 'bv', NULL, NULL),
(16, 15, 'I. objektum', NULL, NULL, NULL, NULL, NULL),
(17, 15, 'II. objektum', NULL, NULL, NULL, NULL, NULL),
(18, 15, 'III. objektum', NULL, NULL, NULL, NULL, NULL),
(19, NULL, 'Győr-Moson-Sopron Vármegyei Büntetés-végrehajtási Intézet', 1, 'konvergencia', 'bv', NULL, NULL),
(20, NULL, 'Hajdú-Bihar Vármegyei Büntetés-végrehajtási Intézet', 5, 'konvergencia', 'bv', NULL, NULL),
(21, NULL, 'Heves Vármegyei Büntetés-végrehajtási Intézet', 4, 'konvergencia', 'bv', NULL, NULL),
(22, NULL, 'Igazságügyi Megfigyelő és Elmegyógyító Intézet', 5, 'Budapest', 'bv', NULL, NULL),
(23, NULL, 'Jász-Nagykun-Szolnok Vármegyei Büntetés-végrehajtási Intézet', 5, 'konvergencia', 'bv', NULL, NULL),
(24, NULL, 'Kalocsai Fegyház es Börtön', 3, 'konvergencia', 'bv', NULL, NULL),
(25, NULL, 'Kiskunhalasi Országos Büntetés-végrehajtási Intézet', 3, 'konvergencia', 'bv', NULL, NULL),
(26, NULL, 'Közép-Dunántúli Országos Büntetés-végrehajtási Intézet', 2, 'konvergencia', 'bv', NULL, NULL),
(27, 26, 'Baracska', NULL, NULL, NULL, NULL, NULL),
(28, 26, 'Martonvásár', NULL, NULL, NULL, NULL, NULL),
(29, 26, 'Székesfehérvár', NULL, NULL, NULL, NULL, NULL),
(30, NULL, 'Márianosztrai Fegyház es Börtön', 4, 'konvergencia', 'bv', NULL, NULL),
(31, NULL, 'Pálhalmai Országos Büntetés-végrehajtási Intézet', 2, 'konvergencia', 'bv', NULL, NULL),
(32, 31, 'Mélykút', NULL, NULL, NULL, NULL, NULL),
(33, 31, 'Bernátkút', NULL, NULL, NULL, NULL, NULL),
(34, 31, 'Sándorháza', NULL, NULL, NULL, NULL, NULL),
(35, NULL, 'Sátoraljaújhelyi Fegyház es Börtön', 5, 'konvergencia', 'bv', NULL, NULL),
(36, NULL, 'Somogy Vármegyei Büntetés-végrehajtási Intézet', 2, 'konvergencia', 'bv', NULL, NULL),
(37, NULL, 'Sopronkőhidai Fegyház es Börtön', 1, 'konvergencia', 'bv', NULL, NULL),
(38, NULL, 'Szabolcs-Szatmár-Bereg Vármegyei Büntetés-végrehajtási Intézet', 5, 'konvergencia', 'bv', NULL, NULL),
(39, NULL, 'Szegedi Fegyház es Börtön', 3, 'konvergencia', 'bv', NULL, NULL),
(40, 39, 'I. objektum', NULL, NULL, NULL, NULL, NULL),
(41, 39, 'II. objektum', NULL, NULL, NULL, NULL, NULL),
(42, 39, 'III. objektum', NULL, NULL, NULL, NULL, NULL),
(43, NULL, 'Szombathelyi Országos Büntetés-végrehajtási Intézet', 1, 'konvergencia', 'bv', NULL, NULL),
(44, NULL, 'Tiszalöki Országos Büntetés-végrehajtási Intézet', 5, 'konvergencia', 'bv', NULL, NULL),
(45, NULL, 'Tököli Országos Büntetés-végrehajtási Intézet', 2, 'konvergencia', 'bv', NULL, NULL),
(46, NULL, 'Tolna Vármegyei Büntetés-végrehajtási Intézet', 2, 'konvergencia', 'bv', NULL, NULL),
(47, NULL, 'Váci Fegyház es Börtön', 4, 'konvergencia', 'bv', NULL, NULL),
(48, NULL, 'Veszprém Vármegyei Büntetés-végrehajtási Intézet', 1, 'konvergencia', 'bv', NULL, NULL),
(49, NULL, 'Zala Vármegyei Büntetés-végrehajtási Intézet', 1, 'konvergencia', 'bv', NULL, NULL),
(50, NULL, 'Jász-Nagykun-Szolnok Vármegyei Közösségi Foglalkoztató', 9, 'konvergencia', 'kf', NULL, NULL),
(51, NULL, 'Hajdú-Bihar Vármegyei Közösségi Foglalkoztató', 9, 'konvergencia', 'kf', NULL, NULL),
(52, NULL, 'Szabolcs-Szatmár-Bereg Vármegyei Közösségi Foglalkoztató', 9, 'konvergencia', 'kf', NULL, NULL);

-- --------------------------------------------------------

--
-- Tábla szerkezet ehhez a táblához `migrations`
--

CREATE TABLE `migrations` (
  `id` int(10) UNSIGNED NOT NULL,
  `migration` varchar(255) NOT NULL,
  `batch` int(11) NOT NULL
) ENGINE=InnoDB DEFAULT CHARSET=utf8mb4 COLLATE=utf8mb4_unicode_ci;

--
-- A tábla adatainak kiíratása `migrations`
--

INSERT INTO `migrations` (`id`, `migration`, `batch`) VALUES
(1, '2014_10_12_000000_create_users_table', 1),
(2, '2014_10_12_100000_create_password_reset_tokens_table', 1),
(3, '2019_08_19_000000_create_failed_jobs_table', 1),
(4, '2019_12_14_000001_create_personal_access_tokens_table', 1),
(5, '2025_01_02_172702_create_elszamolas_tipuses_table', 1),
(6, '2025_01_03_110453_create_megvalositasi_helyszins_table', 1),
(7, '2025_01_03_110546_create_ugyfel_tipuses_table', 1),
(8, '2025_01_03_110547_create_dokumentum_tipuses_table', 1),
(9, '2025_01_03_115536_create_ugyfeltipusok_dokumentumais_table', 1),
(10, '2025_01_04_093045_create_ugyfels_table', 1),
(11, '2025_03_29_100022_create_elszamolas_table', 1),
(12, '2025_03_30_115631_create_dokumentumoks_table', 1);

-- --------------------------------------------------------

--
-- Tábla szerkezet ehhez a táblához `password_reset_tokens`
--

CREATE TABLE `password_reset_tokens` (
  `email` varchar(255) NOT NULL,
  `token` varchar(255) NOT NULL,
  `created_at` timestamp NULL DEFAULT NULL
) ENGINE=InnoDB DEFAULT CHARSET=utf8mb4 COLLATE=utf8mb4_unicode_ci;

-- --------------------------------------------------------

--
-- Tábla szerkezet ehhez a táblához `personal_access_tokens`
--

CREATE TABLE `personal_access_tokens` (
  `id` bigint(20) UNSIGNED NOT NULL,
  `tokenable_type` varchar(255) NOT NULL,
  `tokenable_id` bigint(20) UNSIGNED NOT NULL,
  `name` varchar(255) NOT NULL,
  `token` varchar(64) NOT NULL,
  `abilities` text DEFAULT NULL,
  `last_used_at` timestamp NULL DEFAULT NULL,
  `expires_at` timestamp NULL DEFAULT NULL,
  `created_at` timestamp NULL DEFAULT NULL,
  `updated_at` timestamp NULL DEFAULT NULL
) ENGINE=InnoDB DEFAULT CHARSET=utf8mb4 COLLATE=utf8mb4_unicode_ci;

-- --------------------------------------------------------

--
-- Tábla szerkezet ehhez a táblához `ugyfels`
--

CREATE TABLE `ugyfels` (
  `ugyfel_id` bigint(20) UNSIGNED NOT NULL,
  `nev` varchar(255) NOT NULL,
  `szuletesi_nev` varchar(255) NOT NULL,
  `anyja_neve` varchar(255) NOT NULL,
  `szuletesi_hely` varchar(255) NOT NULL,
  `szuletesi_ido` date NOT NULL,
  `telepules` varchar(255) NOT NULL,
  `neme` enum('férfi','nő') NOT NULL DEFAULT 'férfi',
  `ugyfelkod` bigint(20) NOT NULL,
  `created_at` timestamp NULL DEFAULT NULL,
  `updated_at` timestamp NULL DEFAULT NULL
) ;

--
-- A tábla adatainak kiíratása `ugyfels`
--

INSERT INTO `ugyfels` (`ugyfel_id`, `nev`, `szuletesi_nev`, `anyja_neve`, `szuletesi_hely`, `szuletesi_ido`, `telepules`, `neme`, `ugyfelkod`, `created_at`, `updated_at`) VALUES
(1, 'Prof. Mészáros Zoltánné', 'Báró Balog Klaudia PhD', 'Balog Jenőné', 'Budapest', '1977-06-10', 'Rétság', 'férfi', 51258414, '2025-04-28 16:08:10', '2025-04-28 16:08:10'),
(2, 'Ifj. Papp Dalma', 'Pál Ramóna PhD', 'Id. Szalai Árpád', 'Békéscsaba', '1981-02-03', 'Budapest', 'férfi', 51105232, '2025-04-28 16:08:10', '2025-04-28 16:08:10'),
(3, 'Id. Dudás Valéria PhD', 'Pál-Szücs Fanni', 'Dudás Ernőné', 'Ráckeve', '1943-05-06', 'Budapest', 'nő', 44235032, '2025-04-28 16:08:10', '2025-04-28 16:08:10'),
(4, 'Simon Albert PhD', 'Fekete Botond', 'Veres Gáborné', 'Érd', '1959-09-22', 'Nyíregyháza', 'nő', 99562240, '2025-04-28 16:08:10', '2025-04-28 16:08:10'),
(5, 'Özv. Gál Albert PhD', 'Prof. Fehér Míra', 'Mészárosné Szücs Kincső', 'Nyíregyháza', '2001-01-12', 'Budapest', 'nő', 13477340, '2025-04-28 16:08:10', '2025-04-28 16:08:10'),
(6, 'Prof. Fekete Klaudia', 'Dr. Vass Panna', 'Szűcsné Fülöp Hanga', 'Budapest', '1978-08-16', 'Miskolc', 'férfi', 85755985, '2025-04-28 16:08:10', '2025-04-28 16:08:10'),
(7, 'Novák Jánosné', 'Török Antal PhD', 'Özv. Csonka Milán', 'Budapest', '1975-11-13', 'Szeged', 'férfi', 27775589, '2025-04-28 16:08:10', '2025-04-28 16:08:10'),
(8, 'Dr. Vincze Árminné', 'Prof. Illésné Liliána', 'Dr. Király Panna PhD', 'Eger', '2000-06-02', 'Budapest', 'férfi', 33121942, '2025-04-28 16:08:10', '2025-04-28 16:08:10'),
(9, 'Gróf Kerekesné Csenge', 'Mészáros Bettina', 'Horváth Áron PhD', 'Kaposvár', '1974-04-22', 'Tatabánya', 'férfi', 83518362, '2025-04-28 16:08:10', '2025-04-28 16:08:10'),
(10, 'Fazekas Jenő', 'Id. Szőke Sándor', 'Juhász Benedekné', 'Bóly', '1992-09-26', 'Budapest', 'nő', 89232562, '2025-04-28 16:08:10', '2025-04-28 16:08:10'),
(11, 'Borbély Rudolf', 'Halász-Orosz Milla', 'Dr. Vincze Mia', 'Székesfehérvár', '2004-07-30', 'Vecsés', 'nő', 55881737, '2025-04-28 16:08:10', '2025-04-28 16:08:10'),
(12, 'Novák Ottó PhD', 'Dr. Szilágyi Olivér', 'Virág Árminné', 'Budapest', '1957-03-09', 'Karcag', 'férfi', 99701290, '2025-04-28 16:08:10', '2025-04-28 16:08:10'),
(13, 'Budai Judit', 'Orosz-Kovács Ramóna', 'Fehér László', 'Budapest', '1954-03-20', 'Budapest', 'nő', 58851412, '2025-04-28 16:08:10', '2025-04-28 16:08:10'),
(14, 'Bakos Evelin PhD', 'Szilágyi Izabella', 'Török Kevin PhD', 'Budapest', '1949-10-26', 'Miskolc', 'nő', 42816704, '2025-04-28 16:08:10', '2025-04-28 16:08:10'),
(15, 'Prof. Borbély Henrietta', 'Balogné Vincze Maja', 'Prof. Lukács Ádám PhD', 'Vasvár', '1995-12-13', 'Békéscsaba', 'nő', 81641010, '2025-04-28 16:08:10', '2025-04-28 16:08:10'),
(16, 'Özv. Pintér Attila', 'Boros Henrietta PhD', 'Oláh Sándorné', 'Veszprém', '1973-12-30', 'Budapest', 'nő', 34004697, '2025-04-28 16:08:10', '2025-04-28 16:08:10'),
(17, 'Kerekes Kornél', 'Özv. Simonné Emőke', 'Vass Beatrix PhD', 'Budapest', '1990-11-19', 'Budapest', 'férfi', 25704145, '2025-04-28 16:08:10', '2025-04-28 16:08:10'),
(18, 'Hegedüs Ármin', 'Dr. Rácz Bence PhD', 'Prof. Szekeres Barna PhD', 'Enying', '1996-07-23', 'Szombathely', 'nő', 15376765, '2025-04-28 16:08:10', '2025-04-28 16:08:10'),
(19, 'Gáspár Marietta', 'Gróf Molnár Benedek PhD', 'Kissné Rácz Gabriella', 'Budapest', '1955-12-24', 'Pápa', 'nő', 47859086, '2025-04-28 16:08:10', '2025-04-28 16:08:10'),
(20, 'Magyar-Boros Valéria', 'Ifj. Fülöp Szonja', 'Fodor Marietta', 'Budapest', '1957-02-28', 'Budapest', 'férfi', 61641575, '2025-04-28 16:08:10', '2025-04-28 16:08:10'),
(21, 'Horváth Dorina PhD', 'Bodnár-Kelemen Míra', 'Borbély-Juhász Georgina', 'Budapest', '1979-01-13', 'Pécs', 'nő', 92319221, '2025-04-28 16:08:10', '2025-04-28 16:08:10'),
(22, 'Ifj. Juhász Ernőné', 'Kerekes Mia', 'Gróf Szilágyi Milán', 'Kecskemét', '1940-08-08', 'Szigetvár', 'nő', 3686218, '2025-04-28 16:08:10', '2025-04-28 16:08:10'),
(23, 'Prof. Kelemen Gézané', 'Lengyel-Szilágyi Emőke', 'Dr. Bakos Istvánné', 'Budapest', '1987-09-10', 'Budapest', 'nő', 90231310, '2025-04-28 16:08:10', '2025-04-28 16:08:10'),
(24, 'Fülöp Barnáné', 'Bogdán Anikó', 'Prof. Virág Angéla', 'Budapest', '1960-01-17', 'Budapest', 'férfi', 90720694, '2025-04-28 16:08:10', '2025-04-28 16:08:10'),
(25, 'Fehérné Novák Judit', 'Mészárosné Deák Kíra', 'Farkas Boróka PhD', 'Budapest', '1959-01-18', 'Budapest', 'nő', 84110600, '2025-04-28 16:08:10', '2025-04-28 16:08:10'),
(26, 'Dr. Fábián Bendegúz', 'Simonné Vass Valéria', 'Balla Bendegúz', 'Budapest', '1999-01-09', 'Mezőkövesd', 'nő', 33959085, '2025-04-28 16:08:10', '2025-04-28 16:08:10'),
(27, 'Prof. Máté Ottó', 'Özv. Pásztor Áron', 'Gál Rudolfné', 'Dunaújváros', '1971-01-12', 'Mezőkövesd', 'nő', 18243721, '2025-04-28 16:08:10', '2025-04-28 16:08:10'),
(28, 'Máté Árpád', 'Magyar Kristóf PhD', 'Simon Henrietta PhD', 'Tatabánya', '1986-08-23', 'Szeged', 'nő', 90725004, '2025-04-28 16:08:10', '2025-04-28 16:08:10'),
(29, 'Prof. Fodor Szervác', 'Kovács Mihály', 'Papp Antal', 'Nyíradony', '1970-09-17', 'Budapest', 'férfi', 99199872, '2025-04-28 16:08:10', '2025-04-28 16:08:10'),
(30, 'Báró Farkas István PhD', 'Hajdu Lívia', 'Péter Fanni PhD', 'Budapest', '1956-05-31', 'Győr', 'férfi', 51710233, '2025-04-28 16:08:10', '2025-04-28 16:08:10'),
(31, 'Gróf Simon Mátyás', 'Kovácsné Vass Henriett', 'Szőke-Illés Fanni', 'Gyomaendrőd', '1948-06-06', 'Budapest', 'férfi', 95508467, '2025-04-28 16:08:10', '2025-04-28 16:08:10'),
(32, 'Péter Gréta PhD', 'Tamás Árpád PhD', 'Major Richárd PhD', 'Zalaegerszeg', '1939-06-02', 'Budapest', 'férfi', 68790256, '2025-04-28 16:08:10', '2025-04-28 16:08:10'),
(33, 'Bakos-Kocsis Julianna', 'Máté Kornél', 'Id. Papp Aranka', 'Budapest', '1984-03-27', 'Érd', 'férfi', 29297206, '2025-04-28 16:08:10', '2025-04-28 16:08:10'),
(34, 'Király Panna PhD', 'Özv. Vincze Richárd PhD', 'Gulyás-Kovács Johanna', 'Budapest', '2005-11-18', 'Budapest', 'nő', 20900880, '2025-04-28 16:08:10', '2025-04-28 16:08:10'),
(35, 'Balogh Hunor PhD', 'Hegedűs Maja', 'Özv. Jónás Rudolf PhD', 'Székesfehérvár', '1944-10-15', 'Budapest', 'férfi', 99249084, '2025-04-28 16:08:10', '2025-04-28 16:08:10'),
(36, 'Gróf Fábián Csenge', 'Dr. Papp Richárd', 'Gróf Mészáros Kornél PhD', 'Bélapátfalva', '1943-12-21', 'Devecser', 'férfi', 89325845, '2025-04-28 16:08:10', '2025-04-28 16:08:10'),
(37, 'Dr. Hegedűs Endrené', 'Dr. Papp Bence', 'Illés Lívia', 'Balassagyarmat', '1966-01-30', 'Szombathely', 'nő', 75002017, '2025-04-28 16:08:10', '2025-04-28 16:08:10'),
(38, 'Gróf Máténé Csenge', 'Csonka Henrietta PhD', 'Végh Kata PhD', 'Budapest', '1969-10-30', 'Budapest', 'nő', 30567967, '2025-04-28 16:08:10', '2025-04-28 16:08:10'),
(39, 'Tóth Balázs', 'Özv. Gulyás Áron PhD', 'Balogh Antal', 'Tab', '1968-12-30', 'Bonyhád', 'nő', 92034895, '2025-04-28 16:08:10', '2025-04-28 16:08:10'),
(40, 'Kisné Dudás Kíra', 'Özv. Illésné Katinka', 'Prof. Novák Izabella PhD', 'Budapest', '1961-01-17', 'Gödöllő', 'férfi', 76508164, '2025-04-28 16:08:10', '2025-04-28 16:08:10'),
(41, 'Budai Vincéné', 'Hajdúné Szőke Szabina', 'Farkas Szabina', 'Budapest', '1972-10-30', 'Sárospatak', 'férfi', 9592421, '2025-04-28 16:08:10', '2025-04-28 16:08:10'),
(42, 'Mészáros Ármin PhD', 'Novák-Barta Andrea', 'Magyar Judit PhD', 'Kecskemét', '1947-09-15', 'Szob', 'nő', 57388598, '2025-04-28 16:08:10', '2025-04-28 16:08:10'),
(43, 'Gróf Kelemen János PhD', 'Bodnár Antal PhD', 'Ifj. Novák Milánné', 'Kaposvár', '1961-06-07', 'Budapest', 'nő', 82965294, '2025-04-28 16:08:10', '2025-04-28 16:08:10'),
(44, 'Balla-Pásztor Angéla', 'Prof. Patakiné Emőke', 'Péter Albertné', 'Budapest', '2003-01-11', 'Győr', 'férfi', 6968537, '2025-04-28 16:08:10', '2025-04-28 16:08:10'),
(45, 'Papné Lakatos Gitta', 'Báró Kovácsné Andrea', 'Ifj. Virág Benedek', 'Budapest', '1938-04-13', 'Budapest', 'nő', 80161761, '2025-04-28 16:08:10', '2025-04-28 16:08:10'),
(46, 'Novák-Nagy Soma', 'Báró Takács Mária', 'Magyarné Pap Soma', 'Esztergom', '1950-06-25', 'Berettyóújfalu', 'férfi', 72392739, '2025-04-28 16:08:10', '2025-04-28 16:08:10'),
(47, 'Ifj. Szűcs Barna PhD', 'Fekete Bence', 'Pintér Katinka', 'Érd', '1966-04-23', 'Budapest', 'nő', 83418686, '2025-04-28 16:08:10', '2025-04-28 16:08:10'),
(48, 'Király Rebeka', 'Dr. Orbán Sára', 'Orbán-Balog Szonja', 'Zalaegerszeg', '1976-12-12', 'Budapest', 'férfi', 11742056, '2025-04-28 16:08:10', '2025-04-28 16:08:10'),
(49, 'Németh Endre', 'Szőke Patrikné', 'Halász Sándorné', 'Hódmezővásárhely', '1955-01-28', 'Budapest', 'férfi', 37176787, '2025-04-28 16:08:10', '2025-04-28 16:08:10'),
(50, 'Szabó János', 'Prof. Fodor Barnabásné', 'Jónás Csenge PhD', 'Szigetvár', '1983-03-15', 'Békéscsaba', 'férfi', 89498996, '2025-04-28 16:08:10', '2025-04-28 16:08:10'),
(51, 'Magyar Albertné', 'Dr. Halász Hanga PhD', 'Ifj. Soós Lívia', 'Budapest', '2001-03-04', 'Budapest', 'férfi', 44264366, '2025-04-28 16:08:10', '2025-04-28 16:08:10'),
(52, 'Dr. Bálint Zsóka PhD', 'Ifj. Pál Benedekné', 'Báró Bodnár Barnabás PhD', 'Szombathely', '1975-08-16', 'Budapest', 'nő', 1850990, '2025-04-28 16:08:10', '2025-04-28 16:08:10'),
(53, 'Borbély Mirella PhD', 'Patakiné Máté Liliána', 'Gróf Barna Soma PhD', 'Szarvas', '1988-09-01', 'Budapest', 'nő', 54087859, '2025-04-28 16:08:10', '2025-04-28 16:08:10'),
(54, 'Prof. Illés Virág PhD', 'Gróf Pintérné Dalma', 'László Kevinné', 'Békéscsaba', '1941-02-05', 'Budapest', 'férfi', 82806968, '2025-04-28 16:08:10', '2025-04-28 16:08:10'),
(55, 'Prof. Balázs Zita PhD', 'Nemes Milán PhD', 'Ifj. Kissné Maja', 'Budapest', '1970-08-21', 'Sellye', 'férfi', 92964124, '2025-04-28 16:08:10', '2025-04-28 16:08:10'),
(56, 'Dr. Nagy Flóra', 'Ifj. Pataki Johanna', 'Szűcs Bendegúz', 'Szekszárd', '1945-12-12', 'Devecser', 'nő', 99411578, '2025-04-28 16:08:10', '2025-04-28 16:08:10'),
(57, 'Gróf Rácz Martina PhD', 'Pál Jenő', 'Szalainé Gál Milla', 'Békéscsaba', '1963-03-28', 'Jászberény', 'férfi', 41874991, '2025-04-28 16:08:10', '2025-04-28 16:08:10'),
(58, 'Halász Bencéné', 'Molnár Richárd PhD', 'Dr. Barta Ottóné', 'Szombathely', '1951-05-26', 'Budapest', 'férfi', 17301947, '2025-04-28 16:08:10', '2025-04-28 16:08:10'),
(59, 'Prof. Kerekes Marianna PhD', 'Vincze-Balogh Gizella', 'Vörös Ottó', 'Budapest', '1985-09-14', 'Budapest', 'férfi', 66356913, '2025-04-28 16:08:10', '2025-04-28 16:08:10'),
(60, 'Faragó Benedekné', 'Deák-Rácz Adél', 'Pásztorné Lakatos Liliána', 'Polgárdi', '1983-11-12', 'Budapest', 'férfi', 72518894, '2025-04-28 16:08:10', '2025-04-28 16:08:10'),
(61, 'Katona Szabina PhD', 'Péter Szandra', 'Gróf Nemes Klaudia PhD', 'Budapest', '1958-02-04', 'Békés', 'férfi', 2989620, '2025-04-28 16:08:10', '2025-04-28 16:08:10'),
(62, 'Dr. Varga Valéria', 'Id. Hegedűs Ramóna PhD', 'Prof. Kissné Angéla', 'Hódmezővásárhely', '1981-05-16', 'Eger', 'nő', 86632179, '2025-04-28 16:08:10', '2025-04-28 16:08:10'),
(63, 'Dr. Pásztor Zita', 'Dr. Királyné Katinka', 'Prof. Vincze Imre PhD', 'Szekszárd', '2006-01-18', 'Szolnok', 'nő', 61266782, '2025-04-28 16:08:10', '2025-04-28 16:08:10'),
(64, 'Péter Erzsébet', 'Szekeres Ármin', 'Fábiánné Illés Adél', 'Salgótarján', '2003-05-19', 'Budapest', 'nő', 97442943, '2025-04-28 16:08:10', '2025-04-28 16:08:10'),
(65, 'Dr. Orsós Szervác', 'Báró Németh Barna', 'Szilágyi Anikó', 'Budapest', '1944-10-07', 'Érd', 'férfi', 35419095, '2025-04-28 16:08:10', '2025-04-28 16:08:10'),
(66, 'Dr. Szücsné Szabina', 'Szekeresné Váradi Valéria', 'Bakos Gizella', 'Budapest', '1993-07-21', 'Budapest', 'férfi', 40841659, '2025-04-28 16:08:10', '2025-04-28 16:08:10'),
(67, 'Törökné Virág Csenge', 'Patakiné Fehér Martina', 'Balogh Zsolt', 'Budapest', '1985-03-28', 'Budapest', 'nő', 14087674, '2025-04-28 16:08:10', '2025-04-28 16:08:10'),
(68, 'Szekeres-Halász Julianna', 'Hegedűs Attila PhD', 'Székely Jenő PhD', 'Budapest', '1951-03-29', 'Eger', 'nő', 33734408, '2025-04-28 16:08:10', '2025-04-28 16:08:10'),
(69, 'Major Olivér PhD', 'Simon Bencéné', 'Katona Zétényné', 'Budapest', '1974-01-03', 'Eger', 'nő', 18244672, '2025-04-28 16:08:10', '2025-04-28 16:08:10'),
(70, 'Hajdúné Balog Zita', 'Id. Németh Erzsébet PhD', 'Gróf Kozma Gabriella PhD', 'Budapest', '1956-06-13', 'Szeged', 'nő', 71374660, '2025-04-28 16:08:10', '2025-04-28 16:08:10'),
(71, 'Biró Andrea PhD', 'Dr. Török Noel', 'Kelemen Kincső PhD', 'Budapest', '1955-04-23', 'Nyíregyháza', 'férfi', 25156912, '2025-04-28 16:08:10', '2025-04-28 16:08:10'),
(72, 'Németh Mia', 'Németh Bence PhD', 'Végh Liliána PhD', 'Salgótarján', '1939-11-20', 'Szekszárd', 'férfi', 41880887, '2025-04-28 16:08:10', '2025-04-28 16:08:10'),
(73, 'Id. Jónásné Gréta', 'Budainé Nemes Liliána', 'Id. Soós Georgina PhD', 'Budapest', '1941-12-19', 'Budapest', 'férfi', 25236294, '2025-04-28 16:08:10', '2025-04-28 16:08:10'),
(74, 'Id. Nemes Martina PhD', 'Özv. Juhász Zsombor', 'Özv. Balázs Kincső PhD', 'Szombathely', '1954-04-18', 'Budapest', 'nő', 28957637, '2025-04-28 16:08:11', '2025-04-28 16:08:11'),
(75, 'Id. Székely Patrik', 'Boros Sára', 'Virágné Fodor Olívia', 'Tatabánya', '2004-01-01', 'Zalaegerszeg', 'nő', 45176104, '2025-04-28 16:08:11', '2025-04-28 16:08:11'),
(76, 'Borosné Fehér Zsóka', 'Péter Mihályné', 'Kerekes Noel', 'Békéscsaba', '1940-10-19', 'Érd', 'férfi', 34027581, '2025-04-28 16:08:11', '2025-04-28 16:08:11'),
(77, 'Szőke Kevin PhD', 'Prof. Végh Patrícia PhD', 'Magyar Valéria PhD', 'Balatonalmádi', '1953-06-16', 'Eger', 'férfi', 10517026, '2025-04-28 16:08:11', '2025-04-28 16:08:11'),
(78, 'Prof. Hegedűs Endre', 'Prof. Biró Sára', 'Gulyás Anikó PhD', 'Debrecen', '1941-02-22', 'Tatabánya', 'nő', 29720308, '2025-04-28 16:08:11', '2025-04-28 16:08:11'),
(79, 'Bakos Botond PhD', 'Péter-Székely Virág', 'Dr. Fábián Panna PhD', 'Oroszlány', '1949-07-15', 'Érd', 'férfi', 66459430, '2025-04-28 16:08:11', '2025-04-28 16:08:11'),
(80, 'Prof. Szőkené Gréta', 'Fülöp Barna PhD', 'Gróf Virág Olívia', 'Budapest', '1955-10-16', 'Budapest', 'nő', 26802622, '2025-04-28 16:08:11', '2025-04-28 16:08:11'),
(81, 'Id. Gáspár Dorina', 'Gróf Orosz Zsombor PhD', 'Gróf Kovács Kornél', 'Zalaegerszeg', '1989-09-26', 'Budapest', 'férfi', 26678530, '2025-04-28 16:08:11', '2025-04-28 16:08:11'),
(82, 'Antalné Székely Jázmin', 'Dr. Mészáros Klaudia', 'Dudás Jenőné', 'Mezőkovácsháza', '1963-08-03', 'Polgárdi', 'férfi', 96094881, '2025-04-28 16:08:11', '2025-04-28 16:08:11'),
(83, 'Somogyi Szandra PhD', 'Özv. Fülöp Attiláné', 'Prof. Lukácsné Szonja', 'Nagykanizsa', '1952-10-25', 'Debrecen', 'férfi', 31226565, '2025-04-28 16:08:11', '2025-04-28 16:08:11'),
(84, 'Papp Henrietta PhD', 'Ifj. Székely Gréta PhD', 'Dr. Somogyi Zsomborné', 'Szekszárd', '1985-12-31', 'Sopron', 'férfi', 63683806, '2025-04-28 16:08:11', '2025-04-28 16:08:11'),
(85, 'Prof. Kozma Míra', 'Dr. Orsós Richárd', 'Özv. Molnár Zétény PhD', 'Budapest', '1936-01-08', 'Budapest', 'férfi', 44376263, '2025-04-28 16:08:11', '2025-04-28 16:08:11'),
(86, 'Szekeres Vince PhD', 'Pásztor Sára PhD', 'Bakos Árpád PhD', 'Budapest', '1953-04-30', 'Budapest', 'férfi', 18544032, '2025-04-28 16:08:11', '2025-04-28 16:08:11'),
(87, 'Özv. Sándorné Bettina', 'László Dorián PhD', 'Dr. Kozmané Emőke', 'Marcali', '1971-08-06', 'Miskolc', 'férfi', 21469396, '2025-04-28 16:08:11', '2025-04-28 16:08:11'),
(88, 'Somogyiné Horváth Kíra', 'Barta Jenő PhD', 'Prof. Barta Zoltán PhD', 'Budapest', '1946-11-11', 'Budapest', 'férfi', 49232179, '2025-04-28 16:08:11', '2025-04-28 16:08:11'),
(89, 'Gróf Végh Mihály PhD', 'Prof. Illés Zita', 'Báró Gáspárné Emőke', 'Győr', '1985-11-23', 'Budapest', 'nő', 22462686, '2025-04-28 16:08:11', '2025-04-28 16:08:11'),
(90, 'Prof. Fekete Szandra', 'Báró Kozmané Klaudia', 'Soós Imre', 'Budapest', '1958-04-15', 'Budapest', 'nő', 87879147, '2025-04-28 16:08:11', '2025-04-28 16:08:11'),
(91, 'Balla László', 'Dr. Fodor Áron', 'Dr. Váradi Rudolf PhD', 'Budapest', '1947-07-14', 'Budapest', 'nő', 17901570, '2025-04-28 16:08:11', '2025-04-28 16:08:11'),
(92, 'Fazekas Ernőné', 'Özv. Máté Valéria PhD', 'Gróf Katona Johanna PhD', 'Budapest', '1961-03-12', 'Budapest', 'férfi', 84036153, '2025-04-28 16:08:11', '2025-04-28 16:08:11'),
(93, 'Lukácsné Halász Izabella', 'Tóth Hanga', 'Virág László', 'Budapest', '1960-08-30', 'Budapest', 'férfi', 48718317, '2025-04-28 16:08:11', '2025-04-28 16:08:11'),
(94, 'Orbánné Faragó Julianna', 'Prof. Bálint Mátyásné', 'Kozmané Lakatos Zsóka', 'Budapest', '1943-03-12', 'Salgótarján', 'nő', 20237373, '2025-04-28 16:08:11', '2025-04-28 16:08:11'),
(95, 'Hegedüs Gáborné', 'Török Zsolt PhD', 'Antalné Juhász Panna', 'Nagykanizsa', '1994-12-20', 'Szeged', 'férfi', 86528678, '2025-04-28 16:08:11', '2025-04-28 16:08:11'),
(96, 'Rácz Georgina', 'Faragó Jánosné', 'Id. Sándor Andrea PhD', 'Salgótarján', '1992-07-24', 'Budapest', 'férfi', 50213059, '2025-04-28 16:08:11', '2025-04-28 16:08:11'),
(97, 'Dr. Bognárné Dorottya', 'Hegedűs-Jakab Fanni', 'Id. Boros Boróka PhD', 'Balassagyarmat', '1958-10-10', 'Mezőtúr', 'férfi', 55897439, '2025-04-28 16:08:11', '2025-04-28 16:08:11'),
(98, 'Özv. Siposné Rebeka', 'Ifj. Balog Milán PhD', 'Szekeres Gitta', 'Kecskemét', '1996-09-20', 'Veszprém', 'nő', 92757845, '2025-04-28 16:08:11', '2025-04-28 16:08:11'),
(99, 'Prof. Gáspár Balázsné', 'Dr. Végh Ramóna', 'Kis Szonja', 'Budapest', '1960-02-08', 'Miskolc', 'nő', 48475752, '2025-04-28 16:08:11', '2025-04-28 16:08:11'),
(100, 'Jónás Attila PhD', 'Bakos-Antal Szabina', 'Kocsis-Simon Jázmin', 'Gyál', '1950-11-30', 'Budapest', 'nő', 99208823, '2025-04-28 16:08:11', '2025-04-28 16:08:11'),
(101, 'Prof. Faragó Zétény', 'Báró Budai Lívia PhD', 'Pintér-Gulyás Fanni', 'Budapest', '1976-07-17', 'Érd', 'nő', 28621954, '2025-04-28 16:08:11', '2025-04-28 16:08:11'),
(102, 'Dr. Magyar Árpád', 'Simon Szervácné', 'Jakab Dorottya', 'Kapuvár', '1974-04-25', 'Debrecen', 'nő', 80027294, '2025-04-28 16:08:11', '2025-04-28 16:08:11'),
(103, 'Kerekes Noel PhD', 'Gróf Csonka Evelin PhD', 'Pintér Sándor', 'Kecskemét', '1993-06-07', 'Budapest', 'férfi', 34333759, '2025-04-28 16:08:11', '2025-04-28 16:08:11'),
(104, 'Hajdúné Antal Zita', 'Prof. Szücs Johanna PhD', 'Bodnár Patrícia', 'Budapest', '1983-07-05', 'Dunaújváros', 'férfi', 77697293, '2025-04-28 16:08:11', '2025-04-28 16:08:11'),
(105, 'Veres-Molnár Gabriella', 'Prof. Vass Olivér PhD', 'Borbély Márton', 'Budapest', '1954-09-05', 'Vásárosnamény', 'férfi', 36238650, '2025-04-28 16:08:11', '2025-04-28 16:08:11'),
(106, 'Kelemen Gábor', 'Prof. Vincze Georgina', 'Pintér Linda PhD', 'Enying', '1960-01-22', 'Nyíregyháza', 'nő', 60988728, '2025-04-28 16:08:11', '2025-04-28 16:08:11'),
(107, 'Dr. Soós Gizella', 'Orbán-Fábián Fanni', 'Vincze Árpádné', 'Pécs', '1968-10-24', 'Nyíregyháza', 'nő', 95539273, '2025-04-28 16:08:11', '2025-04-28 16:08:11'),
(108, 'Dr. Balláné Soma', 'Fülöp Dorián', 'Prof. Fehérné Emőke', 'Budapest', '1962-01-14', 'Budapest', 'férfi', 99510857, '2025-04-28 16:08:11', '2025-04-28 16:08:11'),
(109, 'Dr. Szücs Lászlóné', 'Gulyás-Budai Soma', 'László-Nemes Csenge', 'Budapest', '1940-09-26', 'Budapest', 'nő', 49894030, '2025-04-28 16:08:11', '2025-04-28 16:08:11'),
(110, 'Dr. Hajdu Anikó PhD', 'Ifj. Vincze Rudolfné', 'Gróf Pataki Katalin PhD', 'Budapest', '1959-11-13', 'Budapest', 'férfi', 89264722, '2025-04-28 16:08:11', '2025-04-28 16:08:11'),
(111, 'Kerekes Áronné', 'Kelemen Balázsné', 'Kerekes Marietta PhD', 'Budapest', '1940-07-06', 'Budapest', 'férfi', 10237958, '2025-04-28 16:08:11', '2025-04-28 16:08:11'),
(112, 'Biróné Lengyel Valéria', 'Bálint Milánné', 'Sándor Panna', 'Hódmezővásárhely', '1961-08-03', 'Budapest', 'férfi', 93943002, '2025-04-28 16:08:11', '2025-04-28 16:08:11'),
(113, 'Halász Ádámné', 'Prof. Dobos Márton PhD', 'Prof. Hegedűsné Anikó', 'Budapest', '1935-06-21', 'Budapest', 'férfi', 87265468, '2025-04-28 16:08:11', '2025-04-28 16:08:11'),
(114, 'Özv. Somogyi Barnabás', 'Székely Barna PhD', 'Király Bendegúz', 'Budapest', '1953-11-17', 'Budapest', 'férfi', 4863842, '2025-04-28 16:08:11', '2025-04-28 16:08:11'),
(115, 'Lukács Benedekné', 'Hegedüs Szandra PhD', 'Dr. Szűcs Doriánné', 'Budapest', '1935-07-23', 'Szombathely', 'nő', 55638450, '2025-04-28 16:08:11', '2025-04-28 16:08:11'),
(116, 'Prof. Jónás Mia PhD', 'Özv. Papp Mátyásné', 'Kozma Flóra', 'Budapest', '1972-12-02', 'Szeged', 'férfi', 36352584, '2025-04-28 16:08:11', '2025-04-28 16:08:11'),
(117, 'Özv. Oláh Gitta PhD', 'Mészáros-Magyar Nikoletta', 'Prof. László Bendegúz', 'Nyíregyháza', '1962-12-29', 'Kunszentmiklós', 'nő', 13061919, '2025-04-28 16:08:11', '2025-04-28 16:08:11'),
(118, 'Id. Sándor Ernő', 'Szekeres Gizella PhD', 'Id. Pataki Klaudia PhD', 'Budapest', '1995-11-27', 'Dunaújváros', 'nő', 55172830, '2025-04-28 16:08:11', '2025-04-28 16:08:11'),
(119, 'Nagy Barnabás', 'Barna-Hajdu Emőke', 'Szilágyi Richárdné', 'Székesfehérvár', '2003-11-02', 'Nyíregyháza', 'nő', 82667661, '2025-04-28 16:08:11', '2025-04-28 16:08:11'),
(120, 'Török Gitta PhD', 'Prof. Szücs Georgina', 'Gróf Fehérné Gizella', 'Budapest', '2004-08-18', 'Szentgotthárd', 'férfi', 78278437, '2025-04-28 16:08:11', '2025-04-28 16:08:11'),
(121, 'Báró Hegedűs Ádám PhD', 'Orsós Sándor', 'Gróf Dobos Emőke PhD', 'Hódmezővásárhely', '1983-02-13', 'Miskolc', 'férfi', 94309856, '2025-04-28 16:08:11', '2025-04-28 16:08:11'),
(122, 'Török Zétényné', 'Prof. Bálintné Mária', 'Szabó Rebeka', 'Budapest', '1957-08-31', 'Dunaújváros', 'nő', 53477029, '2025-04-28 16:08:11', '2025-04-28 16:08:11'),
(123, 'Prof. Kovács Péter', 'Báró Szabó Balázs PhD', 'Dr. Kerekes István PhD', 'Nyíregyháza', '1938-09-16', 'Budapest', 'férfi', 21658357, '2025-04-28 16:08:11', '2025-04-28 16:08:11'),
(124, 'Csonkáné Juhász Gitta', 'Balog Mátyásné', 'Budai Jázmin', 'Aszód', '1989-04-29', 'Budapest', 'férfi', 56723518, '2025-04-28 16:08:11', '2025-04-28 16:08:11'),
(125, 'Prof. Oláh Georgina PhD', 'Szücs-Kozma Georgina', 'Özv. Juhász Antalné', 'Mátészalka', '1980-12-04', 'Érd', 'nő', 46428253, '2025-04-28 16:08:11', '2025-04-28 16:08:11'),
(126, 'Prof. Borosné Flóra', 'Prof. Juhász Boróka', 'Dr. Szűcs Olívia PhD', 'Budapest', '1963-03-27', 'Budapest', 'férfi', 60587983, '2025-04-28 16:08:11', '2025-04-28 16:08:11'),
(127, 'Dr. Máté István', 'Dr. Péter Ottóné', 'Fazekas Botond', 'Budapest', '1976-12-01', 'Hódmezővásárhely', 'férfi', 89965402, '2025-04-28 16:08:11', '2025-04-28 16:08:11'),
(128, 'Csonkáné Horváth Andrea', 'Bálint Anikó', 'Dr. Barta Boróka PhD', 'Budapest', '1982-12-26', 'Budapest', 'férfi', 48442248, '2025-04-28 16:08:11', '2025-04-28 16:08:11'),
(129, 'Szalai-Tóth Szandra', 'Juhász Szervácné', 'Dr. Halász Dorottya PhD', 'Zalaegerszeg', '1951-01-22', 'Ráckeve', 'férfi', 23186135, '2025-04-28 16:08:11', '2025-04-28 16:08:11'),
(130, 'Dr. Hegedüs Gábor PhD', 'Dr. Lengyel Patrik', 'Jakab Kristóf PhD', 'Budapest', '1990-03-03', 'Kecskemét', 'nő', 76548723, '2025-04-28 16:08:11', '2025-04-28 16:08:11'),
(131, 'Ifj. Tamás Flóra PhD', 'Szőke-Orbán Angéla', 'Dudás Kornél', 'Budapest', '1979-07-04', 'Békéscsaba', 'nő', 12109497, '2025-04-28 16:08:11', '2025-04-28 16:08:11'),
(132, 'Dr. Sándor Henriett', 'Boros-Molnár Katalin', 'Özv. Kis Gabriella PhD', 'Budapest', '1937-12-07', 'Budapest', 'nő', 49687059, '2025-04-28 16:08:11', '2025-04-28 16:08:11'),
(133, 'Gulyás Botond', 'Özv. Varga Márton', 'Dr. Budai Hanga PhD', 'Hódmezővásárhely', '1951-05-28', 'Törökszentmiklós', 'nő', 15316667, '2025-04-28 16:08:11', '2025-04-28 16:08:11'),
(134, 'Prof. Somogyi Katinka PhD', 'Prof. Némethné Kata', 'Dr. Magyar Endrené', 'Pécs', '1972-06-22', 'Budapest', 'nő', 97374283, '2025-04-28 16:08:11', '2025-04-28 16:08:11'),
(135, 'Ifj. Horváthné Valéria', 'Pataki Sándor', 'Dr. Szalai Jenő PhD', 'Budapest', '1961-08-31', 'Budapest', 'nő', 61944150, '2025-04-28 16:08:11', '2025-04-28 16:08:11'),
(136, 'Halász Georgina', 'Kis Hanga PhD', 'Id. Nemes Attiláné', 'Debrecen', '1967-04-11', 'Kiskunmajsa', 'nő', 74365571, '2025-04-28 16:08:11', '2025-04-28 16:08:11'),
(137, 'Antalné Somogyi Izabella', 'Kovács Noelné', 'Jónás Ármin PhD', 'Dunaújváros', '1990-11-23', 'Budapest', 'nő', 60241632, '2025-04-28 16:08:11', '2025-04-28 16:08:11'),
(138, 'Oláh Zoltánné', 'Özv. Tóth Linda PhD', 'Báró Gulyás Henriett PhD', 'Budapest', '2006-08-26', 'Veszprém', 'férfi', 99955607, '2025-04-28 16:08:11', '2025-04-28 16:08:11'),
(139, 'Id. Papp Gitta', 'Dr. Kovács Ernő PhD', 'Szűcs Vince', 'Bóly', '1967-05-20', 'Székesfehérvár', 'férfi', 81038429, '2025-04-28 16:08:11', '2025-04-28 16:08:11'),
(140, 'Veresné Bodnár Kincső', 'Kerekesné Jónás Emőke', 'Kozma Flóra PhD', 'Budapest', '1944-07-06', 'Siklós', 'férfi', 25729157, '2025-04-28 16:08:11', '2025-04-28 16:08:11'),
(141, 'Törökné Pataki Szonja', 'Dr. Farkas Erzsébet', 'Gróf Lengyel Adél PhD', 'Szekszárd', '1963-01-08', 'Eger', 'férfi', 6262421, '2025-04-28 16:08:11', '2025-04-28 16:08:11'),
(142, 'Prof. Székely Rebeka PhD', 'Vörös Emőke', 'Prof. Soós Zsolt PhD', 'Eger', '2004-08-29', 'Budapest', 'férfi', 20856476, '2025-04-28 16:08:11', '2025-04-28 16:08:11'),
(143, 'Özv. Fekete Virág', 'Dr. Pál Áronné', 'Virág Aranka PhD', 'Budapest', '1935-06-09', 'Budapest', 'férfi', 97600257, '2025-04-28 16:08:11', '2025-04-28 16:08:11'),
(144, 'Fábián Patrícia PhD', 'Bognárné Orsós Olívia', 'Jakab Barna', 'Szekszárd', '1964-08-21', 'Budapest', 'férfi', 62207555, '2025-04-28 16:08:11', '2025-04-28 16:08:11'),
(145, 'Gáspár Imre PhD', 'Prof. Antal Hunor', 'Özv. Tóth Lívia', 'Békéscsaba', '1954-12-09', 'Budapest', 'férfi', 26676679, '2025-04-28 16:08:11', '2025-04-28 16:08:11'),
(146, 'Özv. Illésné Dalma', 'Bálint Jánosné', 'Pásztor-Balla Dalma', 'Budapest', '1947-08-26', 'Budapest', 'nő', 83685841, '2025-04-28 16:08:11', '2025-04-28 16:08:11'),
(147, 'Prof. Nemesné Liza', 'Biró-Bálint Kincső', 'Gróf Pap Kevin PhD', 'Budapest', '1999-01-20', 'Kecskemét', 'férfi', 47836667, '2025-04-28 16:08:11', '2025-04-28 16:08:11'),
(148, 'Kozma Erzsébet PhD', 'Szalai Henrietta', 'Prof. Fülöp Julianna PhD', 'Pécs', '1996-08-02', 'Budapest', 'nő', 95723336, '2025-04-28 16:08:11', '2025-04-28 16:08:11'),
(149, 'Boros Virág PhD', 'Gróf Jakab Rebeka PhD', 'Prof. Virág Adél', 'Budapest', '1998-12-22', 'Debrecen', 'nő', 13543735, '2025-04-28 16:08:11', '2025-04-28 16:08:11'),
(150, 'Id. Fülöp Albert', 'Varga Zsomborné', 'Gróf Lakatosné Boglárka', 'Békéscsaba', '1976-11-24', 'Budapest', 'férfi', 70303584, '2025-04-28 16:08:11', '2025-04-28 16:08:11'),
(151, 'Prof. Balla Olívia', 'Özv. Oláhné Mirella', 'Tóth Liza PhD', 'Budapest', '1974-12-31', 'Budapest', 'férfi', 948433, '2025-04-28 16:08:11', '2025-04-28 16:08:11'),
(152, 'Soósné Tóth Gabriella', 'Id. Székely Richárd PhD', 'Prof. Baloghné Adél', 'Tatabánya', '2005-10-02', 'Budapest', 'nő', 72612396, '2025-04-28 16:08:11', '2025-04-28 16:08:11'),
(153, 'Dr. Király Gabriella', 'Báró Szűcs Dorián', 'Gulyás-Vörös Martina', 'Budapest', '2006-12-09', 'Budapest', 'nő', 29083683, '2025-04-28 16:08:11', '2025-04-28 16:08:11'),
(154, 'Bakos Judit PhD', 'Hegedűs Léna', 'Dr. Lukács Noelné', 'Nyíregyháza', '1996-02-02', 'Komló', 'nő', 60174903, '2025-04-28 16:08:11', '2025-04-28 16:08:11'),
(155, 'Ifj. Némethné Beatrix', 'Deák Kristófné', 'Pál Ádám', 'Makó', '1976-06-05', 'Hajdúböszörmény', 'férfi', 13751828, '2025-04-28 16:08:11', '2025-04-28 16:08:11'),
(156, 'Id. Horváth Bencéné', 'Vörös Rudolf', 'Id. Bognár Flóra', 'Budapest', '1976-02-25', 'Budapest', 'nő', 37346257, '2025-04-28 16:08:11', '2025-04-28 16:08:11'),
(157, 'Dr. Horváth Mátyásné', 'Bogdán Zsoltné', 'Dr. Illés Áron PhD', 'Budapest', '1978-01-25', 'Budapest', 'férfi', 47998391, '2025-04-28 16:08:11', '2025-04-28 16:08:11'),
(158, 'Özv. Somogyi Vince PhD', 'Dr. Vörös Kornél', 'Barta Árminné', 'Budapest', '1976-08-19', 'Nyíregyháza', 'férfi', 23317894, '2025-04-28 16:08:11', '2025-04-28 16:08:11'),
(159, 'Pintér Marietta PhD', 'Székelyné Kiss Adél', 'Fábián Botond', 'Budapest', '1993-03-09', 'Miskolc', 'nő', 79633333, '2025-04-28 16:08:11', '2025-04-28 16:08:11'),
(160, 'Molnár Kevinné', 'Rácz Bencéné', 'Dr. Dobos Richárd PhD', 'Szerencs', '1947-01-10', 'Budapest', 'nő', 49818138, '2025-04-28 16:08:11', '2025-04-28 16:08:11'),
(161, 'Bakos Kornél', 'Máténé Kerekes Kincső', 'Kozma Jázmin PhD', 'Keszthely', '1983-10-31', 'Békéscsaba', 'férfi', 57235180, '2025-04-28 16:08:11', '2025-04-28 16:08:11'),
(162, 'Király Géza PhD', 'Király-Kovács Olívia', 'Budai János PhD', 'Budapest', '1991-02-24', 'Budapest', 'nő', 1804658, '2025-04-28 16:08:11', '2025-04-28 16:08:11'),
(163, 'Balogh Noel', 'Özv. Pásztorné Henrietta', 'Szűcs Andrea', 'Budapest', '2000-09-27', 'Budapest', 'nő', 83375603, '2025-04-28 16:08:11', '2025-04-28 16:08:11'),
(164, 'Fodor Botondné', 'Dr. Antal Liza', 'Végh Szervác PhD', 'Kaposvár', '1974-12-29', 'Tata', 'nő', 87668798, '2025-04-28 16:08:11', '2025-04-28 16:08:11'),
(165, 'Farkas Panna PhD', 'Orbán Bencéné', 'Horváth Mátyás', 'Budapest', '1943-08-04', 'Dunaújváros', 'férfi', 96421755, '2025-04-28 16:08:11', '2025-04-28 16:08:11'),
(166, 'Prof. Bálintné Valéria', 'Székely Imre PhD', 'Dr. Fehér Mihály', 'Tatabánya', '1979-09-21', 'Szolnok', 'nő', 57412771, '2025-04-28 16:08:11', '2025-04-28 16:08:11'),
(167, 'Dr. Varga Barnabás', 'Pataki-Lengyel Léna', 'Prof. László Jenő', 'Kaposvár', '1964-01-30', 'Budapest', 'nő', 17712700, '2025-04-28 16:08:11', '2025-04-28 16:08:11'),
(168, 'Gulyás-Orbán Bettina', 'Varga Katalin', 'Dr. Orosz Beatrix PhD', 'Budapest', '1941-11-03', 'Győr', 'nő', 21192527, '2025-04-28 16:08:11', '2025-04-28 16:08:11'),
(169, 'Novák-Szekeres Mária', 'Dr. Hegedüs Liza PhD', 'Orosz Sándor PhD', 'Pécs', '1967-05-01', 'Budapest', 'nő', 47620476, '2025-04-28 16:08:11', '2025-04-28 16:08:11'),
(170, 'Özv. Fehér Boglárka', 'Papp-Vass Alexa', 'Pál Balázsné', 'Budapest', '1973-11-07', 'Nagykanizsa', 'férfi', 46928460, '2025-04-28 16:08:11', '2025-04-28 16:08:11'),
(171, 'Nemes Boróka', 'Prof. Pataki Istvánné', 'Prof. Oláh Johanna PhD', 'Ráckeve', '1988-01-10', 'Nyíregyháza', 'férfi', 76990395, '2025-04-28 16:08:11', '2025-04-28 16:08:11'),
(172, 'Király Maja PhD', 'Dr. Fekete Katinka', 'Dr. Szalai Marietta', 'Budapest', '1980-10-12', 'Budapest', 'férfi', 32041214, '2025-04-28 16:08:11', '2025-04-28 16:08:11'),
(173, 'Oláh Kristóf', 'Máténé Balogh Panna', 'Boros Csenge', 'Pécs', '1977-07-01', 'Székesfehérvár', 'nő', 85722794, '2025-04-28 16:08:11', '2025-04-28 16:08:11'),
(174, 'Szilágyi Johanna', 'Prof. Kis Dorián', 'Id. Pásztorné Marianna', 'Budapest', '1937-03-12', 'Budapest', 'férfi', 28494076, '2025-04-28 16:08:11', '2025-04-28 16:08:11'),
(175, 'Gróf Szekeresné Soma', 'Pál Sándor', 'Prof. Papp Kíra', 'Budapest', '1961-12-05', 'Tatabánya', 'nő', 76966659, '2025-04-28 16:08:11', '2025-04-28 16:08:11'),
(176, 'László Milán PhD', 'Gál Vince PhD', 'Királyné Székely Izabella', 'Kaposvár', '1987-03-02', 'Nagykanizsa', 'nő', 94419902, '2025-04-28 16:08:11', '2025-04-28 16:08:11'),
(177, 'Csonkáné Budai Georgina', 'Özv. Major Ernő', 'Özv. Simon Szervácné', 'Budapest', '1970-05-26', 'Érd', 'férfi', 50294534, '2025-04-28 16:08:11', '2025-04-28 16:08:11'),
(178, 'Végh-Kelemen Mia', 'Báró Király Míra', 'Prof. Rácz Fanni PhD', 'Budapest', '1986-11-21', 'Cigánd', 'férfi', 81209821, '2025-04-28 16:08:11', '2025-04-28 16:08:11'),
(179, 'Özv. Rácz Zoltánné', 'Lengyel-Gáspár Georgina', 'Báró Szűcs Dorián', 'Orosháza', '1936-12-04', 'Miskolc', 'férfi', 77914951, '2025-04-28 16:08:11', '2025-04-28 16:08:11'),
(180, 'Kozma Maja', 'Prof. Balázs János', 'Dr. Budai Kata', 'Budapest', '1943-03-29', 'Sátoraljaújhely', 'nő', 39224246, '2025-04-28 16:08:11', '2025-04-28 16:08:11'),
(181, 'Boros Noel PhD', 'Prof. Kissné Patrícia', 'Özv. Budai Vilmos PhD', 'Budapest', '1991-10-02', 'Budapest', 'férfi', 45012106, '2025-04-28 16:08:11', '2025-04-28 16:08:11'),
(182, 'Hajdúné Bálint Mária', 'Molnár Soma', 'Barta Kata', 'Budapest', '1983-09-22', 'Budapest', 'nő', 47168806, '2025-04-28 16:08:11', '2025-04-28 16:08:11'),
(183, 'László-Végh Izabella', 'Csonka-Bodnár Szandra', 'Id. Lukács Bettina', 'Martonvásár', '1983-10-07', 'Szentgotthárd', 'nő', 46462919, '2025-04-28 16:08:11', '2025-04-28 16:08:11'),
(184, 'Virágné Major Kata', 'Hegedüs Botondné', 'Fehér-Lakatos Csenge', 'Budapest', '1951-07-20', 'Békéscsaba', 'nő', 98256211, '2025-04-28 16:08:11', '2025-04-28 16:08:11'),
(185, 'Lakatos Attila', 'Dr. Bálint Ármin', 'Bakos Endre', 'Budapest', '1958-12-17', 'Budapest', 'férfi', 82927603, '2025-04-28 16:08:11', '2025-04-28 16:08:11'),
(186, 'Sipos Márton', 'Dr. Veres Hunorné', 'Özv. Kerekesné Gabriella', 'Budapest', '1959-04-06', 'Budapest', 'férfi', 96918084, '2025-04-28 16:08:11', '2025-04-28 16:08:11'),
(187, 'Gáspár Balázs PhD', 'Illés Johanna', 'Lukács Albertné', 'Budapest', '1955-01-26', 'Dunaújváros', 'férfi', 69404854, '2025-04-28 16:08:11', '2025-04-28 16:08:11'),
(188, 'Máté-Kis Liza', 'Soós Vince', 'Illés Olívia', 'Dunaújváros', '1996-05-03', 'Szeged', 'férfi', 15484289, '2025-04-28 16:08:11', '2025-04-28 16:08:11'),
(189, 'Özv. Bodnár Zsóka PhD', 'Bálint Dorottya PhD', 'Dr. Török Liliána PhD', 'Budapest', '1975-04-06', 'Budapest', 'férfi', 5255661, '2025-04-28 16:08:11', '2025-04-28 16:08:11'),
(190, 'Özv. Antalné Gabriella', 'Papp Valéria PhD', 'Dr. Máté Szandra PhD', 'Pécs', '1947-02-08', 'Debrecen', 'férfi', 13103011, '2025-04-28 16:08:11', '2025-04-28 16:08:11'),
(191, 'Balla Adél PhD', 'Dr. Vass Rebeka', 'Dr. Jónás Szabina', 'Budapest', '1953-06-11', 'Kaposvár', 'nő', 94205756, '2025-04-28 16:08:11', '2025-04-28 16:08:11'),
(192, 'Gróf Bognár Katinka PhD', 'Németh Albert PhD', 'Özv. Fekete Imréné', 'Debrecen', '1979-11-06', 'Budapest', 'férfi', 84928394, '2025-04-28 16:08:11', '2025-04-28 16:08:11'),
(193, 'Id. Székely Patrik PhD', 'Pál Bence PhD', 'Özv. Illés Hunorné', 'Nagykanizsa', '1946-03-12', 'Nyíregyháza', 'férfi', 97173438, '2025-04-28 16:08:11', '2025-04-28 16:08:11'),
(194, 'Gróf Kisné Kíra', 'Papp Erzsébet PhD', 'Prof. László Adél', 'Sopron', '2004-07-10', 'Szombathely', 'férfi', 22241711, '2025-04-28 16:08:11', '2025-04-28 16:08:11'),
(195, 'Nemes Katalin PhD', 'Molnárné Bakos Adél', 'Prof. Hegedüs Mihály PhD', 'Budapest', '1955-03-02', 'Budapest', 'nő', 56516854, '2025-04-28 16:08:11', '2025-04-28 16:08:11'),
(196, 'Dr. Varga Henriett PhD', 'Id. Illésné Zsóka', 'Kozma Márton', 'Debrecen', '1996-12-08', 'Budapest', 'férfi', 98471695, '2025-04-28 16:08:11', '2025-04-28 16:08:11'),
(197, 'Prof. Horváth László', 'Ifj. Virág Gréta', 'Id. Takács Olivér PhD', 'Encs', '2007-04-24', 'Szombathely', 'nő', 71119476, '2025-04-28 16:08:11', '2025-04-28 16:08:11'),
(198, 'Pál-Orbán Milla', 'Tamás Judit PhD', 'Jakab Alexa', 'Budapest', '1997-04-18', 'Székesfehérvár', 'nő', 3212946, '2025-04-28 16:08:11', '2025-04-28 16:08:11'),
(199, 'Özv. Simon Bencéné', 'Báró Bálint Kristófné', 'Dr. Pásztor Ármin', 'Budapest', '1981-09-23', 'Nagykanizsa', 'nő', 16143881, '2025-04-28 16:08:11', '2025-04-28 16:08:11'),
(200, 'Barna Ármin PhD', 'Veres Zoltánné', 'Nagy Szervác', 'Eger', '1954-08-14', 'Budapest', 'nő', 73961613, '2025-04-28 16:08:11', '2025-04-28 16:08:11');

-- --------------------------------------------------------

--
-- Tábla szerkezet ehhez a táblához `ugyfel_tipuses`
--

CREATE TABLE `ugyfel_tipuses` (
  `ugyfel_tipus_id` bigint(20) UNSIGNED NOT NULL,
  `ugyfel_fotipus` bigint(20) UNSIGNED DEFAULT NULL,
  `elnevezes` varchar(255) NOT NULL,
  `created_at` timestamp NULL DEFAULT NULL,
  `updated_at` timestamp NULL DEFAULT NULL
) ENGINE=InnoDB DEFAULT CHARSET=utf8mb4 COLLATE=utf8mb4_unicode_ci;

--
-- A tábla adatainak kiíratása `ugyfel_tipuses`
--

INSERT INTO `ugyfel_tipuses` (`ugyfel_tipus_id`, `ugyfel_fotipus`, `elnevezes`, `created_at`, `updated_at`) VALUES
(1, NULL, 'fogvatartott', NULL, NULL),
(2, 1, 'fogvatartott', NULL, NULL),
(3, 1, 'szabadult', NULL, NULL),
(4, 1, 'reintegrációs őrizetes', NULL, NULL),
(5, NULL, 'kapcsolattartó', NULL, NULL),
(6, 5, 'kapcsolattartó', NULL, NULL),
(7, 5, 'hozzátartozó', NULL, NULL),
(8, NULL, 'közösségi foglalkoztató ügyfél', NULL, NULL),
(9, 8, 'pártfogó felügyelet elrendelésével, feltételes szabadságra bocsátott elítélt ', NULL, NULL),
(10, 8, 'reintegrációs őrizetbe helyezett elítélt', NULL, NULL),
(11, 8, 'társadalmi kötődés programba helyezett elítélt', NULL, NULL),
(12, 8, 'EFOP/KMR szabadult ügyfél', NULL, NULL),
(13, 8, 'EFOP/KMR ügyfél hozzátartozó', NULL, NULL),
(14, 8, 'bv. intézeti jogviszonnyal rendelkezők hozzátartozói', NULL, NULL),
(15, 8, 'büntetését kitöltve szabadult', NULL, NULL);

-- --------------------------------------------------------

--
-- Tábla szerkezet ehhez a táblához `ugyfel_tipusok_dokumentumai`
--

CREATE TABLE `ugyfel_tipusok_dokumentumai` (
  `id` bigint(20) UNSIGNED NOT NULL,
  `ugyfel_tipus_id` bigint(20) UNSIGNED NOT NULL,
  `dokumentum_tipus_id` bigint(20) UNSIGNED NOT NULL,
  `created_at` timestamp NULL DEFAULT NULL,
  `updated_at` timestamp NULL DEFAULT NULL
) ENGINE=InnoDB DEFAULT CHARSET=utf8mb4 COLLATE=utf8mb4_unicode_ci;

--
-- A tábla adatainak kiíratása `ugyfel_tipusok_dokumentumai`
--

INSERT INTO `ugyfel_tipusok_dokumentumai` (`id`, `ugyfel_tipus_id`, `dokumentum_tipus_id`, `created_at`, `updated_at`) VALUES
(1, 2, 1, NULL, NULL),
(2, 2, 2, NULL, NULL),
(3, 2, 3, NULL, NULL),
(4, 2, 4, NULL, NULL),
(5, 2, 5, NULL, NULL),
(6, 2, 6, NULL, NULL),
(7, 2, 7, NULL, NULL),
(8, 2, 8, NULL, NULL),
(9, 3, 3, NULL, NULL),
(10, 3, 4, NULL, NULL),
(11, 3, 5, NULL, NULL),
(12, 3, 8, NULL, NULL),
(13, 4, 3, NULL, NULL),
(14, 4, 4, NULL, NULL),
(15, 4, 5, NULL, NULL),
(16, 4, 8, NULL, NULL),
(17, 6, 9, NULL, NULL),
(18, 6, 10, NULL, NULL),
(19, 6, 11, NULL, NULL),
(20, 7, 9, NULL, NULL),
(21, 7, 10, NULL, NULL),
(22, 7, 11, NULL, NULL),
(23, 9, 12, NULL, NULL),
(24, 9, 13, NULL, NULL),
(25, 9, 14, NULL, NULL),
(26, 9, 8, NULL, NULL),
(27, 10, 12, NULL, NULL),
(28, 10, 13, NULL, NULL),
(29, 10, 14, NULL, NULL),
(30, 10, 8, NULL, NULL),
(31, 11, 12, NULL, NULL),
(32, 11, 13, NULL, NULL),
(33, 11, 14, NULL, NULL),
(34, 11, 8, NULL, NULL),
(35, 12, 12, NULL, NULL),
(36, 12, 13, NULL, NULL),
(37, 12, 14, NULL, NULL),
(38, 13, 12, NULL, NULL),
(39, 13, 13, NULL, NULL),
(40, 13, 14, NULL, NULL),
(41, 14, 12, NULL, NULL),
(42, 14, 13, NULL, NULL),
(43, 14, 14, NULL, NULL),
(44, 15, 12, NULL, NULL),
(45, 15, 13, NULL, NULL),
(46, 15, 14, NULL, NULL);

-- --------------------------------------------------------

--
-- Tábla szerkezet ehhez a táblához `users`
--

CREATE TABLE `users` (
  `id` bigint(20) UNSIGNED NOT NULL,
  `name` varchar(255) NOT NULL,
  `email` varchar(255) NOT NULL,
  `role` tinyint(4) NOT NULL DEFAULT 2,
  `email_verified_at` timestamp NULL DEFAULT NULL,
  `password` varchar(255) NOT NULL,
  `remember_token` varchar(100) DEFAULT NULL,
  `created_at` timestamp NULL DEFAULT NULL,
  `updated_at` timestamp NULL DEFAULT NULL
) ENGINE=InnoDB DEFAULT CHARSET=utf8mb4 COLLATE=utf8mb4_unicode_ci;

--
-- A tábla adatainak kiíratása `users`
--

INSERT INTO `users` (`id`, `name`, `email`, `role`, `email_verified_at`, `password`, `remember_token`, `created_at`, `updated_at`) VALUES
(1, 'SzuperAdmin', 'superadmin@example.com', 0, '2025-04-28 16:08:11', '$2y$12$nsM1C3BN1PLHDFSdsQGdY.Ln0vpZ4ULXWmlxlk8D.YszeoHRojPni', 'BXrWnNwbAd', '2025-04-28 16:08:12', '2025-04-28 16:08:12'),
(2, 'Test Stat', 'teststat@example.com', 2, '2025-04-28 16:08:12', '$2y$12$PXIgjAhq4pYCMoRGu/4mveJmwRXLR9ITx1wHhO1k9ETfpTYS1Kxu2', 'j6A0SyKaAp', '2025-04-28 16:08:12', '2025-04-28 16:08:12'),
(3, 'Test Doku', 'testdoku@example.com', 1, '2025-04-28 16:08:12', '$2y$12$/0Ogj3Tz4iK8f4TqKQX8KesJMLyOvz/mgWQaFASNXDQjAmkda33OS', 'aZ4k3Z9vBw', '2025-04-28 16:08:12', '2025-04-28 16:08:12'),
(4, 'Test Admin', 'testadmin@example.com', 0, '2025-04-28 16:08:13', '$2y$12$8aNz3ESKethb7otKwow4B.WcKQH.U3Ua2gzOSECefqba6ysgS51lS', 'txHTypwZUO', '2025-04-28 16:08:13', '2025-04-28 16:08:13'),
(5, 'Test Megszünt', 'testmegszunt@example.com', 3, '2025-04-28 16:08:13', '$2y$12$o8tQ6F4k1oFDg.HFC2094e4O6.JUXAS1ESrHczAPFfUZnGo1dUjwK', 'dcy1me1jfr', '2025-04-28 16:08:13', '2025-04-28 16:08:13'),
(6, 'Miss Velva Mosciski IV', 'paucek.lilla@example.com', 2, '2025-04-28 16:08:13', '$2y$12$oJ2m9eFtW6G9yh/ceNz9a.jkAoFYXsFDokTZblg2rhCSk30Gmf2TG', '7Nh7Xb5e6V', '2025-04-28 16:08:13', '2025-04-28 16:08:13'),
(7, 'Prof. Baron Halvorson Sr.', 'woconnell@example.org', 2, '2025-04-28 16:08:13', '$2y$12$oJ2m9eFtW6G9yh/ceNz9a.jkAoFYXsFDokTZblg2rhCSk30Gmf2TG', 'lUMrUlGprd', '2025-04-28 16:08:13', '2025-04-28 16:08:13'),
(8, 'Gerard Keebler', 'jerry.thiel@example.net', 2, '2025-04-28 16:08:13', '$2y$12$oJ2m9eFtW6G9yh/ceNz9a.jkAoFYXsFDokTZblg2rhCSk30Gmf2TG', 'PWYZNoesFQ', '2025-04-28 16:08:13', '2025-04-28 16:08:13'),
(9, 'Tess Koch', 'brielle58@example.com', 2, '2025-04-28 16:08:13', '$2y$12$oJ2m9eFtW6G9yh/ceNz9a.jkAoFYXsFDokTZblg2rhCSk30Gmf2TG', 'jaQyZxw2zE', '2025-04-28 16:08:13', '2025-04-28 16:08:13'),
(10, 'Dr. Kale Bruen', 'delmer33@example.com', 2, '2025-04-28 16:08:13', '$2y$12$oJ2m9eFtW6G9yh/ceNz9a.jkAoFYXsFDokTZblg2rhCSk30Gmf2TG', 'O987KomoHt', '2025-04-28 16:08:13', '2025-04-28 16:08:13'),
(11, 'Damaris Dibbert', 'kiera22@example.com', 2, '2025-04-28 16:08:13', '$2y$12$oJ2m9eFtW6G9yh/ceNz9a.jkAoFYXsFDokTZblg2rhCSk30Gmf2TG', '43NS6EbWch', '2025-04-28 16:08:13', '2025-04-28 16:08:13'),
(12, 'Lera Turner', 'pkerluke@example.org', 2, '2025-04-28 16:08:13', '$2y$12$oJ2m9eFtW6G9yh/ceNz9a.jkAoFYXsFDokTZblg2rhCSk30Gmf2TG', 'eH7Iiqpn3L', '2025-04-28 16:08:13', '2025-04-28 16:08:13'),
(13, 'Mr. Fernando Kessler', 'taryn50@example.net', 2, '2025-04-28 16:08:13', '$2y$12$oJ2m9eFtW6G9yh/ceNz9a.jkAoFYXsFDokTZblg2rhCSk30Gmf2TG', '1MoL5RmfxM', '2025-04-28 16:08:13', '2025-04-28 16:08:13'),
(14, 'Destini Hills', 'pfunk@example.com', 2, '2025-04-28 16:08:13', '$2y$12$oJ2m9eFtW6G9yh/ceNz9a.jkAoFYXsFDokTZblg2rhCSk30Gmf2TG', 'OwjLVXLyfq', '2025-04-28 16:08:13', '2025-04-28 16:08:13'),
(15, 'Hallie Jenkins', 'hunter.runte@example.com', 2, '2025-04-28 16:08:13', '$2y$12$oJ2m9eFtW6G9yh/ceNz9a.jkAoFYXsFDokTZblg2rhCSk30Gmf2TG', 'bBWuq0rYpg', '2025-04-28 16:08:13', '2025-04-28 16:08:13');

--
-- Indexek a kiírt táblákhoz
--

--
-- A tábla indexei `dokumentumoks`
--
ALTER TABLE `dokumentumoks`
  ADD PRIMARY KEY (`dokumentumok_id`),
  ADD KEY `dokumentumoks_megvalositasi_helyszin_id_foreign` (`megvalositasi_helyszin_id`),
  ADD KEY `dokumentumoks_elszamolas_id_foreign` (`elszamolas_id`),
  ADD KEY `dokumentumoks_dokumentum_tipus_id_foreign` (`dokumentum_tipus_id`);

--
-- A tábla indexei `dokumentum_tipuses`
--
ALTER TABLE `dokumentum_tipuses`
  ADD PRIMARY KEY (`dokumentum_tipus_id`),
  ADD UNIQUE KEY `dokumentum_tipuses_dokumentum_neve_unique` (`dokumentum_neve`),
  ADD KEY `dokumentum_tipuses_elszamolas_tipus_id_foreign` (`elszamolas_tipus_id`);

--
-- A tábla indexei `elszamolas`
--
ALTER TABLE `elszamolas`
  ADD PRIMARY KEY (`elszamolas_id`),
  ADD KEY `elszamolas_megvalositasi_helyszin_id_foreign` (`megvalositasi_helyszin_id`),
  ADD KEY `elszamolas_ugyfel_id_foreign` (`ugyfel_id`),
  ADD KEY `elszamolas_elszamolas_tipus_id_foreign` (`elszamolas_tipus_id`),
  ADD KEY `elszamolas_ugyfel_tipus_id_foreign` (`ugyfel_tipus_id`);

--
-- A tábla indexei `elszamolas_tipuses`
--
ALTER TABLE `elszamolas_tipuses`
  ADD PRIMARY KEY (`elszamolas_tipus_id`),
  ADD UNIQUE KEY `elszamolas_tipuses_elszamolas_elnevezese_unique` (`elszamolas_elnevezese`);

--
-- A tábla indexei `failed_jobs`
--
ALTER TABLE `failed_jobs`
  ADD PRIMARY KEY (`id`),
  ADD UNIQUE KEY `failed_jobs_uuid_unique` (`uuid`);

--
-- A tábla indexei `megvalositasi_helyszins`
--
ALTER TABLE `megvalositasi_helyszins`
  ADD PRIMARY KEY (`megvalositasi_helyszin_id`),
  ADD KEY `megvalositasi_helyszins_intezet_foreign` (`intezet`);

--
-- A tábla indexei `migrations`
--
ALTER TABLE `migrations`
  ADD PRIMARY KEY (`id`);

--
-- A tábla indexei `password_reset_tokens`
--
ALTER TABLE `password_reset_tokens`
  ADD PRIMARY KEY (`email`);

--
-- A tábla indexei `personal_access_tokens`
--
ALTER TABLE `personal_access_tokens`
  ADD PRIMARY KEY (`id`),
  ADD UNIQUE KEY `personal_access_tokens_token_unique` (`token`),
  ADD KEY `personal_access_tokens_tokenable_type_tokenable_id_index` (`tokenable_type`,`tokenable_id`);

--
-- A tábla indexei `ugyfels`
--
ALTER TABLE `ugyfels`
  ADD PRIMARY KEY (`ugyfel_id`),
  ADD UNIQUE KEY `unique_szuletesi_nev_anyja_neve` (`szuletesi_nev`,`anyja_neve`,`szuletesi_hely`,`szuletesi_ido`);

--
-- A tábla indexei `ugyfel_tipuses`
--
ALTER TABLE `ugyfel_tipuses`
  ADD PRIMARY KEY (`ugyfel_tipus_id`),
  ADD KEY `ugyfel_tipuses_ugyfel_fotipus_foreign` (`ugyfel_fotipus`);

--
-- A tábla indexei `ugyfel_tipusok_dokumentumai`
--
ALTER TABLE `ugyfel_tipusok_dokumentumai`
  ADD PRIMARY KEY (`id`),
  ADD KEY `ugyfel_tipusok_dokumentumai_ugyfel_tipus_id_foreign` (`ugyfel_tipus_id`),
  ADD KEY `ugyfel_tipusok_dokumentumai_dokumentum_tipus_id_foreign` (`dokumentum_tipus_id`);

--
-- A tábla indexei `users`
--
ALTER TABLE `users`
  ADD PRIMARY KEY (`id`),
  ADD UNIQUE KEY `users_email_unique` (`email`);

--
-- A kiírt táblák AUTO_INCREMENT értéke
--

--
-- AUTO_INCREMENT a táblához `dokumentumoks`
--
ALTER TABLE `dokumentumoks`
  MODIFY `dokumentumok_id` bigint(20) UNSIGNED NOT NULL AUTO_INCREMENT;

--
-- AUTO_INCREMENT a táblához `dokumentum_tipuses`
--
ALTER TABLE `dokumentum_tipuses`
  MODIFY `dokumentum_tipus_id` bigint(20) UNSIGNED NOT NULL AUTO_INCREMENT, AUTO_INCREMENT=15;

--
-- AUTO_INCREMENT a táblához `elszamolas`
--
ALTER TABLE `elszamolas`
  MODIFY `elszamolas_id` bigint(20) UNSIGNED NOT NULL AUTO_INCREMENT;

--
-- AUTO_INCREMENT a táblához `elszamolas_tipuses`
--
ALTER TABLE `elszamolas_tipuses`
  MODIFY `elszamolas_tipus_id` bigint(20) UNSIGNED NOT NULL AUTO_INCREMENT, AUTO_INCREMENT=5;

--
-- AUTO_INCREMENT a táblához `failed_jobs`
--
ALTER TABLE `failed_jobs`
  MODIFY `id` bigint(20) UNSIGNED NOT NULL AUTO_INCREMENT;

--
-- AUTO_INCREMENT a táblához `megvalositasi_helyszins`
--
ALTER TABLE `megvalositasi_helyszins`
  MODIFY `megvalositasi_helyszin_id` bigint(20) UNSIGNED NOT NULL AUTO_INCREMENT, AUTO_INCREMENT=53;

--
-- AUTO_INCREMENT a táblához `migrations`
--
ALTER TABLE `migrations`
  MODIFY `id` int(10) UNSIGNED NOT NULL AUTO_INCREMENT, AUTO_INCREMENT=13;

--
-- AUTO_INCREMENT a táblához `personal_access_tokens`
--
ALTER TABLE `personal_access_tokens`
  MODIFY `id` bigint(20) UNSIGNED NOT NULL AUTO_INCREMENT;

--
-- AUTO_INCREMENT a táblához `ugyfels`
--
ALTER TABLE `ugyfels`
  MODIFY `ugyfel_id` bigint(20) UNSIGNED NOT NULL AUTO_INCREMENT;

--
-- AUTO_INCREMENT a táblához `ugyfel_tipuses`
--
ALTER TABLE `ugyfel_tipuses`
  MODIFY `ugyfel_tipus_id` bigint(20) UNSIGNED NOT NULL AUTO_INCREMENT, AUTO_INCREMENT=16;

--
-- AUTO_INCREMENT a táblához `ugyfel_tipusok_dokumentumai`
--
ALTER TABLE `ugyfel_tipusok_dokumentumai`
  MODIFY `id` bigint(20) UNSIGNED NOT NULL AUTO_INCREMENT, AUTO_INCREMENT=47;

--
-- AUTO_INCREMENT a táblához `users`
--
ALTER TABLE `users`
  MODIFY `id` bigint(20) UNSIGNED NOT NULL AUTO_INCREMENT, AUTO_INCREMENT=16;

--
-- Megkötések a kiírt táblákhoz
--

--
-- Megkötések a táblához `dokumentumoks`
--
ALTER TABLE `dokumentumoks`
  ADD CONSTRAINT `dokumentumoks_dokumentum_tipus_id_foreign` FOREIGN KEY (`dokumentum_tipus_id`) REFERENCES `dokumentum_tipuses` (`dokumentum_tipus_id`),
  ADD CONSTRAINT `dokumentumoks_elszamolas_id_foreign` FOREIGN KEY (`elszamolas_id`) REFERENCES `elszamolas` (`elszamolas_id`),
  ADD CONSTRAINT `dokumentumoks_megvalositasi_helyszin_id_foreign` FOREIGN KEY (`megvalositasi_helyszin_id`) REFERENCES `megvalositasi_helyszins` (`megvalositasi_helyszin_id`);

--
-- Megkötések a táblához `dokumentum_tipuses`
--
ALTER TABLE `dokumentum_tipuses`
  ADD CONSTRAINT `dokumentum_tipuses_elszamolas_tipus_id_foreign` FOREIGN KEY (`elszamolas_tipus_id`) REFERENCES `elszamolas_tipuses` (`elszamolas_tipus_id`);

--
-- Megkötések a táblához `elszamolas`
--
ALTER TABLE `elszamolas`
  ADD CONSTRAINT `elszamolas_elszamolas_tipus_id_foreign` FOREIGN KEY (`elszamolas_tipus_id`) REFERENCES `elszamolas_tipuses` (`elszamolas_tipus_id`),
  ADD CONSTRAINT `elszamolas_megvalositasi_helyszin_id_foreign` FOREIGN KEY (`megvalositasi_helyszin_id`) REFERENCES `megvalositasi_helyszins` (`megvalositasi_helyszin_id`),
  ADD CONSTRAINT `elszamolas_ugyfel_id_foreign` FOREIGN KEY (`ugyfel_id`) REFERENCES `ugyfels` (`ugyfel_id`),
  ADD CONSTRAINT `elszamolas_ugyfel_tipus_id_foreign` FOREIGN KEY (`ugyfel_tipus_id`) REFERENCES `ugyfel_tipuses` (`ugyfel_tipus_id`);

--
-- Megkötések a táblához `megvalositasi_helyszins`
--
ALTER TABLE `megvalositasi_helyszins`
  ADD CONSTRAINT `megvalositasi_helyszins_intezet_foreign` FOREIGN KEY (`intezet`) REFERENCES `megvalositasi_helyszins` (`megvalositasi_helyszin_id`);

--
-- Megkötések a táblához `ugyfel_tipuses`
--
ALTER TABLE `ugyfel_tipuses`
  ADD CONSTRAINT `ugyfel_tipuses_ugyfel_fotipus_foreign` FOREIGN KEY (`ugyfel_fotipus`) REFERENCES `ugyfel_tipuses` (`ugyfel_tipus_id`);

--
-- Megkötések a táblához `ugyfel_tipusok_dokumentumai`
--
ALTER TABLE `ugyfel_tipusok_dokumentumai`
  ADD CONSTRAINT `ugyfel_tipusok_dokumentumai_dokumentum_tipus_id_foreign` FOREIGN KEY (`dokumentum_tipus_id`) REFERENCES `dokumentum_tipuses` (`dokumentum_tipus_id`),
  ADD CONSTRAINT `ugyfel_tipusok_dokumentumai_ugyfel_tipus_id_foreign` FOREIGN KEY (`ugyfel_tipus_id`) REFERENCES `ugyfel_tipuses` (`ugyfel_tipus_id`);
COMMIT;

/*!40101 SET CHARACTER_SET_CLIENT=@OLD_CHARACTER_SET_CLIENT */;
/*!40101 SET CHARACTER_SET_RESULTS=@OLD_CHARACTER_SET_RESULTS */;
/*!40101 SET COLLATION_CONNECTION=@OLD_COLLATION_CONNECTION */;
